,0
C3__vmd5__Hurst_Exponent,0.00588351781626762
Cz__ewt2__Spectral_Flatness,0.004463474097879503
F3__vmd5__Hjorth_Complexity,0.00368053306214327
P7__emd4__Hurst_Exponent,0.003626746562662435
T7__vmd4__Spectral_Flatness,0.002772314597011904
O1__ewt3__Renyi_Entropy,0.0026047935882362147
P7__ewt5__Std,0.0024778051112082197
F7__ewt1__Spectral_Flatness,0.0024587936067565603
F3__ewt5__Renyi_Entropy,0.002415744499970006
C4__ewt6__Spectral_Flatness,0.0023721791149041264
Pz__vmd6__Higuchi_FD,0.0023358308168005175
T7__vmd6__Hurst_Exponent,0.0023215730387864766
T7__ewt6__Spectral_Flatness,0.0022851328615213387
P7__emd4__Permutation_Entropy,0.002264690694794948
P4__vmd4__Log_Entropy,0.00216700630972682
P7__ewt5__Q3,0.002155642988094971
Cz__emd6__Spectral_Flatness,0.002087656550992227
Cz__ewt6__Spectral_Flatness,0.0020613173013945244
F8__vmd3__Spectral_Flatness,0.0020595268213011203
F4__vmd6__Hjorth_Mobility,0.0020576447457247363
Fp1__vmd1__Log_Entropy,0.002029094044026365
Cz__emd6__Hjorth_Mobility,0.0020281174149948253
C4__ewt1__Spectral_Flatness,0.002013916650381833
O1__emd6__Hjorth_Activity,0.0019757317673923286
O2__vmd2__Spectral_Flatness,0.001882764651255903
Fz__ewt6__Hurst_Exponent,0.0018201339749300217
C3__ewt2__IQR,0.0018189034855245166
P7__emd6__Std,0.0018047132017792642
F4__vmd2__Shannon_Entropy,0.0017785407513125993
T7__ewt5__Q3,0.0017737727263146628
F8__ewt1__Median,0.0017716997997186796
Cz__emd5__Q2,0.001749230955043802
F3__vmd5__Spectral_Flatness,0.001745645658689137
P4__ewt6__Spectral_Flatness,0.0017319995928695335
Pz__vmd6__Hjorth_Mobility,0.001683082831727333
F4__emd2__Log_Entropy,0.0016813626162017386
T7__original__Mean,0.001671008860806903
Fp2__emd2__IQR,0.0015953673777220965
Cz__emd1__Hjorth_Activity,0.0015772693644498874
O1__vmd5__Hjorth_Mobility,0.0015617818988107237
F3__emd6__Hjorth_Activity,0.0015556050814090699
Fp2__emd1__Hjorth_Activity,0.0015535175816539428
P3__ewt5__Renyi_Entropy,0.0015521712608762973
Cz__ewt4__Hjorth_Complexity,0.0015426356350055248
Fp2__emd2__Q1,0.0015361069301489106
P3__original__Hurst_Exponent,0.0015081807343702916
Fz__emd1__Log_Entropy,0.0015055647085290948
C3__original__Spectral_Flatness,0.0014995423074201763
F4__ewt6__Hjorth_Mobility,0.001478560373560252
Pz__emd6__Q1,0.0014668835411328828
Fp2__ewt6__Permutation_Entropy,0.0014618679916755496
F3__emd3__Hurst_Exponent,0.001460932500861902
P7__original__Q3,0.0014585272477957774
Pz__ewt4__Q1,0.0014472840762999688
Pz__emd4__Spectral_Flatness,0.0014295818145776472
C3__vmd4__Hurst_Exponent,0.0014229237170669065
O2__ewt1__Median,0.00141636450209785
P7__ewt6__RMS,0.0014014907775560972
F8__ewt5__Renyi_Entropy,0.0013880354037473068
Pz__emd4__Permutation_Entropy,0.0013696867520162366
F7__vmd3__Tsallis_Entropy,0.0013693867366679554
Cz__emd1__Std,0.0013631860405912603
Pz__emd6__Q3,0.001361470596273028
P7__vmd4__Median,0.0013608798319158294
P7__emd6__Q3,0.0013589442406589194
O1__original__Tsallis_Entropy,0.0013392903432857045
C4__emd1__Log_Entropy,0.001338115745913009
F4__vmd6__Hjorth_Complexity,0.001336874408159044
F4__emd3__Log_Entropy,0.0013252495786023586
F8__ewt6__Q2,0.0013077750810068132
T8__vmd1__Spectral_Flatness,0.0013054611551386324
F7__emd1__Log_Entropy,0.001302594270119167
P8__emd6__Max,0.0012942122672948814
Cz__emd1__RMS,0.0012851081231965975
F8__vmd4__Renyi_Entropy,0.0012847844094902917
F7__vmd6__Spectral_Flatness,0.0012815126050420168
T7__emd5__RMS,0.00126663045602429
T7__vmd5__Hjorth_Mobility,0.0012604727411463412
P7__ewt5__RMS,0.0012541862271686572
Pz__ewt4__Hurst_Exponent,0.0012540379707367015
Fp2__vmd2__Log_Entropy,0.0012510813239589873
C4__emd2__Log_Entropy,0.0012479577285942364
F3__vmd5__Hjorth_Mobility,0.001235636616550832
C3__ewt2__Q3,0.0012346380260693018
Pz__original__Hurst_Exponent,0.0012344538693907477
O1__emd5__Q3,0.0012333225725709035
F8__original__Spectral_Flatness,0.001224881449877332
O2__vmd6__Higuchi_FD,0.0012160359592770411
F3__vmd2__Shannon_Entropy,0.001209693381681156
Pz__original__Higuchi_FD,0.0012025095901174274
T7__vmd6__Hjorth_Mobility,0.001201762848938098
F3__ewt2__Min,0.0011976576122944645
Fz__original__Tsallis_Entropy,0.001189653387971579
F3__vmd4__Hurst_Exponent,0.001175604152417335
Fp1__emd2__IQR,0.001173431699362721
P8__emd4__Higuchi_FD,0.0011692228495907063
T7__vmd2__Permutation_Entropy,0.0011670632737553858
O2__vmd1__Permutation_Entropy,0.0011579743008314435
Pz__vmd6__Spectral_Flatness,0.0011563414778112528
F8__vmd5__Spectral_Flatness,0.0011511430949205576
P3__vmd6__Spectral_Flatness,0.0011497464626876392
P8__ewt5__Hjorth_Mobility,0.0011468000099905818
O1__vmd6__Max,0.0011438874846069844
Fz__vmd5__Hjorth_Mobility,0.0011424884509645735
P7__original__Spectral_Flatness,0.0011352635787538375
C4__ewt3__Renyi_Entropy,0.0011349324648776177
F8__ewt6__Median,0.0011316383868224748
P7__emd6__Max,0.0011313441301232343
P7__ewt5__Peak,0.0011305440987761472
Fp1__emd3__Q1,0.001124948989677501
Fz__ewt3__Hurst_Exponent,0.0011187879208583826
P3__original__Spectral_Flatness,0.0011160080189511186
Pz__emd4__Hurst_Exponent,0.001112225869846197
F8__ewt1__Q2,0.001105585140190621
F3__emd2__IQR,0.0011013261238141622
P8__vmd3__Spectral_Flatness,0.0010934393802489563
Pz__vmd5__Hurst_Exponent,0.0010894905106404104
C3__emd1__IQR,0.0010888248002926015
Pz__vmd1__Shannon_Entropy,0.0010834055440719073
P3__ewt1__Q2,0.001077384588347102
O1__vmd2__Hjorth_Mobility,0.0010754815370539504
F7__emd5__Q1,0.0010733896053376176
P8__ewt1__Q2,0.0010720019282763533
Fz__ewt1__Hurst_Exponent,0.0010615465970106718
Pz__ewt1__Higuchi_FD,0.001058518341420082
F3__emd4__Hjorth_Activity,0.0010571858057921903
P4__emd3__Hurst_Exponent,0.0010541815835282582
Cz__ewt3__Hurst_Exponent,0.0010521188021173568
O2__ewt6__Renyi_Entropy,0.0010516231383855264
Pz__vmd4__Permutation_Entropy,0.001049429411761268
C4__emd4__Spectral_Flatness,0.0010443537891315637
T8__emd4__Hurst_Exponent,0.001041661278607308
O1__vmd1__Permutation_Entropy,0.0010392773973470772
P3__emd5__Mean,0.0010382220878419643
P3__emd4__Hurst_Exponent,0.0010316204628522153
P7__vmd6__Q3,0.0010311300855004781
F7__ewt2__Hurst_Exponent,0.0010283309080351037
F3__emd1__Permutation_Entropy,0.0010229967585758855
Pz__ewt3__Renyi_Entropy,0.001021055562323855
Pz__vmd5__Spectral_Flatness,0.0010165742520084377
Cz__ewt1__Q2,0.0010163471567391105
Fp2__ewt2__Permutation_Entropy,0.0010119963782037362
P4__vmd2__Log_Entropy,0.0010061456303946054
Fz__original__Hjorth_Mobility,0.0010026276753549478
F8__ewt6__Hurst_Exponent,0.000993592773003354
Fp2__ewt5__Hjorth_Complexity,0.0009876231049488651
C4__ewt3__Hurst_Exponent,0.0009784176273181218
O1__ewt4__Shannon_Entropy,0.0009761079098256615
F7__emd5__Higuchi_FD,0.0009713531268428368
F3__ewt4__Kurtosis,0.0009713153555354585
P3__ewt4__Q3,0.0009662064648201889
P4__vmd5__Q2,0.0009661922575493103
P7__vmd5__Hjorth_Activity,0.0009660348199584356
Cz__ewt6__Permutation_Entropy,0.0009641952177075968
F3__original__Spectral_Flatness,0.0009578595317725752
C3__ewt2__Mean,0.0009567244527422343
C3__emd2__Q3,0.0009541287425026029
F7__vmd5__Higuchi_FD,0.000953323618999933
O1__vmd1__Renyi_Entropy,0.0009490279455179817
Fp2__ewt6__Spectral_Flatness,0.0009424369899244951
P7__ewt5__Q1,0.0009379917553729247
F8__emd1__RMS,0.000937248773660779
Cz__emd5__Mean,0.0009334716738884992
F4__emd1__Q3,0.0009286381219154329
T8__ewt1__Spectral_Flatness,0.000928145227399286
F3__emd2__Spectral_Flatness,0.0009254599391710147
Pz__vmd5__Kurtosis,0.0009206202493159015
T8__emd4__Tsallis_Entropy,0.0009182566266115824
O2__emd6__Min,0.0009179520632111632
F4__vmd5__Permutation_Entropy,0.0009127980289105608
Fp1__ewt1__Tsallis_Entropy,0.0009115744101806225
Fp2__vmd2__Shannon_Entropy,0.0009112338233092554
F4__vmd5__Hurst_Exponent,0.0009031977006619623
Fp1__emd2__Q3,0.0008976916337227503
F8__ewt2__Spectral_Flatness,0.0008922892825331848
Fp2__ewt5__Hjorth_Mobility,0.0008904899930986886
Pz__emd5__Q3,0.0008817932881702853
C4__emd3__Q1,0.0008784024924476443
O1__ewt1__Kurtosis,0.0008782799295188759
O2__ewt5__Shannon_Entropy,0.0008768706806597403
F4__ewt1__IQR,0.0008715643476087703
F7__vmd6__Hjorth_Complexity,0.0008625834790070788
C3__ewt2__Hjorth_Mobility,0.0008624482151489061
O1__vmd1__Mean,0.0008559101859740962
F4__emd1__Q1,0.0008549453009147949
O1__emd5__Mean,0.0008538537518609032
F4__ewt5__Median,0.0008513482795120512
P7__emd6__Hjorth_Mobility,0.0008504963457589007
Pz__ewt1__Q2,0.0008457798747146571
Fp2__vmd1__Hjorth_Activity,0.0008457084398976979
Fp2__ewt4__Hurst_Exponent,0.0008366977974330234
T7__ewt3__Peak,0.0008361929776504118
C3__emd5__RMS,0.0008303074316146212
T7__ewt3__Min,0.0008265740402642555
F4__ewt5__Q2,0.0008258315123669062
P3__vmd6__Skewness,0.0008255344015558599
C3__vmd2__Hurst_Exponent,0.000825134762598525
F7__emd6__Q3,0.0008200167062703776
P7__original__Q1,0.0008185601005258751
P8__ewt1__Hjorth_Mobility,0.0008147751662950071
P7__emd3__IQR,0.0008144539003730563
F8__emd5__Q1,0.0008138231813821069
P8__ewt4__Q1,0.0008120612951062779
T7__emd6__Skewness,0.0008109176050259355
F4__original__Hurst_Exponent,0.0008067035416785646
C3__emd1__Q3,0.0008047359730570435
P3__ewt1__Skewness,0.0008046466753525151
F4__emd3__Mean,0.0008030890111384689
P3__original__Peak,0.0008016537432372397
P7__vmd5__Permutation_Entropy,0.0008016491067338526
P8__emd6__IQR,0.0007996979607166199
Fz__emd4__Mean,0.0007990039453725124
P8__ewt1__Median,0.000798130955663817
F3__ewt3__Shannon_Entropy,0.0007969730221574015
O1__vmd3__Shannon_Entropy,0.000796862268166616
C4__emd1__RMS,0.0007925314806773775
Fp2__ewt5__Tsallis_Entropy,0.0007913842891256537
O1__emd3__Q1,0.0007899159663865547
P7__emd5__RMS,0.0007878096827128078
F3__ewt5__IQR,0.0007872744852587463
T8__emd2__Spectral_Flatness,0.0007868054577063138
O1__emd6__Std,0.0007859261026764113
C3__ewt3__IQR,0.0007819660014781965
P3__emd4__Max,0.0007806281469328121
Cz__ewt2__Hjorth_Complexity,0.0007784333521076835
Fz__vmd5__Hurst_Exponent,0.0007784131276524274
F4__emd1__RMS,0.0007758930924148314
F3__vmd6__Hjorth_Mobility,0.0007739169844001621
Fp1__vmd6__Kurtosis,0.0007719084879198618
O1__emd6__Q3,0.0007711942268950189
F7__ewt2__Renyi_Entropy,0.0007701832845566859
P3__vmd6__Hurst_Exponent,0.0007693449374983341
O1__ewt1__Tsallis_Entropy,0.0007690152972844142
F7__emd5__Q3,0.0007689927906504846
F8__vmd6__Hjorth_Mobility,0.000768201172726562
Cz__vmd3__Skewness,0.0007669172890132301
P3__vmd5__Q2,0.0007608532795540051
O2__ewt4__Spectral_Flatness,0.0007588050076877883
P7__emd2__Mean,0.0007575085027253361
P8__ewt1__Renyi_Entropy,0.0007570578130748662
P7__emd6__Spectral_Flatness,0.0007570559093228317
F3__ewt6__Hjorth_Complexity,0.0007544136225680337
O2__emd3__Spectral_Flatness,0.0007533816588036879
Fp2__emd1__Mean,0.0007530783105597705
Fp2__vmd1__Q2,0.000752509612497864
P7__emd6__RMS,0.0007483544582980101
F4__ewt6__Permutation_Entropy,0.0007459954945565879
O1__vmd6__Min,0.0007431367273839857
T8__ewt2__Q1,0.0007406009351043945
C3__vmd5__Hjorth_Mobility,0.0007405149190110827
P3__ewt6__Min,0.0007393504578596777
P4__ewt6__Mean,0.0007370076983847403
Pz__emd2__Hjorth_Complexity,0.0007353405433991119
F8__ewt1__Spectral_Flatness,0.0007350901272640403
O1__emd6__RMS,0.0007308695652173912
F3__emd2__Q3,0.0007297776480319173
Fp2__original__Spectral_Flatness,0.0007282681476229861
P4__emd6__Log_Entropy,0.0007271325319936254
F8__vmd6__Hurst_Exponent,0.0007221872365200062
F7__vmd4__Q2,0.000722049201391236
F4__vmd2__Std,0.0007197891767439814
O2__ewt2__Renyi_Entropy,0.0007169686526173676
Fp2__vmd6__Hjorth_Mobility,0.0007156718821025891
Fz__ewt3__Higuchi_FD,0.0007156023620193642
Fp1__vmd2__Log_Entropy,0.0007092318009613459
P7__ewt5__IQR,0.0007073200171846206
Fz__emd2__Q1,0.0007066997741038194
O1__ewt5__Hjorth_Complexity,0.0007055512559053448
Pz__emd3__Permutation_Entropy,0.0007051524698983908
C4__original__Spectral_Flatness,0.0007049827467218771
F4__vmd5__Hjorth_Mobility,0.0007038501457663896
Fp1__ewt5__Mean,0.0007027027027027028
F3__ewt5__Q3,0.0007026745543626471
Fp1__original__Higuchi_FD,0.0007021140552924486
C4__ewt1__Median,0.0006980229153930142
O1__emd4__Spectral_Flatness,0.0006974236564350984
P7__vmd1__Renyi_Entropy,0.0006968325791855205
Fp2__ewt2__Hjorth_Mobility,0.0006952756575443416
Cz__vmd2__Q1,0.0006951370712219314
Fp1__vmd2__RMS,0.0006951305249062507
P3__vmd5__Spectral_Flatness,0.000692443930338667
F7__emd4__Skewness,0.0006888473598851095
Fp1__emd3__Spectral_Flatness,0.0006865759069585284
P8__ewt4__Median,0.000685534277928644
P7__ewt1__Spectral_Flatness,0.0006853146853146854
F4__vmd4__Hjorth_Complexity,0.000685186457754583
Cz__ewt2__RMS,0.0006849068672264363
Cz__original__Hjorth_Mobility,0.0006838465997362692
P7__ewt2__IQR,0.0006832079110807452
O2__ewt5__Q1,0.0006832079110807452
C3__vmd1__Shannon_Entropy,0.0006805193894280929
F8__ewt6__Log_Entropy,0.0006789018829768967
O1__vmd1__Q1,0.0006786026385590094
P3__ewt1__Spectral_Flatness,0.0006782404081219353
P3__ewt3__Hurst_Exponent,0.0006782070624637264
C4__vmd2__Q1,0.0006778711484593838
Fz__emd6__Std,0.0006769771939209874
T7__emd2__Log_Entropy,0.0006765844402277042
C3__original__Hjorth_Mobility,0.0006764262423372896
F3__emd4__Spectral_Flatness,0.0006760931257749003
P7__emd5__Std,0.0006753873818066059
P7__vmd5__Hurst_Exponent,0.0006747680958123211
F3__ewt3__Spectral_Flatness,0.0006740025027532619
Fp1__vmd1__Hjorth_Mobility,0.0006733635899129031
O1__ewt6__Hurst_Exponent,0.0006727450294098957
Fp2__emd5__Log_Entropy,0.0006726818974032565
Pz__ewt6__Max,0.0006721319107586234
O1__ewt1__Spectral_Flatness,0.000671834375988378
F8__emd2__Log_Entropy,0.0006715506715506716
Fp2__vmd6__Tsallis_Entropy,0.0006708082780830698
F4__emd5__Min,0.0006694203879296079
P3__emd2__Hjorth_Complexity,0.0006689607782891682
F3__emd4__Q3,0.000666985131526628
Fp2__emd3__Shannon_Entropy,0.0006661239994573328
P3__ewt3__IQR,0.0006656677270791011
Fp2__ewt5__Permutation_Entropy,0.0006643395773830555
T7__ewt3__Q3,0.0006634298163709927
Cz__vmd6__Log_Entropy,0.0006634298163709926
Fp1__emd3__Max,0.0006606773073315578
T8__original__Hjorth_Complexity,0.0006593186035388569
F3__ewt4__Tsallis_Entropy,0.0006591103364060146
C4__ewt1__Hjorth_Complexity,0.0006566480902526504
Fp2__ewt5__Kurtosis,0.0006537564983965769
F4__vmd3__Renyi_Entropy,0.0006535363621357794
Fz__emd6__Hjorth_Mobility,0.0006530961341825152
F4__emd1__Std,0.0006524022045315368
Cz__ewt5__Q2,0.0006524022045315367
P7__vmd5__Hjorth_Mobility,0.0006516380039292235
T8__vmd6__Kurtosis,0.0006513623188405795
O2__emd3__Shannon_Entropy,0.0006504781783962009
P4__vmd6__Median,0.000650341193948682
F8__vmd3__Hjorth_Activity,0.0006490146290179381
C3__ewt3__Renyi_Entropy,0.0006487911280500063
Fp2__emd4__Log_Entropy,0.0006483538965199865
F8__emd1__Log_Entropy,0.0006479767903496716
Fp1__emd5__Spectral_Flatness,0.000647887323943662
F3__vmd5__Hurst_Exponent,0.0006436524002313475
Fp1__emd6__Log_Entropy,0.0006433350488934636
O1__emd5__Hurst_Exponent,0.0006428322104268699
P7__vmd5__Median,0.0006426790652837273
C3__vmd4__Spectral_Flatness,0.0006414558086290609
T8__vmd3__Higuchi_FD,0.0006411996249541095
F8__emd6__RMS,0.0006394557823129252
Fz__vmd6__Tsallis_Entropy,0.0006362951605594419
P3__emd3__Hjorth_Mobility,0.000635542018956653
Fz__emd2__Log_Entropy,0.0006352941176470589
P8__emd3__Hurst_Exponent,0.0006352342210382123
F8__vmd5__Hjorth_Complexity,0.00063514596651827
Cz__ewt5__Renyi_Entropy,0.0006347990564200228
F3__vmd6__Hurst_Exponent,0.0006340873628573062
P3__vmd1__Kurtosis,0.0006337283370698552
C3__vmd5__Spectral_Flatness,0.0006333430445745972
Fp2__ewt6__Hurst_Exponent,0.00063135663661125
Fz__ewt6__Spectral_Flatness,0.0006305200341005966
C3__emd2__Tsallis_Entropy,0.0006298354425768421
P4__emd2__Log_Entropy,0.000629091139801638
O1__vmd6__Peak,0.0006282536518302114
P3__vmd4__Tsallis_Entropy,0.0006281595441704694
Cz__vmd6__Q3,0.0006275663766983976
T7__emd6__Max,0.0006274101246813462
P4__vmd3__RMS,0.0006269533453989127
F7__ewt6__Q1,0.0006265060240963857
T8__original__Std,0.0006231565318309641
F7__ewt4__IQR,0.0006229462041226749
P4__vmd1__Log_Entropy,0.000620168968567389
Fp1__vmd1__Q2,0.0006184291219344791
Pz__vmd2__Q2,0.0006163543936092956
P8__emd4__Std,0.0006154559168612419
C4__emd4__Hurst_Exponent,0.0006151572770265181
F8__ewt3__Shannon_Entropy,0.000615074890150272
O2__ewt6__Permutation_Entropy,0.0006149438637243513
F3__vmd2__Permutation_Entropy,0.0006145650645650645
Cz__vmd5__Mean,0.0006140848156323962
F3__ewt1__Q3,0.0006137981118373274
F7__ewt2__Shannon_Entropy,0.0006134301270417422
Pz__ewt2__Shannon_Entropy,0.0006131312867492221
C3__ewt5__Median,0.0006128822549924254
Pz__ewt3__Q1,0.0006127504553734064
F8__vmd3__Kurtosis,0.0006105474859699358
F3__vmd4__Hjorth_Complexity,0.0006088075940936602
O1__vmd5__Tsallis_Entropy,0.0006086769948836507
P8__vmd4__Mean,0.0006073052187712038
O1__ewt2__Renyi_Entropy,0.000606807833648105
Fz__emd4__Kurtosis,0.0006065227721632887
P7__ewt1__Min,0.0006061674742604974
O2__ewt4__Shannon_Entropy,0.00060517094017094
P7__vmd4__Hurst_Exponent,0.0006044332439043635
C3__emd2__RMS,0.0006038696388894844
P4__vmd3__Shannon_Entropy,0.0006025316455696201
T7__emd2__Spectral_Flatness,0.0006020547899768446
C3__vmd6__Spectral_Flatness,0.0006020020814542427
T7__emd6__Tsallis_Entropy,0.0006016346531786913
F7__vmd1__Log_Entropy,0.0006012506012506013
Fp1__vmd3__Shannon_Entropy,0.0006007191189377426
F7__vmd4__Hurst_Exponent,0.0006001549488451758
F4__vmd2__Q2,0.0006000180828242052
P3__emd2__Spectral_Flatness,0.0005989035304939044
C4__emd2__Q1,0.0005981993523362158
F8__vmd2__Renyi_Entropy,0.0005966257978601278
P7__ewt5__Max,0.0005965385041969174
P4__emd4__Median,0.000595725998335187
T8__emd1__Log_Entropy,0.0005939393939393942
F8__original__Median,0.0005932278817431902
Pz__vmd4__Hjorth_Mobility,0.0005931070338216901
Pz__vmd5__Tsallis_Entropy,0.0005925487202327831
P7__original__RMS,0.0005923650724001756
F3__vmd5__Higuchi_FD,0.0005921994329646754
Cz__emd2__Spectral_Flatness,0.0005914423363424927
Cz__vmd4__Higuchi_FD,0.0005910168173088074
F7__ewt6__IQR,0.000590909090909091
P7__ewt2__Hjorth_Activity,0.0005905004670056944
P7__vmd6__Hjorth_Mobility,0.0005903970519346676
T7__vmd4__IQR,0.0005902074889321374
C3__vmd1__RMS,0.0005900713135495744
P3__original__Skewness,0.0005893131416561127
T7__original__Spectral_Flatness,0.0005892173913043479
T7__vmd4__Permutation_Entropy,0.0005889657357056121
Fp1__emd2__Skewness,0.000586855545031325
Pz__vmd3__Higuchi_FD,0.0005854001685506729
C3__ewt6__Shannon_Entropy,0.0005842963366183181
O1__vmd5__Permutation_Entropy,0.0005827505827505829
Pz__original__Hjorth_Mobility,0.0005818181818181817
C3__ewt1__Max,0.0005814613914261781
O1__vmd6__Std,0.0005811399777501473
T8__vmd1__Std,0.0005808593156836713
Fp1__emd6__Spectral_Flatness,0.000580306284104911
C3__ewt3__Hurst_Exponent,0.00057972602739726
P4__vmd6__Q2,0.0005776699848339088
Fp1__vmd4__Hjorth_Complexity,0.0005762377899488064
Fz__vmd2__Skewness,0.0005759549257926503
Fz__original__Spectral_Flatness,0.0005758453465893399
P4__emd3__Mean,0.0005740696762226766
C3__emd3__Spectral_Flatness,0.0005726123703456511
Cz__ewt4__Permutation_Entropy,0.0005722335736407453
P8__emd1__Permutation_Entropy,0.000572207933910062
P3__ewt2__Q2,0.0005718514922538298
Fp2__vmd6__Std,0.0005717757004565866
Pz__emd1__IQR,0.0005712497524262231
F3__emd2__Std,0.000570673474543593
F4__vmd6__Hurst_Exponent,0.0005698470608671336
Fz__emd6__Peak,0.0005698187507121607
T8__emd3__Max,0.0005694730106494812
Pz__vmd5__Hjorth_Activity,0.0005686049607618233
Fz__ewt4__Higuchi_FD,0.0005680500959154384
C3__vmd3__Renyi_Entropy,0.0005656326999021165
C4__vmd6__Hurst_Exponent,0.0005643744050882945
P7__emd4__Log_Entropy,0.0005633333333333331
Fp2__emd3__Log_Entropy,0.0005618058786882006
Fz__emd5__Log_Entropy,0.0005607781767149816
Fp1__ewt4__Q2,0.0005591711662299898
Fp1__vmd1__Shannon_Entropy,0.0005586355571665681
O2__emd2__Spectral_Flatness,0.0005579796887670387
C4__ewt1__Hurst_Exponent,0.0005570295039274121
Pz__vmd3__Renyi_Entropy,0.0005560283687943261
O1__emd2__Hjorth_Complexity,0.0005560008583549914
O2__emd1__Higuchi_FD,0.0005556558849207007
Cz__ewt6__Hurst_Exponent,0.0005543237250554323
F8__emd1__Peak,0.0005540314992647648
Fz__ewt3__Permutation_Entropy,0.0005533350715043269
Fp2__vmd6__Median,0.0005523022393645881
T8__emd3__Spectral_Flatness,0.0005521493703864526
Cz__emd5__RMS,0.0005518205445099161
F4__emd6__IQR,0.0005517598269072864
F8__emd2__Std,0.0005510823562234284
C4__vmd3__Min,0.000551079283887468
C4__original__Hjorth_Mobility,0.0005504095309009681
F4__vmd2__Hjorth_Mobility,0.0005502157417051033
F4__emd5__Max,0.0005500777177025309
Fz__emd4__Skewness,0.0005493250371059776
F4__emd5__Higuchi_FD,0.0005492861425618046
Pz__emd5__Tsallis_Entropy,0.0005470270270270267
P8__emd6__Std,0.0005460927839163909
F3__emd5__Shannon_Entropy,0.0005458856288209307
F3__emd6__Skewness,0.0005450370330357532
P7__ewt5__Hjorth_Activity,0.0005446623093681917
Cz__original__Skewness,0.0005443067168731292
C3__emd2__Max,0.0005441427143554802
T8__ewt3__Q3,0.0005439588266825103
F7__ewt5__Peak,0.0005438775403387294
F4__vmd4__Hurst_Exponent,0.0005432286468709016
P7__emd5__Hurst_Exponent,0.0005429281964236373
Fz__vmd5__Kurtosis,0.0005428333639990031
Fz__emd1__Renyi_Entropy,0.0005427702996092054
F3__ewt4__Hjorth_Mobility,0.0005426274716892567
P8__ewt1__RMS,0.0005425485052559284
P8__vmd3__Shannon_Entropy,0.0005424646902433987
P8__ewt3__Q3,0.0005418060200668895
F4__emd3__Q2,0.0005414747723672209
P7__vmd6__Spectral_Flatness,0.0005412618768015373
C3__original__Hurst_Exponent,0.0005408917832105618
O2__vmd1__Hjorth_Complexity,0.000540249580521605
T7__vmd3__Hurst_Exponent,0.0005401670929241263
F4__emd6__Higuchi_FD,0.0005397713601359973
Fp1__vmd6__Log_Entropy,0.000537777643224042
T7__ewt2__Q1,0.0005371096586782861
Cz__vmd5__Hjorth_Complexity,0.000536833004806861
Fz__emd3__Kurtosis,0.000536532643587908
O1__emd5__Min,0.0005364201016374929
P8__vmd5__Hjorth_Activity,0.0005336020828084319
Cz__original__Spectral_Flatness,0.0005333351939467243
P8__ewt4__Spectral_Flatness,0.0005330264223355971
C3__vmd6__Kurtosis,0.000532908004724394
C3__ewt1__Skewness,0.0005327842888818498
F3__emd1__Log_Entropy,0.0005326334764260769
P4__emd6__Std,0.0005326086956521738
F7__vmd3__Higuchi_FD,0.0005324546850045741
O2__ewt3__Permutation_Entropy,0.000531941189004901
F7__emd4__Q3,0.000531868131868132
P4__vmd1__RMS,0.0005315740014646696
Cz__ewt1__Median,0.0005311734715089098
T8__ewt5__IQR,0.0005298201115481778
O2__vmd1__Hjorth_Mobility,0.0005290728989562498
P8__emd4__Min,0.0005287607192010415
C3__vmd1__Hurst_Exponent,0.0005287392947199577
F7__emd1__Renyi_Entropy,0.0005265467310223782
P7__ewt6__Std,0.0005262840551160134
C3__emd4__Kurtosis,0.0005260895935067948
O2__ewt2__Q3,0.0005260818734983245
Pz__emd5__Log_Entropy,0.0005254016500217107
Cz__ewt2__Hurst_Exponent,0.0005252635435059005
Pz__emd6__IQR,0.000525062034739454
F3__ewt5__Shannon_Entropy,0.0005248343805111193
Fp1__vmd4__Permutation_Entropy,0.0005246807041994354
C4__emd1__Tsallis_Entropy,0.0005244133974212861
P4__emd4__Renyi_Entropy,0.0005242602053228237
P7__emd5__Renyi_Entropy,0.0005241680501338599
Cz__vmd4__Hurst_Exponent,0.0005240854147983305
P8__ewt3__Hurst_Exponent,0.0005238756613756615
Cz__emd1__IQR,0.0005235784417602599
Pz__emd3__Peak,0.0005229591590368477
Fz__emd5__Hjorth_Mobility,0.0005227520211186272
Fp2__vmd2__Renyi_Entropy,0.0005226860254083486
Pz__vmd2__Median,0.0005221515041797456
O1__original__Spectral_Flatness,0.0005207684829087406
Pz__ewt1__Hurst_Exponent,0.0005207541385510822
P8__vmd4__Spectral_Flatness,0.0005204812471038111
C3__ewt1__Spectral_Flatness,0.0005196429145742497
P4__ewt4__Log_Entropy,0.0005195143068313802
F3__emd4__Skewness,0.000519099530374186
O1__ewt4__Renyi_Entropy,0.0005189855859158873
P4__ewt4__Hjorth_Activity,0.0005187424470594863
Cz__ewt2__Q3,0.0005179110982653656
Pz__original__Permutation_Entropy,0.0005174491348398728
F4__vmd4__RMS,0.0005173165628944411
F3__vmd6__Log_Entropy,0.0005172997644574391
Fp2__vmd1__Median,0.0005170993990184396
P7__vmd4__IQR,0.0005165977197053779
T8__vmd2__Std,0.0005160209538360798
T7__original__Hurst_Exponent,0.0005158006857070466
T7__emd5__Spectral_Flatness,0.0005145067698259188
O2__emd1__Log_Entropy,0.0005136745607333842
O2__vmd1__Kurtosis,0.0005136534661506754
Fp1__original__Spectral_Flatness,0.0005129113714451299
Pz__ewt6__Q2,0.000512848156635519
Cz__emd5__Max,0.0005128341895869622
Pz__emd3__Hjorth_Mobility,0.0005115856787589313
Pz__vmd6__Min,0.0005114016418364245
T7__vmd3__Hjorth_Complexity,0.0005113864113425324
O1__emd2__Median,0.0005097096299926489
P8__vmd4__Q1,0.0005092765453094008
Pz__emd1__Shannon_Entropy,0.000508916814914965
Fp1__vmd5__Kurtosis,0.000508628338767779
Pz__vmd6__Kurtosis,0.000508561838483743
Fp1__emd4__Hjorth_Mobility,0.0005084033613445378
Fp1__emd3__Hjorth_Mobility,0.0005082467587018007
Fp2__vmd1__IQR,0.0005079365079365079
F8__vmd3__RMS,0.0005078066795952376
Fp2__emd2__Hurst_Exponent,0.0005068530701754386
P8__ewt1__Max,0.0005056894965927669
O1__ewt6__Permutation_Entropy,0.0005052447552447554
T7__emd6__Std,0.0005052310018903589
Cz__emd4__Hjorth_Complexity,0.0005051748743267607
F3__vmd6__Skewness,0.0005049132614556044
O2__ewt2__Q2,0.0005043553629469122
Fp2__original__Hjorth_Complexity,0.000504222104541691
T8__vmd3__Shannon_Entropy,0.0005039654513909256
O1__emd5__Std,0.0005036351976237892
T7__original__Hjorth_Mobility,0.0005026086956521739
T8__vmd1__RMS,0.0005018309815717287
P8__emd6__Peak,0.0005016992328846432
T8__emd4__Min,0.0005016933171224899
P8__ewt2__Spectral_Flatness,0.0005016722408026759
Cz__ewt2__Tsallis_Entropy,0.0005016722408026759
P3__emd6__Q1,0.0005016066000868431
Pz__emd6__Hjorth_Activity,0.0005014656008143783
Fp2__ewt2__Log_Entropy,0.0005008695652173913
Fp1__ewt2__Q2,0.0005004082976484487
F4__emd5__Kurtosis,0.0004998662664566553
Fp2__ewt3__Hjorth_Mobility,0.0004998661672639738
O2__vmd2__Shannon_Entropy,0.0004995789832760308
Fp1__emd1__Max,0.0004988687737650763
O2__emd2__Shannon_Entropy,0.0004981477179064619
T7__vmd5__Spectral_Flatness,0.0004975142957171199
Cz__vmd1__Hjorth_Activity,0.0004967779363113249
T7__emd1__Q3,0.0004965622612681435
P8__ewt4__Q2,0.0004963992869875223
P7__ewt1__Kurtosis,0.000495617332615648
Fp1__vmd1__Spectral_Flatness,0.000495452195706658
Pz__emd1__Hjorth_Mobility,0.0004950140056022411
F4__emd2__Higuchi_FD,0.0004948592454339773
P4__ewt5__Shannon_Entropy,0.0004943402460762575
Fp2__ewt6__Q3,0.0004938775510204083
P3__emd2__Q3,0.0004934939759036141
P7__ewt6__Q3,0.000493203475501125
F4__vmd4__Tsallis_Entropy,0.0004930207157220337
Fp1__vmd3__Renyi_Entropy,0.0004925509273335359
F3__emd3__Hjorth_Complexity,0.0004921677154064321
Fp1__ewt1__Log_Entropy,0.0004900181488203266
T7__vmd1__Mean,0.0004898391140564171
C3__emd3__Skewness,0.000489817061888673
P7__ewt3__Log_Entropy,0.0004897959183673468
P3__ewt5__Mean,0.0004894943240454075
Fz__emd2__Std,0.000489184149184149
F3__emd3__IQR,0.0004890572695450744
Pz__emd2__Higuchi_FD,0.0004889704207250394
F7__original__Hjorth_Complexity,0.0004884399551066218
P7__emd5__Q3,0.0004883659602641575
C4__original__Hjorth_Complexity,0.00048783096510369235
F3__vmd1__Peak,0.00048746261387696177
Fp1__ewt6__Q1,0.00048731264833747225
Fp1__emd2__Hjorth_Complexity,0.00048671328671328674
O1__vmd3__Spectral_Flatness,0.00048666430343849714
F3__ewt2__Q3,0.00048539122397604924
T7__ewt5__Shannon_Entropy,0.0004843935926773455
C3__vmd1__Skewness,0.00048430795720964397
F3__emd5__Renyi_Entropy,0.0004842087586512971
Fp2__vmd1__Log_Entropy,0.00048377696979150215
F7__ewt1__Max,0.00048297258923444896
Fp1__ewt1__Peak,0.0004824543572369657
Cz__ewt4__Hjorth_Activity,0.00048186137524205194
P8__original__Hjorth_Activity,0.0004806409505469496
Pz__ewt6__Spectral_Flatness,0.0004802434599633236
C3__emd1__Q1,0.00048006104802892133
F3__ewt6__Q1,0.00047998637274635495
Fz__ewt5__Mean,0.00047952047952047936
Fz__emd2__IQR,0.00047951826826312885
Pz__emd3__Shannon_Entropy,0.00047943787015611387
P3__ewt1__Peak,0.0004793478260869565
Fp2__ewt3__IQR,0.0004792220371899052
F3__emd3__Q2,0.00047905068212925127
Fz__vmd2__Q2,0.00047859559074465904
Fz__vmd4__Higuchi_FD,0.00047838735177865616
P7__ewt6__Peak,0.00047784090909090915
F7__ewt2__Higuchi_FD,0.0004778171565714819
T7__emd5__Tsallis_Entropy,0.0004776817252585562
F7__emd6__Hjorth_Activity,0.000477462050144977
P7__emd3__Permutation_Entropy,0.0004765787100634601
O1__ewt5__Q2,0.00047641678198940147
P4__emd6__Min,0.0004760691699604744
Fp2__emd4__Hjorth_Complexity,0.00047566934289908306
T7__original__Median,0.000475531170769266
O1__original__Peak,0.0004753160525157312
C3__vmd6__Mean,0.0004738210648517493
O2__vmd1__Mean,0.00047333311849440883
P8__ewt2__Higuchi_FD,0.0004731385837201125
P7__ewt2__Hjorth_Mobility,0.0004725592595331553
F3__ewt5__Std,0.000471779390580954
Fp2__ewt4__Hjorth_Complexity,0.00047162914996402497
Fz__ewt3__Renyi_Entropy,0.00047159372078499167
F8__emd6__Std,0.00047091672072989443
P7__emd1__Median,0.00047041742286751346
C3__emd5__Log_Entropy,0.0004695314425418231
P7__original__Hurst_Exponent,0.0004685195260270183
T7__ewt5__Renyi_Entropy,0.0004675385332055844
Fz__emd5__Hurst_Exponent,0.00046751487414187643
P7__emd6__Peak,0.0004674603148060825
P8__ewt2__Hjorth_Mobility,0.0004673253649219251
P7__ewt4__Q3,0.00046660836491344964
Cz__emd5__Hjorth_Mobility,0.0004663402975562151
F7__emd6__Min,0.00046577709643227754
Fp1__ewt1__Spectral_Flatness,0.00046486982679344157
Fp2__ewt4__Permutation_Entropy,0.0004641271037380929
C4__vmd2__Log_Entropy,0.0004638719812325467
O2__vmd2__Higuchi_FD,0.0004635409225214914
T7__ewt3__Hjorth_Activity,0.000462962962962963
Cz__original__Permutation_Entropy,0.00046267943739314467
P8__vmd6__Hurst_Exponent,0.00046254224244654865
T7__ewt3__Log_Entropy,0.0004623388726688584
T7__vmd4__Tsallis_Entropy,0.0004621642606734453
C3__ewt4__Permutation_Entropy,0.00046202592891259834
F4__emd2__Q1,0.0004619380619380622
T7__emd3__Hjorth_Mobility,0.0004614865339352344
C4__emd6__Hjorth_Complexity,0.0004614597759220187
Cz__vmd1__Renyi_Entropy,0.00046134131314909334
Fz__vmd1__Kurtosis,0.0004612505175983436
F3__emd1__Q3,0.00046121555044631966
T8__ewt3__Mean,0.0004610746508770911
Pz__vmd1__Kurtosis,0.0004603580562659847
Pz__emd1__Spectral_Flatness,0.0004601888162672478
P3__vmd2__IQR,0.000459527950310559
P8__original__Mean,0.00045874530602096463
P7__ewt6__Spectral_Flatness,0.00045853385942721186
F3__emd6__Hjorth_Mobility,0.00045853234910985663
P7__emd4__Q2,0.0004584712577762719
Fp2__emd1__Max,0.0004579378881987578
O1__ewt1__Min,0.0004573278665894435
O2__emd1__Skewness,0.00045679795396419426
T7__ewt5__Min,0.00045514534141985117
Fp2__ewt3__RMS,0.0004543235786236906
C4__vmd2__Shannon_Entropy,0.0004541889483065954
Cz__emd5__Median,0.0004539745084636726
F3__ewt2__RMS,0.0004536263736263737
O2__vmd1__IQR,0.00045341185130658824
P8__ewt4__Hurst_Exponent,0.0004531728740879066
F3__vmd4__Tsallis_Entropy,0.00045213675213675203
Fp1__vmd2__Hjorth_Activity,0.00045102695465359477
F3__original__Tsallis_Entropy,0.00044997439836149506
Pz__emd4__Std,0.00044997305971373
Cz__ewt1__Spectral_Flatness,0.00044956301560075153
O1__original__Hjorth_Complexity,0.0004495095600921016
P3__vmd2__Renyi_Entropy,0.00044819234819234804
F8__vmd6__Q1,0.0004466735692928202
Cz__emd5__Skewness,0.0004436074612437794
F3__ewt6__Skewness,0.0004435278630978501
Cz__ewt1__Skewness,0.0004433402346445823
F4__emd2__IQR,0.00044309394013441393
O2__ewt3__IQR,0.0004429246354613369
P3__emd5__Hurst_Exponent,0.0004425913999842649
P4__ewt2__Mean,0.0004420656310322638
Fp1__emd2__Median,0.00044055944055944047
T7__vmd1__Max,0.00044039294039294034
Fp1__emd3__Std,0.0004394426711252977
Fz__emd4__Renyi_Entropy,0.0004385713206977271
T7__ewt4__Shannon_Entropy,0.0004380447549676639
Fz__emd6__RMS,0.00043735207012890595
F4__ewt6__Spectral_Flatness,0.0004373474897996941
C4__ewt3__Spectral_Flatness,0.0004370475879971192
T7__emd5__Max,0.0004363282259956239
Fp2__emd1__RMS,0.0004360462068086193
P4__vmd6__Higuchi_FD,0.00043571953118473833
O2__emd5__Hurst_Exponent,0.00043526907874733955
Fz__ewt5__Q2,0.00043508197592117745
P4__ewt1__Skewness,0.0004345320722811897
P7__emd2__Higuchi_FD,0.0004333330880134237
P8__vmd6__IQR,0.0004327485821058155
P8__original__Hjorth_Mobility,0.0004315684315684316
T8__emd6__Hjorth_Activity,0.00043120968921475655
P7__emd5__Hjorth_Mobility,0.0004311406750431141
Cz__ewt4__Median,0.0004310555743179855
P8__ewt6__Q2,0.0004306959008991961
C3__vmd2__Peak,0.0004304535158425101
F3__vmd1__Hjorth_Complexity,0.00042964242107099246
Pz__emd5__Std,0.00042891782061791153
Cz__original__Hurst_Exponent,0.0004287575212455804
Fz__ewt5__Kurtosis,0.0004282659846323093
Fp2__emd5__Q2,0.0004281648296624866
P7__original__Median,0.00042729890430425187
T7__emd4__Q2,0.00042721122141412
C3__original__Permutation_Entropy,0.0004270062918953963
F7__emd3__Renyi_Entropy,0.0004265168046493777
Pz__ewt2__Spectral_Flatness,0.0004254229249011857
Fp1__emd5__Q1,0.00042529262194710305
C4__ewt6__Mean,0.000425238260216455
T7__emd1__Permutation_Entropy,0.0004251512350184076
Fp2__emd3__Permutation_Entropy,0.00042480151228733466
F8__ewt1__Higuchi_FD,0.00042448142686961116
F3__vmd1__Spectral_Flatness,0.000423893695409198
Cz__ewt4__RMS,0.00042360964758225033
Cz__ewt1__Kurtosis,0.00042326062994756
Fz__vmd6__Kurtosis,0.00042294335310442407
O2__emd2__Mean,0.00042275058275058276
C3__vmd1__Q1,0.00042231213473043557
F3__ewt3__Tsallis_Entropy,0.00042184301949007837
C3__emd6__Log_Entropy,0.0004216089433480735
P4__ewt6__Std,0.0004216061893077633
P7__emd5__Max,0.00042137255707574945
Fp2__emd2__Std,0.00042092977019896527
F8__ewt5__Kurtosis,0.0004203956043956043
C3__vmd2__Std,0.00042018003052288064
Pz__ewt2__Renyi_Entropy,0.00041979227447776863
Fp1__ewt4__Q1,0.0004197753190472494
O1__vmd1__Log_Entropy,0.00041935916951943653
P8__emd3__IQR,0.00041914743887283437
T8__ewt6__IQR,0.0004183696996373848
P4__emd6__Q2,0.00041808857808857804
T8__emd5__Mean,0.00041801607793388385
Fp2__ewt2__Tsallis_Entropy,0.00041708701134930633
C4__vmd1__Q1,0.0004170250109697234
Pz__ewt4__RMS,0.00041683849775955037
Pz__emd6__Peak,0.0004164643743789805
F8__emd2__Q3,0.00041639883957603246
C4__emd2__Median,0.0004158021309996993
T7__emd3__Mean,0.0004144407738792368
F7__ewt6__Hurst_Exponent,0.0004143611820649849
Fz__ewt1__Hjorth_Mobility,0.0004143371835303996
P3__ewt1__Max,0.00041424777221183085
T7__emd1__Spectral_Flatness,0.00041386953833118673
C3__ewt2__Std,0.0004138548381709475
C4__emd5__Hurst_Exponent,0.0004136255286428298
P3__vmd5__Median,0.00041321075797845204
F8__ewt5__Permutation_Entropy,0.00041320668494581545
Fp2__emd4__Q3,0.0004126136382103912
T7__emd1__Max,0.00041256901634717985
C3__ewt6__Hjorth_Mobility,0.00041221657879984505
F3__ewt2__Spectral_Flatness,0.00041221445380801725
Cz__vmd6__Hurst_Exponent,0.00041172275385272303
F4__ewt4__Hjorth_Mobility,0.0004115646258503403
O1__ewt6__Hjorth_Mobility,0.0004113793689995061
O1__vmd6__Hjorth_Complexity,0.0004111888111888112
O2__ewt5__Tsallis_Entropy,0.000411164937480727
P3__vmd5__Skewness,0.000409802371541502
P7__ewt6__Hjorth_Mobility,0.0004097993972390107
P3__ewt1__Kurtosis,0.00040957375290468276
P7__ewt3__Q3,0.000409511315770686
O1__vmd5__IQR,0.00040892249527410215
T7__original__Skewness,0.00040888355188285915
O2__vmd5__Hjorth_Complexity,0.0004084726155809964
P3__original__Renyi_Entropy,0.0004081659544581877
P8__ewt6__Spectral_Flatness,0.0004077729155546657
T8__emd4__Kurtosis,0.0004073215069265968
C3__vmd2__Hjorth_Activity,0.0004072110286320254
Fp2__emd1__Shannon_Entropy,0.0004069727040547575
F7__emd5__Log_Entropy,0.0004065280403276624
Cz__emd6__Shannon_Entropy,0.000405859389789804
Fp1__original__Kurtosis,0.00040579710144927536
Pz__emd6__Hjorth_Complexity,0.00040577757808858884
T7__emd6__Higuchi_FD,0.0004056858469363897
C4__vmd1__Q2,0.0004052614052614053
F7__ewt1__Shannon_Entropy,0.00040516266342353294
Cz__vmd3__Permutation_Entropy,0.0004049997693833312
P4__ewt6__Median,0.00040444536177043926
Fz__vmd4__Hurst_Exponent,0.0004040279196741783
Fp2__emd1__Log_Entropy,0.00040352733686067004
Cz__ewt2__Min,0.0004028940604893249
O1__ewt5__Min,0.00040037069930880026
T7__vmd1__Hjorth_Mobility,0.0003995390842459678
P4__ewt6__Kurtosis,0.00039893111400494485
C3__emd4__Renyi_Entropy,0.00039871853546910764
C3__original__Peak,0.0003986526951489117
Cz__emd1__Max,0.00039751691935588314
F4__emd2__Tsallis_Entropy,0.00039728656532095883
P8__vmd3__Higuchi_FD,0.0003965185242593597
P8__emd3__Log_Entropy,0.0003963536463536463
C4__vmd1__RMS,0.0003963222635702733
O2__vmd6__Kurtosis,0.00039629468808800107
P8__emd6__RMS,0.0003960896392609948
O2__ewt6__Q2,0.0003959742616729912
F7__vmd2__Shannon_Entropy,0.0003954285439682558
P4__ewt6__Permutation_Entropy,0.0003954152278840834
O2__vmd5__Shannon_Entropy,0.00039434639434639425
Fz__ewt5__Hjorth_Complexity,0.00039424698942031093
Fz__emd3__Q3,0.00039355578488705435
C3__emd2__Std,0.0003933279352226721
P3__ewt4__Shannon_Entropy,0.0003933193494452045
F8__vmd2__Higuchi_FD,0.0003927358177313479
Fz__emd1__Mean,0.0003925616870244859
Pz__ewt3__Mean,0.00039243338308202837
P4__vmd5__Mean,0.00039239130434782626
T7__vmd1__Permutation_Entropy,0.00039212230960887436
F4__vmd2__Permutation_Entropy,0.0003919968210904206
O1__emd3__Min,0.00039126541150185935
P8__emd6__Higuchi_FD,0.0003910064275347296
C4__emd6__Median,0.00039093623074154673
P3__ewt5__RMS,0.0003904139433551197
F3__emd4__Max,0.00039000439174352217
C3__emd3__Q1,0.0003897652964319632
Pz__original__Hjorth_Complexity,0.0003880818567461808
F8__ewt1__Hjorth_Complexity,0.00038804347826086973
P3__emd2__Mean,0.0003879512043021515
Pz__ewt3__Hjorth_Mobility,0.0003877879419244902
C4__ewt3__IQR,0.0003876380158271295
Fp2__vmd1__Skewness,0.0003875148741418764
C4__vmd2__Kurtosis,0.00038749129658220574
F7__original__Hjorth_Mobility,0.0003873031531707846
F7__vmd1__Skewness,0.0003866510179894521
F3__ewt3__Renyi_Entropy,0.0003864754171659543
F4__vmd1__Renyi_Entropy,0.00038645502645502655
C4__original__Skewness,0.00038631781017799236
C3__ewt5__Higuchi_FD,0.0003863005577861012
Fp1__vmd6__Q3,0.00038584244193439615
P7__emd4__Q1,0.00038558826339900505
P7__vmd6__Log_Entropy,0.0003851331425101915
T8__vmd3__Mean,0.00038470732664965435
F8__vmd2__Tsallis_Entropy,0.0003845511560665045
C4__ewt2__Tsallis_Entropy,0.0003844919244128731
F7__vmd3__Hjorth_Complexity,0.0003840665976535542
C3__emd1__Log_Entropy,0.0003840665976535542
Fp2__emd3__IQR,0.0003832519671719593
F8__emd4__Hjorth_Complexity,0.00038300482126569076
F4__emd1__IQR,0.0003822183221462441
P8__emd6__Hjorth_Mobility,0.0003821339950372207
T7__vmd4__Q3,0.00038084881633372266
O1__vmd6__Renyi_Entropy,0.0003808091042133596
Fp2__ewt1__Shannon_Entropy,0.00038022923178933414
C4__original__Q2,0.0003800806281416678
F8__vmd3__Mean,0.0003799344111913772
F3__emd2__Permutation_Entropy,0.0003796867584243
T7__emd5__Hurst_Exponent,0.00037960726881011144
P8__ewt4__Hjorth_Complexity,0.000377578595317726
O1__vmd6__Hjorth_Mobility,0.00037745863777609805
P4__emd5__Kurtosis,0.0003770072283957278
O2__ewt5__Hjorth_Mobility,0.00037648582847858204
P7__emd2__Tsallis_Entropy,0.0003754675471524922
P8__original__Peak,0.0003753272714965817
C4__ewt5__Mean,0.00037474446649296236
O2__emd5__Higuchi_FD,0.0003739844734337261
T8__ewt6__Q3,0.0003738313890946595
C4__vmd1__Median,0.00037377698554169137
C3__ewt2__Q2,0.0003734071407504596
F7__vmd2__Hjorth_Complexity,0.0003728330891941276
P7__original__Higuchi_FD,0.0003722922294171909
O1__ewt1__Shannon_Entropy,0.0003719009172296369
T7__vmd5__Hjorth_Complexity,0.0003717221814358612
P4__vmd6__Hjorth_Activity,0.0003714960585104869
F8__emd2__Hjorth_Mobility,0.000371062771827956
O1__ewt5__Max,0.00037103076531909494
C4__ewt4__Median,0.0003710098414091394
Fz__original__Std,0.0003709126712886112
Fp1__ewt1__Kurtosis,0.00037075871574076007
F8__vmd1__RMS,0.0003705646510352392
T8__vmd1__Skewness,0.0003704748901641844
Fp2__ewt2__Hjorth_Complexity,0.00037036335139316177
F8__original__Hjorth_Mobility,0.0003700281341145497
F7__ewt4__Hjorth_Mobility,0.0003697959048587119
C3__emd3__Kurtosis,0.0003697094486387554
P4__ewt1__Higuchi_FD,0.00036878854601421875
F3__emd4__Higuchi_FD,0.00036852773171181126
F3__vmd5__Std,0.0003677545288898899
T7__ewt4__Median,0.0003672228769927424
Cz__emd2__Kurtosis,0.00036698722641445347
O1__ewt5__Hjorth_Mobility,0.00036667704118684515
F4__original__Spectral_Flatness,0.00036601307189542483
C4__vmd2__RMS,0.0003655469107551487
Pz__vmd4__Hurst_Exponent,0.0003654039722092652
O2__ewt2__Higuchi_FD,0.000365403661320974
Fp1__emd5__Hjorth_Mobility,0.00036486830414720126
O1__vmd3__Max,0.00036486032421768417
F3__emd5__Tsallis_Entropy,0.00036483941568687326
T7__ewt4__Hjorth_Mobility,0.0003645429908844543
F4__vmd3__Log_Entropy,0.0003640151515151516
O2__emd2__Q2,0.00036379426045079534
F7__vmd2__Spectral_Flatness,0.0003633972864742096
F4__vmd5__Higuchi_FD,0.00036330129672006086
F4__ewt1__Kurtosis,0.0003617571059431524
P4__emd2__Spectral_Flatness,0.0003611451525054467
T8__emd3__RMS,0.000359672382500918
F8__ewt6__Peak,0.0003596305698082636
Cz__emd5__Min,0.0003584762181820016
O2__emd1__Q2,0.0003584486501153169
C4__ewt3__Hjorth_Complexity,0.00035739371332591674
Fz__vmd1__Hjorth_Mobility,0.00035737108190091
P3__emd3__Higuchi_FD,0.00035665758439509777
O2__emd3__Skewness,0.00035617391304347816
F4__vmd5__Min,0.00035613139159238437
P4__emd5__Max,0.00035586553445044746
O1__vmd3__Peak,0.0003553560378483591
T8__emd4__Median,0.0003552904742788324
T8__ewt4__Shannon_Entropy,0.0003549680991045595
F3__vmd6__Permutation_Entropy,0.0003543254463833665
Pz__emd1__Permutation_Entropy,0.0003541456986835139
Pz__vmd5__Higuchi_FD,0.000352916224814422
T7__ewt5__Q1,0.00035290796160361386
P7__ewt1__IQR,0.00035275755787264753
P7__vmd2__Q3,0.0003521864911324473
P4__emd5__Std,0.0003519287336751137
P3__vmd2__Std,0.0003515415593846967
Cz__emd3__Kurtosis,0.0003506216816403827
Fp1__vmd6__Hjorth_Activity,0.0003503532064185738
F8__emd1__Std,0.00034919011082693957
P3__ewt1__Median,0.0003484191503504086
C3__vmd1__Max,0.000348410353691898
C4__emd6__Tsallis_Entropy,0.00034818547425646595
O1__vmd3__Hjorth_Activity,0.0003480946785294612
P8__emd3__Hjorth_Complexity,0.00034805382741890707
Fp2__emd3__Q1,0.0003479013387827978
Fz__emd3__IQR,0.000347707305606613
O1__vmd1__Hjorth_Complexity,0.00034712207463630625
O2__ewt6__Log_Entropy,0.00034632034632034627
C3__emd3__Hjorth_Mobility,0.0003461332277018552
Cz__emd4__Hjorth_Activity,0.00034565179989577385
O1__emd3__Shannon_Entropy,0.0003455017774131802
O2__emd5__Renyi_Entropy,0.0003448695340334136
Fz__vmd1__Q2,0.0003447261725681598
O1__vmd3__Kurtosis,0.0003439312713572675
Fz__ewt3__Hjorth_Mobility,0.0003438870128174033
P7__ewt5__Permutation_Entropy,0.00034355784355784345
F7__emd6__RMS,0.00034344685242518054
Fz__ewt2__Shannon_Entropy,0.00034329584433789287
Fp1__emd6__Peak,0.0003427352818657167
O2__vmd6__Hjorth_Complexity,0.0003426877470355731
C3__emd1__Permutation_Entropy,0.00034232277050085034
F7__emd4__Renyi_Entropy,0.00034209085933223853
P7__ewt5__Log_Entropy,0.00034197107240585485
Cz__vmd6__Hjorth_Mobility,0.0003417593528816986
P4__ewt4__Q2,0.00034172335725276914
Cz__vmd1__IQR,0.0003415490170207151
O1__emd6__Spectral_Flatness,0.0003413341595847133
Cz__ewt4__Max,0.0003412535990056518
Cz__vmd4__Permutation_Entropy,0.0003411396165271401
T8__emd1__Q3,0.0003407792207792208
O1__ewt2__Std,0.0003404255319148934
O2__emd2__Log_Entropy,0.0003403846153846152
C3__ewt1__Median,0.0003396863909508661
T7__vmd5__Tsallis_Entropy,0.00033965427407055526
F8__vmd6__Mean,0.00033842354145959463
Fp1__emd3__Hurst_Exponent,0.0003383885260993383
P3__emd1__Hjorth_Mobility,0.00033800150105597535
O2__vmd6__Permutation_Entropy,0.0003378858788336806
Fp1__original__Q1,0.0003378483322537732
Fz__vmd4__Skewness,0.00033765697728232574
P8__original__Renyi_Entropy,0.00033759367090815457
P7__ewt5__Hurst_Exponent,0.00033707056214947174
P4__emd2__Tsallis_Entropy,0.000337063857801185
F4__ewt1__Q2,0.00033699387732049924
F3__ewt4__Renyi_Entropy,0.00033685407558027824
O2__vmd5__Higuchi_FD,0.00033663243075007776
O1__vmd3__Mean,0.0003365211148109253
Pz__emd6__Max,0.00033625512418615874
Cz__ewt6__Hjorth_Mobility,0.00033623818525519854
F7__vmd4__Higuchi_FD,0.00033566433566433563
P8__ewt4__Q3,0.0003354630606041808
P8__emd3__Permutation_Entropy,0.0003350773849692196
O2__ewt5__RMS,0.00033491392199581357
P8__emd4__Shannon_Entropy,0.0003348405797101451
C3__ewt2__Max,0.00033473519487505507
Fp2__vmd1__Spectral_Flatness,0.0003344356918127409
T8__emd5__Higuchi_FD,0.00033405056481979555
Cz__ewt2__Max,0.00033371421606715737
F3__vmd2__Peak,0.0003336765709323242
F8__ewt4__Q2,0.0003334261221335067
O1__emd3__Higuchi_FD,0.0003332096209390896
T8__ewt5__Log_Entropy,0.00033295754998256095
Fp1__vmd6__Q2,0.0003327221558928877
Pz__emd6__Hurst_Exponent,0.0003325168744299179
Pz__emd3__Max,0.0003321839080459769
F3__vmd2__Tsallis_Entropy,0.0003319823283525644
C4__ewt2__Hjorth_Mobility,0.0003318403045598271
Cz__emd5__Hjorth_Complexity,0.0003314851665076552
Fz__ewt1__Median,0.00033146039446524107
T7__emd1__Log_Entropy,0.00033127851963830787
P7__emd6__IQR,0.0003311528709198415
F8__vmd1__Higuchi_FD,0.00033111897518677187
Pz__ewt3__Peak,0.00033061224489795916
C3__emd6__Hjorth_Complexity,0.0003303326517691262
Pz__ewt4__Spectral_Flatness,0.0003302501096972356
Cz__vmd1__Hjorth_Complexity,0.000329120513491328
C4__original__Std,0.0003287759197324415
F4__vmd3__Permutation_Entropy,0.0003283988367383427
P3__emd6__Renyi_Entropy,0.00032836299502966176
C3__emd4__Mean,0.00032797877984084883
P4__ewt5__Std,0.0003277337872982898
C4__emd1__Hjorth_Complexity,0.00032750260275684
C3__vmd3__Peak,0.0003273902153453973
O2__ewt1__Hurst_Exponent,0.0003273657289002558
F7__vmd5__Hjorth_Activity,0.00032651210248852114
Fp2__ewt2__Q1,0.00032622854877381114
O2__vmd6__Hurst_Exponent,0.0003259485612426789
P7__ewt2__Peak,0.0003257389162561576
F4__ewt4__RMS,0.0003257353024217076
Fp2__emd6__Log_Entropy,0.00032549268912905285
F4__vmd4__Hjorth_Mobility,0.00032537815126050426
C3__ewt3__Min,0.00032502758714181713
C3__vmd3__Min,0.00032499874852816036
F3__emd6__Peak,0.0003249582923875037
Cz__vmd3__Hurst_Exponent,0.000324832294652113
Fz__original__IQR,0.0003246098439375751
Fp2__vmd3__RMS,0.00032457044696455406
T8__vmd2__Q1,0.00032429917908178776
P7__ewt3__Peak,0.0003242212333121424
P4__emd1__IQR,0.000324152262928192
O2__vmd2__Hjorth_Mobility,0.0003233999507785135
C4__emd4__Tsallis_Entropy,0.00032314372557533654
T7__emd2__Hjorth_Complexity,0.00032293928711320003
O1__emd1__Mean,0.0003228191469706337
O2__emd5__Kurtosis,0.0003227831991035749
Fp2__original__Q3,0.0003226137274469119
P7__ewt1__Hjorth_Activity,0.0003225699166708544
P3__vmd2__Hjorth_Complexity,0.00032200869525190567
C3__vmd5__Skewness,0.0003219875776397515
C4__ewt3__Mean,0.00032196969696969704
P8__emd4__Hjorth_Complexity,0.0003218794490078212
Fp1__vmd6__Tsallis_Entropy,0.0003218032053646926
F4__vmd4__Spectral_Flatness,0.0003215513949077963
F3__original__Median,0.0003215022509140158
C4__vmd2__Std,0.00032099207783098355
O1__emd6__IQR,0.0003206540319583797
F7__emd6__Hjorth_Complexity,0.0003205683205683205
F4__vmd3__Spectral_Flatness,0.00032050874403815585
Pz__ewt3__Median,0.0003201581027667984
C3__emd3__Q3,0.0003198790627362055
C4__ewt3__Median,0.00031936832744101993
F3__emd4__Hurst_Exponent,0.00031872603215729497
Cz__ewt5__Median,0.0003186112674992967
C3__emd6__Hurst_Exponent,0.0003180492976411344
Fp2__emd5__Permutation_Entropy,0.0003175654529665225
F7__emd5__Kurtosis,0.0003167360387121826
Cz__ewt4__Std,0.0003166696832579186
Pz__vmd4__Q1,0.0003164001216175129
F3__emd4__Log_Entropy,0.0003156565656565657
Fz__vmd1__Hjorth_Activity,0.0003146391715208447
T7__emd1__Kurtosis,0.00031435727063634035
C4__ewt2__Q2,0.0003141425594834166
P3__vmd6__Hjorth_Mobility,0.0003139359369958487
C4__original__Mean,0.0003139139139139139
Fp2__ewt4__Hjorth_Activity,0.0003131940523244871
C4__ewt1__Hjorth_Mobility,0.0003125
C4__emd1__Skewness,0.00031197396838195064
Fp2__original__Median,0.00031185154779260867
F3__ewt4__Spectral_Flatness,0.00031175532822753135
T8__original__Spectral_Flatness,0.0003117292520873082
Fp2__ewt1__Peak,0.0003106089508437269
P8__emd4__Mean,0.0003104079530606088
C3__vmd5__IQR,0.0003099715099715099
Pz__emd2__Q2,0.000309852893102321
F8__ewt2__Permutation_Entropy,0.00030985233599612686
F7__ewt5__Hjorth_Complexity,0.00030974311109225504
C4__emd1__Min,0.000309600987248046
P7__ewt5__Min,0.00030946722123192705
P4__emd2__RMS,0.00030932608496883927
O2__emd1__Hjorth_Complexity,0.0003083658888536938
Cz__emd1__Peak,0.00030817928189642835
Pz__ewt1__Min,0.0003081432898362597
Fp2__vmd1__Hurst_Exponent,0.0003075470558251052
O2__emd5__Q1,0.00030751875114336247
P7__emd2__Std,0.00030741826300412646
O2__emd4__Q2,0.0003069514072553586
F4__ewt3__Max,0.00030678733694035343
Fp1__ewt2__Kurtosis,0.00030657596371882085
F3__emd5__RMS,0.00030614371136110266
C4__emd5__Shannon_Entropy,0.000306101097061549
Fp1__ewt1__Shannon_Entropy,0.0003059253309707032
Pz__ewt2__Higuchi_FD,0.00030586072817249905
C3__vmd2__Kurtosis,0.00030574303557540203
P4__emd1__Renyi_Entropy,0.0003057025279247502
F4__vmd4__Peak,0.00030554885065536494
T7__vmd4__Hurst_Exponent,0.00030528178101339336
F8__ewt1__Mean,0.00030482981366459626
Cz__vmd2__Hurst_Exponent,0.0003046164054600605
O1__emd5__Permutation_Entropy,0.00030446494794599064
Fz__vmd3__Skewness,0.00030442928288838177
P8__emd2__Hurst_Exponent,0.00030393531620141544
Pz__emd5__Spectral_Flatness,0.00030377257525083607
F8__ewt5__Std,0.00030363393147997983
F4__ewt4__Higuchi_FD,0.0003036339314799798
C3__emd5__Median,0.00030329091706888996
O1__emd5__Higuchi_FD,0.00030286080315348617
F8__emd2__Skewness,0.000302819926069354
O1__vmd2__IQR,0.0003028143145721352
C3__vmd2__Hjorth_Complexity,0.00030234315948601657
T7__ewt2__Peak,0.0003021162245796373
T7__emd1__Skewness,0.0003021044751779598
T8__emd1__Median,0.00030206322472431873
T8__emd1__RMS,0.0003017765504544145
C3__emd6__Hjorth_Mobility,0.00030174688057040997
F7__ewt1__Higuchi_FD,0.0003017389627915944
P7__emd2__Hurst_Exponent,0.0003016144980339354
Cz__emd6__Skewness,0.0003016042780748663
Fp2__vmd5__Std,0.0003015437512056828
C4__vmd3__Mean,0.00030100027388163
T8__ewt3__RMS,0.0003000000000000001
F3__vmd3__Permutation_Entropy,0.000299289188178077
P8__vmd6__Hjorth_Complexity,0.00029884692202385236
P7__emd2__Log_Entropy,0.0002982345199013631
Fz__vmd3__Q2,0.00029821342092603407
P7__emd4__Kurtosis,0.00029780459817787196
F7__ewt3__Q2,0.00029736351867639164
F7__ewt3__Peak,0.0002972922502334267
F7__emd5__Hjorth_Mobility,0.0002971698113207546
P7__emd4__Tsallis_Entropy,0.00029712065006182647
C3__vmd5__Higuchi_FD,0.0002964872271096888
F3__vmd2__Spectral_Flatness,0.00029631768736340793
T7__vmd1__Higuchi_FD,0.00029594446474241873
Fp1__vmd6__Skewness,0.00029570053475935825
P8__emd1__RMS,0.00029509985812506813
P7__ewt3__Max,0.00029478609625668443
P4__ewt4__Max,0.0002945533769063181
O1__emd5__RMS,0.0002945404119266673
P4__vmd6__Std,0.00029404654328666474
F8__emd3__Hjorth_Activity,0.0002937062937062937
Cz__vmd3__Median,0.00029343338915206263
F8__vmd4__Tsallis_Entropy,0.0002930564875853629
Cz__ewt3__Higuchi_FD,0.0002929292929292929
F8__vmd4__Spectral_Flatness,0.0002922452619843924
C4__emd6__Std,0.00029192271143490655
Fz__emd5__Std,0.00029191753329684374
Pz__emd3__Kurtosis,0.0002918645690682165
F7__ewt3__Hurst_Exponent,0.00029179918121094586
Fz__ewt4__Min,0.0002914150197628459
P8__original__Q2,0.00029104108232964855
C3__ewt6__Mean,0.000291005291005291
P8__ewt4__Max,0.00029093892427780563
F7__emd3__Mean,0.0002908088330183021
F8__ewt3__Median,0.00029080144832000616
Fp2__ewt2__Kurtosis,0.00029053200108020524
F4__vmd1__Std,0.0002904456562927327
F3__ewt4__Shannon_Entropy,0.00029030542287246
F4__emd3__Hurst_Exponent,0.0002898011363636366
C4__ewt4__Min,0.0002895722870272181
C4__ewt1__Min,0.0002894611085493116
F8__ewt6__Higuchi_FD,0.00028896321070234115
T7__ewt6__IQR,0.00028884849244656174
C3__emd1__Peak,0.0002887912838062389
P3__original__Median,0.00028848320937570435
P8__ewt5__IQR,0.0002882103134479271
C4__vmd3__Kurtosis,0.0002877821315732681
Fp2__emd3__Skewness,0.0002876649398837221
T8__emd1__Q1,0.00028731294729993507
C4__ewt5__Tsallis_Entropy,0.00028695652173913046
P4__ewt5__Kurtosis,0.00028676399408106724
F7__ewt3__Std,0.0002864450127877237
P3__emd4__Skewness,0.00028643356643356645
F4__emd2__RMS,0.0002855898508072421
T7__vmd3__Mean,0.0002855446698205392
P3__vmd5__Peak,0.0002854806161165651
F7__ewt6__Spectral_Flatness,0.000285419430930267
P8__original__Hurst_Exponent,0.00028510146840455376
F8__emd4__Renyi_Entropy,0.0002846768336964415
T8__ewt2__Shannon_Entropy,0.00028452993377075256
P3__emd2__RMS,0.0002840367965367966
P8__vmd1__Tsallis_Entropy,0.0002838009049773755
Fz__ewt2__Std,0.00028342166417645175
Fp1__emd5__Median,0.00028317095133364415
P4__emd5__Q1,0.00028289648053343014
F3__vmd2__Kurtosis,0.0002827864309603439
O1__emd2__IQR,0.0002827712418300651
T7__ewt5__Q2,0.00028244631185807674
T8__emd5__Q1,0.0002823816760468343
Fz__ewt6__IQR,0.00028234337177426605
Fz__emd1__Shannon_Entropy,0.0002821869488536155
F4__ewt2__Peak,0.0002816630258490723
T8__vmd2__Hjorth_Activity,0.0002803560076287349
Fp1__vmd3__Hjorth_Complexity,0.0002783816949536521
Fz__emd1__Median,0.0002782608695652173
P7__vmd4__Hjorth_Activity,0.00027825322777971957
Pz__ewt5__Shannon_Entropy,0.0002781878708930379
P8__vmd4__Median,0.00027816681265282545
T7__vmd2__Hjorth_Mobility,0.0002781427722604193
Fp1__vmd2__Renyi_Entropy,0.00027789355692720664
Fp2__emd2__Peak,0.0002777777777777778
Pz__vmd3__Max,0.00027775959979349805
P4__vmd3__Higuchi_FD,0.00027768629171721345
Fp1__emd6__Hjorth_Mobility,0.00027768629171721345
P8__vmd6__Shannon_Entropy,0.0002767184035476719
P4__emd2__Hjorth_Activity,0.000276483291438426
P3__ewt3__Mean,0.0002764600133772075
C4__ewt2__Kurtosis,0.0002764341953835797
P7__vmd2__Kurtosis,0.00027643215240114483
P4__original__Median,0.00027618316891974185
C4__ewt2__Mean,0.0002760524499654933
Fp2__ewt4__Q3,0.0002753903402100745
T8__vmd4__Permutation_Entropy,0.00027474493388328044
C4__vmd1__Hurst_Exponent,0.0002744597109814502
T8__ewt3__Hurst_Exponent,0.00027443775736458656
P4__original__RMS,0.0002744059534816917
Fp2__vmd6__Hjorth_Activity,0.00027350427350427347
F3__ewt5__Max,0.00027317912856374377
Fp2__ewt1__Q1,0.00027305209051589033
C4__ewt1__IQR,0.00027302423090049243
F3__emd3__Max,0.0002728028698201506
P7__vmd4__RMS,0.0002724883241012272
Pz__original__Std,0.0002722874898103061
Fz__emd4__Median,0.00027210469556984403
Fz__emd6__Max,0.00027188811188811186
C3__ewt2__Median,0.00027167701863354036
P3__vmd5__Higuchi_FD,0.0002716238010355657
Fz__emd5__Max,0.000271053929590515
P7__vmd4__Hjorth_Complexity,0.0002708994708994709
O2__ewt2__IQR,0.00027028657616892914
P3__ewt4__Renyi_Entropy,0.0002702865761689291
T7__emd4__Hjorth_Activity,0.0002702865761689291
F7__emd5__Median,0.0002702865761689291
F8__ewt2__Hurst_Exponent,0.00026960763676867245
Cz__vmd2__Max,0.00026934767360299274
P7__emd5__Permutation_Entropy,0.0002692352914575138
F7__emd4__Hurst_Exponent,0.00026885114885114893
P3__vmd2__Log_Entropy,0.0002686202686202687
F7__ewt1__Skewness,0.00026832298136645965
O1__emd1__Hjorth_Mobility,0.0002682944515438793
O1__ewt6__Higuchi_FD,0.0002679425837320574
Pz__emd6__Skewness,0.0002679362905351606
F8__vmd5__Shannon_Entropy,0.0002679225536368396
P3__emd2__Hurst_Exponent,0.0002678571428571429
P3__ewt3__Q2,0.00026762414407976185
T7__emd6__Mean,0.0002671717171717171
Fz__emd1__Q1,0.00026714155409807584
Pz__vmd2__Spectral_Flatness,0.0002670779512884777
F4__vmd3__Hjorth_Activity,0.0002669472545819681
Fz__emd2__Tsallis_Entropy,0.0002666795273691825
Fz__emd6__Min,0.00026658779453810506
Fp2__vmd1__Higuchi_FD,0.00026651759985093316
O2__emd5__Spectral_Flatness,0.00026610180512993823
T7__ewt5__Hjorth_Complexity,0.0002660947038442501
C4__ewt3__Min,0.00026604466409551746
F3__original__Higuchi_FD,0.00026577075098814214
Fz__vmd1__Median,0.0002657132001736865
Cz__ewt2__Hjorth_Activity,0.0002656381701616818
P4__ewt2__Hurst_Exponent,0.00026552189522725903
Pz__emd1__Skewness,0.0002654894091415831
O1__vmd4__Kurtosis,0.00026530934343434333
T7__ewt1__Spectral_Flatness,0.0002645717377860235
P4__original__Mean,0.00026420848127554095
F8__vmd3__Std,0.00026418988648090817
T8__emd4__Higuchi_FD,0.0002631911217437533
Pz__ewt3__Kurtosis,0.00026304120430995615
P8__emd6__Min,0.00026295652173913053
F4__vmd6__Log_Entropy,0.0002622073578595319
C4__ewt2__Peak,0.0002617415100627088
Fp1__emd4__Log_Entropy,0.0002616899150232483
P4__vmd3__Std,0.0002612867009151839
O2__vmd1__Q2,0.00026052974381241857
Pz__emd3__Higuchi_FD,0.0002597476261230832
T8__original__Hurst_Exponent,0.0002597101449275362
F3__vmd3__Median,0.0002594023609038053
F4__vmd2__Higuchi_FD,0.00025925925925925915
F8__ewt1__Permutation_Entropy,0.0002591233362910383
T8__ewt1__RMS,0.0002586130695569821
T7__emd2__Mean,0.0002584905989161307
Fz__original__Hurst_Exponent,0.00025848447204968955
T8__vmd6__Std,0.00025836114502781173
F8__original__Permutation_Entropy,0.0002581175127393615
P7__ewt3__Median,0.0002576981648297757
F4__ewt3__Hjorth_Activity,0.00025757414159003104
T7__ewt6__Min,0.00025714285714285704
Fz__ewt4__Spectral_Flatness,0.0002569930069930071
C3__ewt6__Permutation_Entropy,0.00025675421550805475
T7__vmd4__Hjorth_Mobility,0.0002565215939076121
P8__ewt5__Log_Entropy,0.00025626545056849846
F8__ewt5__RMS,0.00025625554569653943
F7__ewt2__Permutation_Entropy,0.0002562344741497252
F3__emd6__Shannon_Entropy,0.0002561148528890465
T8__ewt3__Renyi_Entropy,0.00025606060606060606
Fp1__ewt2__Hurst_Exponent,0.0002558037706973878
F3__vmd1__Median,0.00025534526854219947
F7__ewt5__Kurtosis,0.0002553062832698091
P8__ewt3__Mean,0.00025513992094861667
F7__emd4__Mean,0.00025489510489510485
Pz__original__RMS,0.0002545938909575273
Fp2__ewt1__Hurst_Exponent,0.00025424685012223397
Cz__ewt4__Tsallis_Entropy,0.0002539682539682539
P8__ewt6__Hjorth_Complexity,0.0002534071286905754
P3__vmd5__Permutation_Entropy,0.00025340436501117037
O1__original__Shannon_Entropy,0.0002531546256946715
C4__ewt3__Higuchi_FD,0.0002528944697439215
Fp2__vmd4__Q3,0.00025277294833736123
C4__emd6__Min,0.00025274243089074157
Fz__vmd1__RMS,0.00025267787767787773
T8__ewt4__Peak,0.0002526388924804068
P4__ewt1__Q2,0.00025263490309083015
P8__vmd2__Shannon_Entropy,0.0002525392765801973
C4__vmd6__Hjorth_Complexity,0.00025244183472557187
P3__emd4__Spectral_Flatness,0.00025170101943085055
F7__vmd1__Permutation_Entropy,0.00025153203033752714
C4__ewt5__Hjorth_Complexity,0.0002511304347826087
F7__emd4__Higuchi_FD,0.0002507831560043373
P3__emd2__Higuchi_FD,0.00025043611834635695
O1__vmd4__Mean,0.0002504347826086957
Fp2__vmd5__Hurst_Exponent,0.000250304347826087
C4__emd5__Max,0.00025029138195031646
Fp2__original__Q1,0.00025022955481176503
T8__vmd2__RMS,0.0002501292942091167
F4__vmd3__Tsallis_Entropy,0.00024943310657596373
Fz__emd4__Spectral_Flatness,0.0002492455155711022
P4__vmd2__Spectral_Flatness,0.0002492237360620683
T8__ewt2__Hjorth_Activity,0.00024920058474115896
F4__vmd5__Q1,0.00024850982114409223
F4__vmd6__Q3,0.0002479051383399209
F7__emd6__Std,0.0002476589630639596
P4__emd1__Q2,0.0002476209843837544
O2__vmd3__Peak,0.0002469387755102041
O2__ewt3__Q1,0.0002469135802469136
O2__ewt3__Hjorth_Complexity,0.00024587765957446815
C4__original__Peak,0.00024544273998097223
P7__original__Min,0.0002454131494154927
Cz__vmd4__Shannon_Entropy,0.00024527580365661325
T8__vmd4__Q3,0.0002451657066991694
P4__ewt5__Q3,0.0002444444444444445
T7__ewt1__Mean,0.0002442199775533109
Pz__vmd2__Hurst_Exponent,0.00024397182304583157
T8__emd1__Spectral_Flatness,0.00024386724386724382
F7__ewt4__Median,0.00024372897355056744
T8__ewt4__Kurtosis,0.00024347826086956525
P3__emd2__Median,0.0002433749257278669
P3__emd1__Hjorth_Activity,0.00024284584980237164
P3__original__Shannon_Entropy,0.00024282305514798517
P8__vmd3__Q2,0.00024273544170848402
F7__ewt5__Q2,0.0002421854008060904
P8__ewt2__Hjorth_Activity,0.0002420057185421478
C3__emd2__Peak,0.00024192664714571446
Pz__emd1__Hjorth_Complexity,0.00024172127363260014
F4__emd4__Kurtosis,0.00024149068322981367
T8__emd3__Higuchi_FD,0.00024099821746880568
F3__emd1__RMS,0.00024080737165423424
Fp2__original__Hurst_Exponent,0.00024064516129032254
P3__ewt6__RMS,0.0002401963898433558
F8__vmd2__Max,0.00024016105475072044
F8__ewt5__Tsallis_Entropy,0.00024000999000999002
F3__emd2__Peak,0.0002397537132055092
F4__ewt2__Max,0.00023960930042771472
P7__ewt2__Min,0.00023944464742418702
T8__ewt2__Q2,0.00023943534327166045
Fz__ewt2__Median,0.00023920671243325706
T7__emd2__Max,0.000239150978411304
F3__vmd1__Higuchi_FD,0.00023906508840095168
T7__emd2__Q2,0.00023902894491129788
Fp1__ewt1__Hjorth_Mobility,0.0002389926183239253
Fp1__vmd4__Q3,0.00023863636363636364
Pz__emd6__Higuchi_FD,0.0002385694928377856
F7__ewt5__Log_Entropy,0.0002385211687537269
T7__emd4__Peak,0.00023825809995182523
C3__vmd2__Max,0.00023766751918158566
Fz__ewt5__Hjorth_Activity,0.0002373626373626373
P7__emd1__Max,0.00023712870814402294
P7__ewt1__Q2,0.00023712665406427225
P4__ewt3__Std,0.0002369309041850578
Fp1__original__Q3,0.00023679454390451834
P7__emd6__Mean,0.00023665223665223674
C4__vmd5__Permutation_Entropy,0.00023648945568787227
Pz__vmd3__Q2,0.00023617376042123727
Cz__ewt4__Q3,0.0002359281274965134
T8__emd6__IQR,0.00023572908572908576
P3__vmd6__Max,0.00023550999242091835
Fp2__vmd4__RMS,0.00023499177448757272
P7__ewt4__Hjorth_Mobility,0.000234965034965035
P7__ewt5__Skewness,0.000234965034965035
Fp1__vmd4__Q2,0.0002346983700893077
Pz__emd2__Hurst_Exponent,0.00023468115100302374
P4__original__Peak,0.00023448773448773446
P4__emd6__Max,0.00023447738730489518
P4__emd2__Peak,0.0002341844202309318
P8__emd6__Hjorth_Complexity,0.00023414634146341464
F8__emd5__Hjorth_Mobility,0.00023376623376623377
P8__vmd2__Permutation_Entropy,0.00023345039280035722
Pz__vmd2__IQR,0.00023319838056680157
O2__emd3__Hurst_Exponent,0.00023296258847320522
F4__ewt6__Log_Entropy,0.00023238925199709515
Pz__ewt6__Hjorth_Activity,0.00023214509068167604
P7__vmd2__IQR,0.0002321428571428572
P8__emd1__Spectral_Flatness,0.00023210831721470025
T7__ewt1__Q2,0.0002318036370210283
Pz__emd6__Mean,0.00023165217391304355
F3__emd5__Median,0.00023163621262458454
O2__ewt2__Peak,0.00023155929038281984
Fp2__ewt3__Shannon_Entropy,0.00023135041250542775
Fp1__vmd3__IQR,0.00023135041250542775
O2__ewt4__Renyi_Entropy,0.0002311705685618729
P3__emd4__Mean,0.0002311480155439835
F3__ewt2__Max,0.00023088886797093477
Fp2__vmd2__Skewness,0.0002308694345168509
T8__emd1__Hjorth_Complexity,0.0002308694345168509
Cz__ewt5__Hurst_Exponent,0.0002300653594771242
F7__ewt6__Min,0.00023004370830457787
F4__vmd2__Skewness,0.00022999252216643522
F4__ewt4__Median,0.00022982948210911736
F8__ewt4__Hjorth_Activity,0.00022976584626431052
Fz__emd4__Q2,0.00022946778711484592
C4__vmd2__Median,0.00022916666666666666
C3__emd1__Hjorth_Activity,0.0002289689440993789
F8__ewt3__Mean,0.00022859939636185662
T7__vmd5__Std,0.0002285714285714286
P8__ewt4__Min,0.00022816240021321672
P3__ewt5__Hurst_Exponent,0.00022794117647058828
P7__vmd3__Peak,0.00022774146695715323
C3__ewt2__Hjorth_Activity,0.00022766798418972334
P3__vmd6__Mean,0.00022764927380311987
Fp2__ewt1__Renyi_Entropy,0.0002274681878016673
C3__ewt4__Q1,0.0002273029966703661
Fp1__vmd3__Peak,0.0002272727272727273
F7__original__Median,0.00022657342657342655
Fz__emd3__Peak,0.00022656250000000007
P7__emd3__Hjorth_Mobility,0.00022620282868346557
F3__emd3__RMS,0.00022616259618601537
F7__emd6__Max,0.00022612634909524248
Fp2__vmd5__Q1,0.00022601087390201858
O1__vmd5__Kurtosis,0.00022577589643433778
O1__ewt1__Peak,0.00022559854697134208
O1__vmd6__Higuchi_FD,0.00022548512883247958
F7__emd3__IQR,0.0002253982042928553
F8__ewt2__Mean,0.00022539130434782618
F8__vmd5__Hurst_Exponent,0.00022527843556641958
F4__vmd6__Mean,0.00022521535485184806
Pz__emd4__Hjorth_Mobility,0.0002251796983504301
Fz__vmd6__Hjorth_Complexity,0.0002250976986539296
F7__emd6__Mean,0.00022506393861892584
C3__ewt5__Hjorth_Mobility,0.00022440494770929552
P8__vmd1__Spectral_Flatness,0.000223991358358088
F4__emd5__Hjorth_Mobility,0.00022395028103468017
P4__emd4__Hjorth_Activity,0.00022391534391534405
C4__vmd4__Peak,0.00022322647577549537
F3__ewt5__Higuchi_FD,0.00022309368191721134
P4__ewt5__Spectral_Flatness,0.00022282398452611212
F8__emd3__Spectral_Flatness,0.00022280834566924964
P3__ewt4__Skewness,0.00022260869565217392
P3__original__Max,0.00022245104728821615
P7__emd1__Higuchi_FD,0.0002223187147199305
Fz__vmd5__Std,0.0002222222222222222
Fp1__ewt6__Spectral_Flatness,0.0002221890201834217
T8__original__Higuchi_FD,0.00022193191423960663
F3__vmd2__Std,0.00022158567774936062
Fz__vmd3__Mean,0.00022127438980488163
Fz__original__Mean,0.00022125499772558603
P7__ewt1__Hjorth_Complexity,0.0002208257884787584
O1__vmd6__Mean,0.00022082485554608314
P4__vmd1__Q3,0.00022079335852269715
F8__vmd3__Q2,0.0002207933585226971
P7__vmd6__Max,0.00022077400860009562
P4__emd2__Q3,0.0002204585537918871
T8__emd5__Q3,0.0002204585537918871
Fp2__vmd6__Q3,0.00022044982044982042
P3__ewt4__RMS,0.00022038586951069017
Fp1__original__Tsallis_Entropy,0.00021988089784699954
P7__emd3__Hjorth_Complexity,0.00021976804268808282
Fz__emd3__Q1,0.00021933621933621934
P4__ewt4__Min,0.0002192996474735605
Pz__emd1__Tsallis_Entropy,0.00021917009819448843
P7__vmd3__Spectral_Flatness,0.00021894203357617997
P7__original__Std,0.00021894203357617991
Pz__vmd2__Mean,0.0002187889564706023
Fz__ewt1__Spectral_Flatness,0.0002185314685314685
C3__ewt5__Mean,0.00021844155844155842
O2__vmd3__Hjorth_Mobility,0.00021826014356359828
Cz__emd1__Q2,0.0002180387465991181
T8__vmd2__Hjorth_Mobility,0.00021789740050609608
P3__vmd2__Q3,0.00021776937618147443
O2__ewt2__Log_Entropy,0.00021720326661503112
Pz__vmd4__RMS,0.00021719953378887942
C4__ewt2__Median,0.00021694220171728803
Fz__emd1__IQR,0.00021679131817239246
O2__ewt1__Permutation_Entropy,0.00021663636933492135
O1__vmd4__Renyi_Entropy,0.00021654135338345864
P4__ewt4__Q1,0.00021607991798393056
Fp1__ewt6__Skewness,0.00021584974490015398
Pz__vmd1__Hjorth_Mobility,0.00021558178397084176
P4__ewt1__Median,0.00021547080370609782
P3__ewt1__Mean,0.00021540184252048658
P3__vmd3__Renyi_Entropy,0.0002153502801996345
F8__emd5__RMS,0.00021474077180073307
P3__emd4__Q3,0.00021444812318002312
O2__vmd6__Q1,0.00021413028829851967
T8__ewt4__Hjorth_Mobility,0.00021412733607855566
T7__emd3__Spectral_Flatness,0.00021408578905449992
Pz__ewt6__Hurst_Exponent,0.00021396184625671242
F7__vmd4__Max,0.00021384374226548965
P4__emd6__Skewness,0.00021360457724094086
T8__emd5__Peak,0.00021336759687889148
F7__ewt4__Higuchi_FD,0.00021334946561806813
F8__ewt2__Hjorth_Complexity,0.00021329526755090302
Fz__original__Q2,0.00021306458690144225
F3__ewt2__Kurtosis,0.0002129321242706514
P4__ewt6__RMS,0.0002128315821866619
Fz__ewt6__Std,0.0002128315821866619
F7__vmd2__Higuchi_FD,0.00021255433739875048
P3__ewt1__Hurst_Exponent,0.0002125
C3__ewt4__Higuchi_FD,0.00021249011857707513
P4__emd2__Permutation_Entropy,0.00021237373737373734
P4__original__Max,0.00021234119782214157
C4__ewt6__RMS,0.0002121799218771575
Pz__vmd5__Hjorth_Complexity,0.00021212121212121213
Pz__emd1__Mean,0.00021200828157349897
F4__emd1__Median,0.00021200828157349897
F3__original__IQR,0.00021165293040293048
F8__ewt4__Q3,0.00021164021164021178
C3__vmd2__Q2,0.00021164021164021165
Fp1__ewt6__Permutation_Entropy,0.0002115742128935533
Pz__vmd3__IQR,0.00021148446833930704
P3__ewt6__Kurtosis,0.0002112986060161409
T8__original__Peak,0.00021108566193311953
F7__vmd4__Tsallis_Entropy,0.00021089244851258586
F4__emd6__Hjorth_Mobility,0.0002107067943456453
Fp2__ewt5__Higuchi_FD,0.00021070679434564526
T8__emd5__Hjorth_Complexity,0.00021061869240895123
T7__original__Q2,0.00021051745189676222
T7__emd6__Permutation_Entropy,0.00021043279709392858
T7__emd5__Hjorth_Activity,0.00021038156909387247
P8__emd5__Peak,0.00021024873609706778
O2__emd4__Hjorth_Activity,0.0002102271282458671
P7__vmd2__Higuchi_FD,0.00021022419315102242
Fp1__ewt2__Std,0.00021008403361344542
F4__vmd2__RMS,0.0002099999999999999
Fz__ewt1__Max,0.0002098535426837314
P3__vmd1__Hjorth_Mobility,0.00020969467184901982
P8__original__Max,0.0002095495792773469
F8__vmd1__Tsallis_Entropy,0.00020951406649616364
T8__vmd2__Mean,0.00020927335640138402
P7__emd4__IQR,0.00020922661263086812
Fp2__ewt1__Q3,0.00020915032679738564
P4__emd5__Hjorth_Complexity,0.0002090744101633393
P8__ewt4__Permutation_Entropy,0.00020901484480431856
F7__vmd6__Median,0.00020869565217391305
P4__ewt5__Peak,0.00020821674306573449
Fp1__vmd1__Hjorth_Complexity,0.00020809846873910047
C4__vmd4__Skewness,0.00020804922083546764
P3__emd5__Max,0.0002077985506556935
Pz__emd6__Hjorth_Mobility,0.00020731809852447098
F3__ewt5__Spectral_Flatness,0.00020728744939271248
P4__emd3__Std,0.0002072798995875918
T8__ewt1__Higuchi_FD,0.00020717275536087185
P7__ewt2__Q2,0.00020701552616446235
P8__emd4__Median,0.0002070155261644623
F7__ewt3__Spectral_Flatness,0.00020692424622328087
Fp2__emd4__Hurst_Exponent,0.00020676512307050496
F8__ewt4__RMS,0.00020674267277067575
P8__vmd3__Skewness,0.00020624040920716116
F7__emd1__Mean,0.00020618181818181816
C3__emd4__Median,0.00020588409276754176
F3__emd2__Mean,0.00020572117940538992
F3__vmd3__Shannon_Entropy,0.00020571428571428566
Fp1__vmd2__Higuchi_FD,0.00020550199026979224
Fp2__emd4__Shannon_Entropy,0.00020543651865282978
F3__emd1__Mean,0.00020543438136966949
P8__emd5__IQR,0.000205055246812684
P7__vmd2__Spectral_Flatness,0.00020444905394444661
F3__emd2__Higuchi_FD,0.0002043458980044346
P8__vmd5__Tsallis_Entropy,0.00020429564512609486
F3__ewt3__Hurst_Exponent,0.00020425531914893607
Fz__vmd2__Spectral_Flatness,0.0002041666666666666
T7__ewt4__IQR,0.00020408474899790032
P3__emd4__RMS,0.0002040125914969469
Fz__ewt4__Q3,0.00020385152415842945
Fp1__ewt4__Hjorth_Activity,0.00020385152415842945
C3__ewt4__Kurtosis,0.0002036942313157147
F7__vmd6__Renyi_Entropy,0.00020352795031055904
F3__emd4__Hjorth_Complexity,0.00020349761526232104
O1__ewt6__Min,0.00020347968292162068
T7__vmd3__Higuchi_FD,0.00020337662337662328
Cz__vmd4__Kurtosis,0.00020337595535163924
Fp2__ewt6__Median,0.00020327498588368156
F8__vmd3__Skewness,0.00020325853441565656
Fp2__vmd1__Tsallis_Entropy,0.00020321320017368646
P8__vmd6__Permutation_Entropy,0.00020321320017368646
Cz__emd6__Permutation_Entropy,0.000203125
F7__vmd2__Renyi_Entropy,0.00020298852790899452
Fp2__ewt6__Hjorth_Mobility,0.0002029056550156294
T8__ewt4__Min,0.00020259740259740268
P3__ewt5__Hjorth_Complexity,0.0002025390092410241
C4__emd2__IQR,0.0002024905136016247
O1__vmd1__Hjorth_Activity,0.00020231845155857308
Cz__vmd4__Tsallis_Entropy,0.00020197979403001557
P3__vmd3__Tsallis_Entropy,0.00020197945845004664
F4__emd3__Median,0.0002016806722689076
F4__vmd4__Hjorth_Activity,0.00020163398692810464
T7__ewt4__Spectral_Flatness,0.00020123147451535045
O1__emd4__Q3,0.00020116458704694
P3__ewt2__Kurtosis,0.0002007843137254902
C4__emd1__Max,0.00020078431372549016
O2__ewt1__Q2,0.00020056980056980044
F8__ewt3__Kurtosis,0.0002003478260869565
T8__ewt2__Peak,0.00020008684324793741
Fp2__emd1__Median,0.00019999999999999996
O2__emd5__Hjorth_Mobility,0.00019999999999999996
O1__vmd2__Median,0.00019973103935068287
P3__emd2__Tsallis_Entropy,0.00019961013645224175
T8__original__Mean,0.00019949468813734744
Cz__vmd2__Hjorth_Complexity,0.0001994679224346744
Cz__vmd1__Skewness,0.00019931485518530053
O2__emd5__Max,0.0001991854299546607
Cz__emd3__Mean,0.0001990950226244344
C4__vmd6__Max,0.00019903468179330254
O2__ewt5__Hurst_Exponent,0.00019903078288171478
Pz__ewt1__Shannon_Entropy,0.00019780219780219779
T8__original__RMS,0.0001974284793523127
F4__emd2__Permutation_Entropy,0.00019719887955182077
C4__emd6__Spectral_Flatness,0.00019719887955182077
Fz__emd4__Hjorth_Complexity,0.00019713373803116583
Fp2__vmd5__RMS,0.0001969079645029859
O1__vmd2__Skewness,0.0001968046477850399
P8__ewt5__Permutation_Entropy,0.00019677018633540381
O1__emd4__Hjorth_Activity,0.0001967701863354038
Pz__vmd5__Hjorth_Mobility,0.0001965324357969478
O1__emd5__Skewness,0.00019651386390422436
Fp1__emd1__Log_Entropy,0.0001964285714285715
T7__ewt2__Q2,0.0001964285714285715
Pz__emd5__Q1,0.0001964285714285715
Cz__ewt5__Std,0.00019641943734015363
Fp2__vmd1__Kurtosis,0.00019624060150375932
Fz__emd2__Median,0.00019536019536019536
O1__ewt2__Kurtosis,0.0001951557385703728
P8__vmd5__Q3,0.00019501322987823972
T7__vmd3__Hjorth_Activity,0.0001948471431583387
Pz__vmd2__Min,0.0001946222572042626
T7__ewt1__Q1,0.00019460671806716608
Fp2__vmd6__Skewness,0.00019441725453133964
C4__vmd4__Max,0.00019433198380566801
O2__ewt6__Kurtosis,0.0001936134453781512
Fz__ewt2__Higuchi_FD,0.00019343022195196115
O1__ewt5__Std,0.00019326128417037508
Pz__emd1__RMS,0.0001930618401206637
O2__vmd5__Mean,0.00019285714285714284
P3__emd6__Hurst_Exponent,0.00019264214046822744
P8__vmd4__Peak,0.00019264214046822744
C3__original__Tsallis_Entropy,0.00019264214046822744
F4__emd3__IQR,0.0001917543313621746
F3__ewt5__Min,0.0001917543313621746
Fp1__emd5__Renyi_Entropy,0.0001913765763044627
P3__ewt1__Tsallis_Entropy,0.00019090027573280462
F8__ewt3__Q2,0.00019063171367837917
P8__vmd2__Higuchi_FD,0.00019016590718518318
F7__vmd6__Hurst_Exponent,0.0001900318133616119
O2__original__IQR,0.00018956811482763043
Fp2__ewt5__Q2,0.00018955682316805617
F4__emd3__Permutation_Entropy,0.00018914825189334994
T7__ewt3__Hjorth_Complexity,0.000188970907511941
O1__ewt6__Peak,0.0001886552996354028
C3__vmd3__Q1,0.00018863943074469395
C4__emd4__Max,0.00018856265984654733
P8__emd4__Q3,0.00018845388724515036
F4__original__Renyi_Entropy,0.00018844313581155682
Pz__ewt6__Tsallis_Entropy,0.00018837209302325576
Fz__vmd5__Mean,0.00018831702893923517
C4__emd6__Hjorth_Mobility,0.00018823529411764707
Cz__ewt3__Hjorth_Activity,0.00018823529411764707
Pz__vmd1__Median,0.00018777625662356207
P8__ewt4__IQR,0.00018772321428571427
Fp1__emd4__Hjorth_Complexity,0.00018729096989966552
Fp1__vmd6__IQR,0.00018698101778142303
C3__ewt6__Median,0.00018648018648018645
F8__vmd5__Hjorth_Mobility,0.00018636213285042722
F8__vmd4__Max,0.00018626821551465328
F7__vmd1__Hurst_Exponent,0.00018591140159767612
F4__ewt2__Hjorth_Mobility,0.00018502717326246738
P3__original__Log_Entropy,0.00018485461906514548
T7__vmd1__Shannon_Entropy,0.00018470418470418467
Pz__emd6__Renyi_Entropy,0.0001841836734693879
C3__ewt3__Max,0.00018402649981597342
P8__ewt3__Q2,0.00018395373741700576
Fp1__ewt6__Shannon_Entropy,0.0001836521739130435
C3__vmd6__Skewness,0.00018363577560579202
F7__emd3__Q2,0.00018259303721488587
P7__vmd1__Peak,0.00018253119429590013
T7__original__Log_Entropy,0.00018241535566763524
T7__emd6__Median,0.00018213438735177864
T8__emd3__Median,0.0001818971302253977
C4__vmd3__Spectral_Flatness,0.00018181818181818183
C4__emd3__Hjorth_Mobility,0.00018181818181818183
P7__original__Permutation_Entropy,0.00018148148148148144
Fp1__ewt2__Q1,0.00018145161290322568
C3__vmd4__Hjorth_Mobility,0.00018140589569160998
Pz__emd1__Log_Entropy,0.00018098753179083182
F3__ewt5__Tsallis_Entropy,0.00018027915099787337
O2__ewt2__Std,0.00018000662928996966
F3__emd5__Higuchi_FD,0.00018000551037276652
P8__vmd1__Renyi_Entropy,0.0001797229797229796
P4__emd2__Q2,0.00017971106143980828
T8__ewt5__Kurtosis,0.00017918961537582542
Fp1__ewt3__Permutation_Entropy,0.00017848163763664466
Fp1__emd5__Std,0.0001781296387926769
T8__vmd4__Mean,0.00017777947130269122
F4__emd3__Spectral_Flatness,0.00017777777777777779
Fp2__ewt1__Tsallis_Entropy,0.00017775649172512722
F3__ewt4__Permutation_Entropy,0.0001770460579984389
Fz__vmd3__Median,0.00017691970162351912
P4__vmd2__Kurtosis,0.00017678571428571418
Fp2__vmd6__Peak,0.0001763265306122449
P3__emd3__Shannon_Entropy,0.00017622377622377624
P8__ewt6__Tsallis_Entropy,0.00017608695652173922
Fz__emd2__Mean,0.0001760869565217392
T7__ewt2__Mean,0.00017569659655726502
Fz__vmd4__Hjorth_Mobility,0.00017568627450980392
Fz__emd5__Renyi_Entropy,0.00017568058076225038
Fp2__ewt3__Higuchi_FD,0.0001752493647362233
O1__emd5__Hjorth_Mobility,0.0001750759878419453
P4__emd1__Hjorth_Activity,0.00017507598784194527
O2__vmd6__Q3,0.00017507598784194527
O2__ewt5__Spectral_Flatness,0.00017500000000000005
O1__ewt3__RMS,0.00017450968229236978
F3__emd5__Q3,0.00017439568419960565
C3__ewt4__Peak,0.00017428725121032817
F7__vmd3__Shannon_Entropy,0.00017414965986394562
P4__ewt3__Q2,0.00017379016647309334
P4__ewt5__Skewness,0.00017375341618109622
Fp1__ewt3__Renyi_Entropy,0.00017354497354497362
T7__emd1__Tsallis_Entropy,0.00017217391304347827
T8__emd6__Skewness,0.0001718670076726344
F8__ewt2__Max,0.00017150300849823213
Fp1__ewt2__Min,0.0001714285714285714
F8__vmd3__Median,0.00017128034332335404
P3__emd6__Higuchi_FD,0.00017005813953488365
C4__emd5__RMS,0.0001700404858299595
Cz__emd2__Min,0.00016958464653056394
Fp1__emd4__Mean,0.00016931216931216934
F7__emd3__Spectral_Flatness,0.0001688232739904473
O1__vmd4__Spectral_Flatness,0.0001683991683991684
P3__emd4__Hjorth_Activity,0.00016812852800694744
O2__vmd4__Hurst_Exponent,0.00016805491990846695
P4__ewt4__Hurst_Exponent,0.00016783319519607365
P3__emd3__Hurst_Exponent,0.00016762749445676272
P8__emd6__Skewness,0.0001674742250395999
P7__vmd4__Q2,0.00016727556346405096
Fp1__ewt3__Hjorth_Complexity,0.00016673903603994786
C3__emd6__Q2,0.00016672268907563025
Fp1__emd6__Median,0.00016672268907563022
Pz__emd2__Peak,0.0001664581033002087
F4__ewt3__Kurtosis,0.00016636024844720497
O1__ewt5__Higuchi_FD,0.0001661918328584993
Fp2__ewt2__Std,0.00016613776410170895
F7__ewt4__Max,0.00016603104212860317
C3__emd2__IQR,0.00016590272386674318
F3__vmd3__Tsallis_Entropy,0.00016586222027204913
C3__emd6__Mean,0.00016566420803354587
P4__emd4__Std,0.00016524382626077538
T8__ewt6__Renyi_Entropy,0.0001650897603488638
O2__emd1__Hurst_Exponent,0.00016471190181590472
F4__emd4__Peak,0.00016470588235294116
P4__vmd1__Hjorth_Activity,0.00016443475552787296
O1__ewt6__Q1,0.00016431322207958917
T7__emd6__Q2,0.00016421147978642244
P8__ewt1__Kurtosis,0.00016420652518213497
Fp2__ewt4__Spectral_Flatness,0.00016391188403900263
Pz__vmd3__Tsallis_Entropy,0.00016378884386574315
P8__vmd5__Kurtosis,0.00016363636363636369
Pz__emd6__Spectral_Flatness,0.0001634508136056123
T7__emd1__Hjorth_Mobility,0.00016333938294010888
F8__ewt5__Peak,0.00016333770758857863
C4__vmd2__Hjorth_Activity,0.00016319290465631928
F3__emd1__Q1,0.0001626939680702919
F7__ewt6__RMS,0.00016189723320158108
P7__ewt6__Q1,0.00016174807968121044
P8__vmd1__Hjorth_Mobility,0.0001617204301075269
P7__emd2__Max,0.0001616161616161617
Cz__emd4__Skewness,0.0001614174297702643
Fz__vmd4__Hjorth_Complexity,0.0001613882310746423
Fp1__emd1__Q1,0.0001613249558877074
P8__ewt6__Std,0.00016125051419169068
Fp1__ewt4__Kurtosis,0.00016124968505920893
Pz__vmd3__Min,0.0001610210927284097
C3__emd5__Hjorth_Complexity,0.00016082646935641488
O1__ewt1__Q2,0.00016082646935641483
P8__vmd1__Log_Entropy,0.00016064046296752497
O2__ewt3__Hurst_Exponent,0.00016062949396282726
C4__original__Min,0.00016047138469253437
F8__ewt5__Median,0.00016040100250626574
T8__vmd5__Skewness,0.00016040100250626571
C4__ewt4__Q2,0.00016039224597254434
P3__ewt5__Min,0.00016036866359446996
Fz__ewt2__Q2,0.00016029038112522684
O1__emd3__Q2,0.00016020343293070575
O1__ewt6__Q2,0.0001601809826793919
F4__vmd1__Permutation_Entropy,0.0001601419698314108
P7__vmd1__Median,0.00016008157906557602
Fp2__vmd3__Kurtosis,0.00016004641822823653
T7__emd2__Min,0.0001599363042972066
F4__vmd1__Q3,0.00015990593768371549
C3__emd5__Kurtosis,0.0001597633136094675
O1__emd1__Hjorth_Activity,0.0001597222222222222
F3__ewt4__Q2,0.00015971479500891272
Fp2__ewt4__Std,0.00015969754253308133
P4__vmd1__Shannon_Entropy,0.00015964523281596449
P4__vmd4__Std,0.00015958880204365627
F4__emd5__Hjorth_Activity,0.00015955731225296454
O1__vmd1__Shannon_Entropy,0.00015953792369661043
P4__vmd6__Hurst_Exponent,0.0001595376823239368
C4__ewt5__Q2,0.00015935262994086526
F7__ewt1__Hjorth_Activity,0.0001593265493140336
F7__emd2__Tsallis_Entropy,0.00015922538999462073
C4__emd6__Max,0.00015922538999462073
T7__vmd5__Higuchi_FD,0.0001592253899946207
Fz__ewt4__Max,0.00015915829746532755
C3__vmd5__Tsallis_Entropy,0.00015915829746532755
P7__emd5__Hjorth_Complexity,0.00015909090909090918
F4__vmd1__RMS,0.00015909090909090918
P8__ewt2__Hurst_Exponent,0.000159019848076452
Fp1__vmd2__Permutation_Entropy,0.00015898373203808983
F7__ewt2__Mean,0.00015898373203808983
P8__vmd5__Hurst_Exponent,0.00015895424836601305
F4__vmd2__Kurtosis,0.00015881230116648992
P8__vmd5__Skewness,0.0001588123011664899
Fz__ewt3__Log_Entropy,0.00015879908194280757
Fp2__emd3__Hjorth_Complexity,0.00015876015876015872
Fz__vmd5__Peak,0.00015876015876015872
P7__emd6__Hjorth_Complexity,0.00015874228713574725
F7__emd3__Tsallis_Entropy,0.00015873015873015873
C4__original__Shannon_Entropy,0.00015873015873015873
Pz__vmd4__IQR,0.00015873015873015873
P4__emd5__Min,0.00015873015873015873
T8__vmd6__Permutation_Entropy,0.00015873015873015873
C4__vmd2__Mean,0.00015869787948673934
F4__original__Hjorth_Complexity,0.00015860869565217388
T8__ewt2__Min,0.00015858348604909275
Pz__vmd2__Skewness,0.00015858348604909275
T8__ewt6__Skewness,0.00015853658536585364
P8__vmd6__RMS,0.00015851393188854495
P3__ewt4__Mean,0.00015840208423795047
F8__emd1__Hjorth_Mobility,0.00015840208423795044
F4__vmd6__Spectral_Flatness,0.00015840208423795044
Fp1__vmd5__Hjorth_Mobility,0.00015839464882943141
F3__vmd6__Higuchi_FD,0.000158344579397211
F7__emd6__IQR,0.0001582417582417582
C3__vmd2__Spectral_Flatness,0.00015816423435471052
F7__original__Q2,0.00015802469135802472
P4__ewt5__Min,0.00015802469135802472
P8__emd5__Median,0.00015801553384111613
Fp1__vmd5__Skewness,0.00015796401930671348
C4__vmd5__Higuchi_FD,0.00015793184488836662
P7__vmd5__Log_Entropy,0.00015775910364145652
F4__emd5__Hurst_Exponent,0.00015772611517292365
P4__vmd4__Median,0.00015766052129688487
F3__original__Hurst_Exponent,0.0001576010101010101
F7__emd5__Shannon_Entropy,0.00015750883940202212
T7__emd6__RMS,0.00015747575625995081
F8__original__Renyi_Entropy,0.00015741614906832294
O1__original__Hurst_Exponent,0.00015734265734265732
F8__emd3__Q2,0.00015722049689441
T7__emd1__Q2,0.00015721844293272867
F4__emd6__Q3,0.00015721109112337936
Pz__vmd3__Q3,0.00015717963953258067
T7__emd6__Kurtosis,0.00015714285714285713
T8__emd6__Max,0.00015714285714285708
P8__vmd4__Shannon_Entropy,0.00015714285714285708
P4__vmd6__Mean,0.0001571355498721228
O1__vmd1__Max,0.0001571355498721228
F8__vmd1__Q2,0.00015713554987212278
F7__ewt5__Higuchi_FD,0.00015686274509803925
C3__vmd2__Q3,0.00015686274509803922
P7__ewt3__Higuchi_FD,0.00015683794466403157
F3__ewt2__Hurst_Exponent,0.00015663363991631462
T7__ewt1__Hurst_Exponent,0.00015663363991631462
F8__vmd4__Hjorth_Complexity,0.00015663363991631462
Pz__emd3__Std,0.0001566336399163146
Fp2__vmd6__Hjorth_Complexity,0.00015657452945588553
F4__ewt3__RMS,0.00015655956500247153
P7__emd3__Max,0.000156459600075221
Cz__ewt3__Q2,0.00015645960007522097
C3__ewt5__Skewness,0.00015643290177019958
P7__emd3__Q2,0.00015631784628745112
P3__emd4__Peak,0.0001563034786564198
Pz__emd2__Spectral_Flatness,0.00015625000000000003
T7__vmd2__Peak,0.00015625000000000003
P4__vmd4__Q2,0.00015625
P8__emd3__Std,0.00015616557734204797
T8__ewt5__Tsallis_Entropy,0.00015606482303066145
Cz__emd2__RMS,0.0001559816788760802
O1__ewt2__Higuchi_FD,0.0001558928876002047
O2__emd5__Skewness,0.00015587614599550236
P8__emd1__Q2,0.00015582608695652179
F4__ewt2__Kurtosis,0.00015582608695652179
P8__original__Higuchi_FD,0.00015578093306288027
Cz__emd1__Log_Entropy,0.00015578093306288027
Pz__emd1__Q3,0.00015576719576719574
P7__vmd6__Median,0.00015574021044541925
P4__vmd2__Median,0.00015559860937658208
T8__emd1__Kurtosis,0.00015558306316926996
O2__emd4__Q1,0.00015553380362507167
O1__emd2__Q3,0.0001554655870445345
P7__vmd4__Tsallis_Entropy,0.00015523979217512386
T8__vmd4__RMS,0.0001549412352306872
F8__vmd4__Min,0.00015492200107584714
P4__ewt4__Median,0.00015481342705595856
F8__vmd5__Permutation_Entropy,0.00015473602028223882
C4__ewt6__Hjorth_Mobility,0.00015447552447552437
P3__emd5__IQR,0.00015440559440559442
P4__vmd1__Renyi_Entropy,0.00015413589106311483
Cz__ewt3__Log_Entropy,0.00015392870191554888
F3__ewt5__Permutation_Entropy,0.00015384615384615382
Fp1__vmd3__RMS,0.00015372177856649911
Fz__ewt2__Permutation_Entropy,0.0001536
F3__emd3__Spectral_Flatness,0.00015345268542199498
T7__emd4__Q1,0.0001533769063180828
Cz__ewt1__Peak,0.0001533769063180828
Fz__vmd4__Tsallis_Entropy,0.0001533209873130823
Fp1__ewt1__Min,0.0001533209873130823
F4__ewt6__RMS,0.00015317723084287365
O2__original__Hjorth_Mobility,0.00015317723084287365
P7__emd5__Q1,0.000153159350422596
Fz__ewt6__Q2,0.00015314743735796372
O2__vmd5__Peak,0.0001530281301709873
P4__ewt5__Tsallis_Entropy,0.00015294033612452498
P4__original__Skewness,0.00015285334160014479
P7__emd6__Q1,0.00015285334160014479
F8__vmd6__Max,0.00015284411636995224
P4__emd4__Spectral_Flatness,0.00015263157894736845
F8__emd1__Mean,0.00015256107171000773
O1__emd4__RMS,0.00015254811007334057
P7__vmd5__Higuchi_FD,0.000152521051727101
F7__emd6__Shannon_Entropy,0.00015243856332703212
T8__ewt3__IQR,0.00015243856332703212
Cz__ewt3__Kurtosis,0.00015232237037443867
Pz__ewt6__Hjorth_Mobility,0.00015231507006889866
P8__vmd5__Hjorth_Complexity,0.00015229142185663915
T7__emd4__Shannon_Entropy,0.00015223998942777848
Fz__emd5__Q3,0.00015210932857991682
T7__emd5__Peak,0.00015200395843641758
F3__vmd2__Q2,0.00015200395843641758
F8__emd2__Median,0.00015200395843641758
O2__ewt2__Shannon_Entropy,0.00015191208791208783
T8__ewt3__Tsallis_Entropy,0.00015186900056465288
T8__emd3__Q2,0.00015184815184815184
O1__ewt5__Kurtosis,0.00015177865612648223
F3__ewt2__Higuchi_FD,0.00015173883866892972
T8__emd6__Q3,0.0001517058639865656
Fp2__vmd1__Q3,0.00015169983022948774
Fp1__vmd1__IQR,0.00015167116860560206
F8__emd6__Q3,0.0001516136019059996
T7__ewt3__Q1,0.00015161360190599958
T8__ewt2__Std,0.0001516099077074686
Fz__ewt4__Permutation_Entropy,0.00015160533910533924
Fz__ewt3__Spectral_Flatness,0.0001515203827468001
F4__ewt6__Q3,0.00015150645624103303
Cz__vmd3__Kurtosis,0.00015148459383753515
C3__emd2__Median,0.00015144230769230765
P8__vmd3__Hjorth_Activity,0.00015132300491430312
P3__vmd1__Log_Entropy,0.00015115936694884075
T7__emd2__Peak,0.00015081692501047345
Fz__emd3__Hjorth_Complexity,0.0001507754728093712
T7__vmd5__Hjorth_Activity,0.00015077547280937113
Fp2__emd1__Hurst_Exponent,0.00015077249367811412
Fp1__ewt2__Permutation_Entropy,0.00015077249367811412
P4__ewt5__Hurst_Exponent,0.0001505882352941177
F4__ewt6__Q2,0.0001505760900823545
F7__vmd2__Kurtosis,0.00015055179795495435
Pz__ewt1__Tsallis_Entropy,0.0001505107358765896
O1__ewt4__Median,0.0001504093951658673
Pz__vmd3__Hjorth_Mobility,0.00015040777747772063
F7__ewt6__Hjorth_Complexity,0.00015010964912280718
C4__vmd1__IQR,0.00014991940769080897
F7__ewt1__Kurtosis,0.00014991813797070666
T7__ewt6__Peak,0.000149910951655783
F4__vmd1__Mean,0.00014989269989269997
Pz__vmd5__Min,0.00014985936080854538
F8__emd5__Kurtosis,0.0001498574021260046
O1__vmd3__Higuchi_FD,0.00014966409844361023
F8__vmd6__Tsallis_Entropy,0.00014955652916437217
Fp2__emd3__Mean,0.00014954870837223782
F4__original__Q3,0.00014945795947558349
P7__emd2__Q3,0.00014939309056956113
C3__emd1__Max,0.00014938215102974826
Cz__ewt4__Peak,0.00014932126696832579
T7__emd4__Min,0.0001493094438223218
T7__ewt6__Hurst_Exponent,0.00014906832298136645
C4__emd3__Max,0.00014902534364630743
O2__emd2__Higuchi_FD,0.00014891404721913202
Fp2__emd3__Kurtosis,0.0001487931907062342
F7__ewt3__Higuchi_FD,0.00014877734877734883
Fz__emd3__Higuchi_FD,0.0001487361874689908
P3__ewt6__Peak,0.0001486259517988969
Cz__original__Hjorth_Complexity,0.0001485528703792148
O2__vmd3__Mean,0.0001485421994884911
O1__vmd3__Tsallis_Entropy,0.00014834870118260072
P8__ewt2__Kurtosis,0.0001483487011826007
P4__vmd4__Hjorth_Complexity,0.0001483428118722237
C4__ewt6__Std,0.0001482360298479423
Fp2__vmd3__Mean,0.00014815557173360866
C3__ewt6__Hurst_Exponent,0.00014814814814814815
T8__vmd6__Peak,0.0001480872069107363
T8__ewt3__Log_Entropy,0.0001480872069107363
P4__emd3__Max,0.0001480021893814998
F3__emd5__Hjorth_Activity,0.00014797202797202786
P4__vmd1__Skewness,0.0001478275090085772
F7__vmd5__Hurst_Exponent,0.0001477633477633478
F4__emd6__RMS,0.00014765377168046812
P7__vmd4__Std,0.00014765377168046806
C3__vmd1__Median,0.00014734693877551026
Pz__ewt3__Max,0.00014730362638833125
Fp1__vmd4__Hjorth_Mobility,0.00014727593164925545
F4__ewt2__Hjorth_Activity,0.00014724392681049028
F3__ewt5__Hjorth_Mobility,0.00014720257604508086
P7__emd4__Skewness,0.0001470529470529471
Cz__emd6__Peak,0.0001469387755102041
Fp2__emd5__Hjorth_Mobility,0.00014688257044498284
F3__ewt6__Q3,0.00014662756598240475
T7__emd3__Peak,0.0001465795206971678
T8__vmd4__Max,0.0001465795206971678
F3__emd1__Median,0.0001465479808944853
C3__vmd4__Hjorth_Activity,0.0001464052287581699
F7__vmd1__Max,0.00014636120045731025
Fz__emd3__Renyi_Entropy,0.00014632419252480044
Cz__ewt3__Median,0.0001462673577451196
Fz__original__Median,0.00014619872000604122
F8__ewt5__Hjorth_Mobility,0.00014608695652173914
T7__ewt6__Hjorth_Complexity,0.00014608387158970406
Cz__ewt3__Mean,0.00014591334055598235
Fp2__ewt3__Q2,0.00014582482507010807
Fp2__emd4__Skewness,0.00014576854734650753
F7__emd1__Median,0.00014559945833534852
F7__ewt6__Kurtosis,0.00014545454545454548
P3__vmd3__Log_Entropy,0.00014540979338745184
F8__emd2__Hjorth_Complexity,0.00014531998990833386
F7__ewt6__Median,0.0001451803133242361
Cz__vmd1__Peak,0.00014512471655328798
Pz__emd1__Kurtosis,0.00014504814760773807
T8__emd2__Hjorth_Complexity,0.00014501089324618738
P7__vmd3__Kurtosis,0.00014479581937209047
O2__emd6__Mean,0.00014477652782000615
Cz__ewt2__Peak,0.00014469565217391307
P4__ewt3__Log_Entropy,0.00014444444444444446
C3__ewt5__Permutation_Entropy,0.00014444444444444446
Pz__ewt4__Hjorth_Activity,0.0001444242462232809
Pz__vmd5__Permutation_Entropy,0.00014442424622328087
F4__ewt6__Skewness,0.00014438502673796793
Fz__emd2__Higuchi_FD,0.00014436280176618866
F7__emd2__Hjorth_Mobility,0.00014432182567775787
Fz__emd3__Median,0.00014430014430014427
Fp1__ewt3__Median,0.00014409005628517824
P8__vmd2__Median,0.0001440423193595584
P4__emd5__Q3,0.0001439446366782007
Fz__emd6__Permutation_Entropy,0.000143922042227127
P8__emd4__Log_Entropy,0.00014392204222712698
Fp2__ewt2__Hurst_Exponent,0.00014385614385614386
O2__original__Q2,0.00014385614385614386
F4__vmd4__Permutation_Entropy,0.00014385614385614386
Fp1__emd4__Median,0.00014385614385614386
Fp1__emd3__Peak,0.00014385614385614383
Pz__ewt5__Max,0.0001438532859952491
F8__emd6__Kurtosis,0.0001438514315466595
T8__ewt6__Log_Entropy,0.0001437218990160166
F8__emd5__Q3,0.00014350273442710422
Fp2__ewt5__Hurst_Exponent,0.00014333828207847298
Fz__emd5__RMS,0.00014331617145338382
P3__vmd2__Hurst_Exponent,0.00014326414326414327
P4__vmd5__Hjorth_Complexity,0.00014321678321678322
Fp2__ewt5__Shannon_Entropy,0.00014310559006211184
F7__vmd6__Skewness,0.00014308608058608054
C4__vmd6__Hjorth_Mobility,0.00014307373371700853
Fp1__emd1__Peak,0.0001430578300722583
Fp2__vmd4__Shannon_Entropy,0.00014300424468528187
P3__ewt2__Hurst_Exponent,0.00014291917374852677
F7__vmd6__RMS,0.00014291917374852677
Fp1__vmd4__Skewness,0.00014291917374852675
O1__vmd4__Hurst_Exponent,0.00014285714285714287
P7__ewt2__Q3,0.00014285714285714287
Fz__emd1__Q2,0.0001427553097802931
F7__ewt4__RMS,0.0001425726533229824
O1__vmd4__Q1,0.0001425726533229824
P4__emd3__Peak,0.0001425166781688521
F7__ewt1__Min,0.00014210999084948652
T8__ewt2__Hjorth_Mobility,0.00014210526315789474
F4__emd1__Skewness,0.0001419130434782609
T7__ewt2__Kurtosis,0.00014166545391041142
O1__emd2__Mean,0.00014157868275515334
P7__vmd5__Spectral_Flatness,0.00014157868275515334
P4__ewt2__Q1,0.00014139051332033781
Fp2__original__Log_Entropy,0.00014127090301003346
T7__vmd3__Permutation_Entropy,0.00014108687664918668
C3__emd4__Spectral_Flatness,0.00014108282917465122
Fp2__emd1__Skewness,0.00014072377462207966
Pz__vmd3__Mean,0.00014065654630646585
C4__original__Kurtosis,0.00014010710667245618
Fz__ewt5__Hurst_Exponent,0.00013995648423700913
F3__vmd4__Q2,0.00013986013986013986
Fp2__ewt6__Hjorth_Complexity,0.00013967604433077577
O2__emd6__Hjorth_Complexity,0.00013967604433077577
Cz__vmd4__Skewness,0.00013967604433077574
C4__emd2__Peak,0.0001394335511982571
C4__vmd2__Q3,0.0001394335511982571
F8__vmd5__Q2,0.00013928952798628448
O2__ewt4__Peak,0.0001391304347826087
Fp1__vmd4__Kurtosis,0.0001391304347826087
O1__ewt4__Permutation_Entropy,0.0001391260162601627
T8__vmd3__Std,0.00013852813852813854
P4__emd3__Q1,0.0001383919525256911
Cz__vmd5__Max,0.00013809817671809257
O1__ewt5__Permutation_Entropy,0.0001379886766236428
F3__ewt5__Hjorth_Complexity,0.0001378595077585863
C3__vmd5__RMS,0.0001378595077585863
P4__ewt1__Shannon_Entropy,0.00013771326712503178
Fp2__vmd5__Shannon_Entropy,0.00013757544757033235
O1__emd3__Hjorth_Complexity,0.00013749999999999998
Fz__vmd4__Shannon_Entropy,0.00013691363033279386
P3__vmd6__IQR,0.000136600790513834
T7__ewt1__Renyi_Entropy,0.00013656901193515863
F8__emd2__Kurtosis,0.00013643313344059282
P4__emd1__Skewness,0.0001364228476690483
Pz__ewt5__Q1,0.00013642284766904827
F8__ewt4__Shannon_Entropy,0.00013623059866962303
F8__emd1__Kurtosis,0.00013603961473581118
P7__ewt1__Hjorth_Mobility,0.00013539773083432588
Cz__vmd4__Hjorth_Activity,0.00013531935720695012
Pz__ewt6__Shannon_Entropy,0.00013514308361962016
F8__emd4__Shannon_Entropy,0.00013481091375079063
O2__ewt5__Min,0.0001347319347319347
Cz__vmd6__Shannon_Entropy,0.0001344537815126051
P7__ewt6__Kurtosis,0.0001343529764582396
Fz__vmd6__Mean,0.00013426573426573424
F4__ewt3__Std,0.00013426573426573424
F7__vmd5__IQR,0.00013426573426573424
O1__vmd4__Skewness,0.0001342657342657342
F8__vmd1__Hjorth_Complexity,0.00013385620915032676
P7__vmd6__Higuchi_FD,0.00013385620915032676
F8__ewt6__Q1,0.00013356521739130433
P7__emd3__Renyi_Entropy,0.00013356521739130433
T7__ewt5__IQR,0.0001335652173913043
C4__vmd6__Skewness,0.0001333912288319583
C4__ewt3__Shannon_Entropy,0.00013339122883195828
F8__vmd1__Hjorth_Activity,0.00013333333333333334
F4__ewt4__Spectral_Flatness,0.0001326968855997534
P7__emd4__Max,0.00013261296262571078
F4__vmd6__Max,0.00013244641537324463
F4__vmd3__Median,0.00013105163083223633
F8__vmd5__Higuchi_FD,0.00013105163083223633
C3__vmd6__Hurst_Exponent,0.00013075932688001645
F4__vmd5__Q3,0.00013053613053613051
Fp2__vmd4__Std,0.0001305347062036751
F7__emd2__Hjorth_Complexity,0.0001302648719062093
F7__original__Hurst_Exponent,0.00013013798111837326
F3__vmd5__Peak,0.00013013798111837326
Fz__ewt2__Renyi_Entropy,0.00013013798111837326
Pz__ewt1__Kurtosis,0.00012985507246376812
Pz__ewt1__Hjorth_Mobility,0.00012985507246376812
O1__emd3__Log_Entropy,0.00012985507246376812
Fz__original__Higuchi_FD,0.00012972972972972977
O1__emd6__Log_Entropy,0.00012962962962962963
P3__vmd4__Log_Entropy,0.00012955465587044534
T8__original__Kurtosis,0.00012939130434782612
F4__ewt2__Higuchi_FD,0.00012933571975754505
F3__ewt4__Min,0.00012857142857142855
C3__vmd2__Skewness,0.00012857142857142855
P4__ewt1__IQR,0.000126984126984127
F8__ewt3__Hjorth_Complexity,0.00012637121544537076
Fp1__ewt6__IQR,0.00012587412587412587
C4__vmd4__Tsallis_Entropy,0.00012587412587412587
P3__vmd5__Max,0.00012587412587412587
Fp1__ewt6__RMS,0.00012587412587412587
P4__vmd2__Q3,0.0001254901960784314
Cz__ewt3__Renyi_Entropy,0.00012549019607843137
O2__vmd4__Higuchi_FD,0.00012549019607843137
T7__emd4__Median,0.00012549019607843137
F3__ewt6__Renyi_Entropy,0.00012549019607843137
P3__emd4__Q2,0.00012549019607843137
T8__emd3__Peak,0.00012521739130434784
O1__emd2__Std,0.00012521739130434784
Fp2__ewt3__Log_Entropy,0.00012521739130434782
P3__emd2__Q1,0.00012521739130434782
F3__vmd6__Peak,0.00012505427702996091
O2__emd6__Kurtosis,0.00012505427702996091
Cz__emd2__Max,0.0001250542770299609
F4__vmd1__Hjorth_Activity,0.0001250542770299609
Fz__vmd4__Std,0.0001244490536686544
F4__original__Q1,0.00012387096774193546
T7__emd3__IQR,0.00012093726379440666
C4__vmd1__Hjorth_Mobility,0.0001198801198801199
Fz__vmd4__Log_Entropy,0.00011925465838509321
F3__vmd6__IQR,0.00011925465838509318
Fp2__vmd2__Hjorth_Complexity,0.00011925465838509318
F8__ewt3__Higuchi_FD,0.00011925465838509318
P4__emd4__Hurst_Exponent,0.00011925465838509318
P3__ewt1__Hjorth_Complexity,0.00011909931145710566
Fp2__ewt4__Median,0.00011909931145710564
Fp2__emd2__Tsallis_Entropy,0.00011686263157745369
O1__original__Kurtosis,0.00011615245009074409
Fp1__emd3__Log_Entropy,0.00011352549889135255
O2__ewt2__Permutation_Entropy,0.0001128747795414462
O1__ewt4__Hjorth_Complexity,0.0001128747795414462
O2__vmd1__Max,0.0001128747795414462
T7__vmd1__Kurtosis,0.00011232996928477401
C4__emd3__Peak,0.00011188811188811188
Fp1__vmd3__Skewness,0.00011188811188811188
P4__vmd4__Permutation_Entropy,0.00011188811188811186
P3__ewt1__Renyi_Entropy,0.00011115935735996525
Cz__vmd6__Permutation_Entropy,0.00011115935735996525
C4__vmd4__Mean,0.0001111111111111111
F3__emd6__Hurst_Exponent,0.0001111111111111111
F8__ewt2__Median,0.00011046096760382474
Pz__vmd3__Q1,0.00010889292196007259
T8__vmd6__Skewness,0.00010831818466746071
O1__emd6__Skewness,0.00010715011646477354
Fp2__ewt6__RMS,0.00010698251982042228
Cz__original__Peak,0.00010649350649350659
O1__emd1__Tsallis_Entropy,0.00010581515748688989
F7__original__Higuchi_FD,0.00010571428571428568
F7__emd6__Permutation_Entropy,0.00010500410172272359
Fp2__ewt5__RMS,0.000104895104895105
P3__vmd5__Shannon_Entropy,0.00010469063100642043
Fp1__ewt4__Renyi_Entropy,0.00010461564933109645
P4__ewt1__Hurst_Exponent,0.0001042593769866498
F8__vmd4__Q2,0.00010376450321730758
F8__emd3__Hjorth_Complexity,0.00010371541501976295
T7__emd4__Kurtosis,0.00010368920241671448
P7__emd3__Q1,0.00010358031026724044
F7__ewt1__Q3,0.00010353892821031346
F8__vmd4__Log_Entropy,0.00010335917312661498
P7__ewt2__Spectral_Flatness,0.00010328133405056479
O1__emd6__Renyi_Entropy,0.00010328133405056479
P8__original__Skewness,0.00010322580645161283
O1__ewt3__Hjorth_Mobility,0.00010322580645161282
Pz__ewt1__Max,0.00010320499899213863
C3__vmd6__Permutation_Entropy,0.00010302574584582145
Fp2__vmd2__Q3,0.00010298102981029809
F4__ewt1__Higuchi_FD,0.00010296631473102059
F3__emd5__Q2,0.00010295652173913041
T8__ewt6__Q2,0.0001023836186210207
F4__emd2__Skewness,0.00010229770229770222
P4__emd1__Q3,0.00010196078431372549
Fz__emd6__Hjorth_Complexity,0.0001018960775799682
P3__emd6__Kurtosis,0.00010176397515527944
F8__ewt2__Higuchi_FD,0.00010171646535282892
Pz__vmd2__Hjorth_Activity,0.00010170447263872875
C4__ewt3__Std,0.000101053961236332
P7__ewt1__Log_Entropy,0.0001007810531620056
P8__vmd6__Mean,0.0001007810531620056
T7__emd4__Permutation_Entropy,0.00010017391304347826
P8__ewt5__Mean,0.00010017391304347826
P8__vmd3__Hjorth_Mobility,9.981327991619586e-05
F7__emd3__Median,9.961685823754785e-05
F4__emd5__Peak,9.943382474066292e-05
Cz__ewt5__RMS,9.85262078687684e-05
F8__emd4__Peak,9.77262582678443e-05
C4__emd6__Skewness,9.748636620071467e-05
P3__ewt2__Hjorth_Complexity,9.748276414943082e-05
Fp2__emd5__Hjorth_Complexity,9.642857142857149e-05
Fp2__ewt4__Kurtosis,9.562457790713677e-05
T7__ewt1__Skewness,9.448545375597049e-05
T7__emd2__Hurst_Exponent,9.435897435897426e-05
Fp1__vmd1__Permutation_Entropy,9.391827394573398e-05
O2__emd6__Renyi_Entropy,9.379593142648202e-05
P8__emd5__Renyi_Entropy,9.375522138680043e-05
T7__emd4__Hjorth_Complexity,9.191678414285092e-05
P4__vmd4__Mean,9.154045180130434e-05
O1__vmd1__Q3,9.126810004387891e-05
T8__ewt5__Hjorth_Mobility,9.02300027976587e-05
O1__vmd6__Kurtosis,8.835202761000864e-05
F3__vmd2__Q1,8.648648648648656e-05
T8__emd4__Hjorth_Activity,8.619331195602384e-05
P3__ewt5__Median,8.61574130339264e-05
P7__original__Hjorth_Mobility,8.604035133143452e-05
Pz__vmd2__Shannon_Entropy,8.595344188564526e-05
T8__vmd3__RMS,8.52608410240569e-05
C3__ewt4__Mean,8.46071222011072e-05
O2__emd1__RMS,8.457040035987414e-05
C3__ewt1__Renyi_Entropy,8.444444444444442e-05
O1__emd1__Log_Entropy,8.444444444444442e-05
F8__ewt6__Min,8.421052631578943e-05
P7__ewt3__Hurst_Exponent,8.41551610782379e-05
P8__ewt1__Q1,8.41103948932974e-05
Fz__vmd6__Q2,8.409703504043116e-05
Fp1__vmd6__Std,8.396501457725951e-05
P4__ewt2__RMS,8.389057750759886e-05
T7__emd6__Hurst_Exponent,8.376415156076176e-05
P3__vmd4__Hurst_Exponent,8.375250480513634e-05
F7__ewt1__Hjorth_Complexity,8.37209302325582e-05
T8__ewt6__Permutation_Entropy,8.351648351648345e-05
O1__vmd6__Skewness,8.348457350272237e-05
Fp2__ewt3__Tsallis_Entropy,8.347463153775932e-05
T7__ewt4__Max,8.347463153775932e-05
P7__ewt4__Higuchi_FD,8.344124168514415e-05
F3__emd3__Higuchi_FD,8.340648898140191e-05
P8__emd5__Hjorth_Activity,8.337028824833713e-05
F8__emd5__IQR,8.333333333333333e-05
T7__ewt5__Hjorth_Activity,8.326530612244897e-05
P8__vmd4__Hjorth_Complexity,8.326530612244897e-05
C3__vmd5__Permutation_Entropy,8.325203252032528e-05
Fp2__vmd6__Log_Entropy,8.325203252032527e-05
Cz__emd3__Tsallis_Entropy,8.317089018843401e-05
F8__emd1__Tsallis_Entropy,8.315459495132818e-05
C4__ewt3__Hjorth_Mobility,8.311688311688307e-05
F7__emd1__Higuchi_FD,8.304785632720858e-05
F8__emd1__IQR,8.299616142753406e-05
T7__vmd2__Hjorth_Complexity,8.296296296296299e-05
T8__ewt4__Q3,8.29609414975268e-05
O2__emd2__Kurtosis,8.29493087557603e-05
T8__emd2__Q2,8.292840945902175e-05
F8__ewt1__Hjorth_Mobility,8.292840945902175e-05
P7__ewt3__Spectral_Flatness,8.289241622574966e-05
C4__emd2__Hjorth_Complexity,8.289241622574966e-05
T8__vmd4__Hurst_Exponent,8.285489136552974e-05
T8__ewt4__Std,8.27586206896551e-05
O1__ewt2__Hurst_Exponent,8.27320827320827e-05
O2__vmd3__Median,8.268733850129206e-05
P8__vmd4__IQR,8.268733850129206e-05
T8__emd3__Shannon_Entropy,8.265790192653176e-05
C4__emd3__Q2,8.265306122448978e-05
Fp1__vmd1__Q3,8.263988522238161e-05
T8__vmd4__Kurtosis,8.263988522238161e-05
C4__emd4__Mean,8.259130210349727e-05
Cz__ewt1__Higuchi_FD,8.256252742430895e-05
Fp1__ewt2__Median,8.256252742430893e-05
T8__ewt1__Median,8.248541581874908e-05
C4__ewt1__Q2,8.248541581874908e-05
P8__emd6__Hjorth_Activity,8.248337028824834e-05
F8__ewt2__Tsallis_Entropy,8.241601007306783e-05
F4__emd4__Q2,8.241601007306783e-05
P8__emd5__RMS,8.239197785477293e-05
F7__ewt5__Spectral_Flatness,8.237531080883434e-05
Fz__vmd3__IQR,8.236808236808244e-05
F7__vmd4__Hjorth_Mobility,8.230598669623057e-05
P3__ewt5__Q2,8.230598669623056e-05
C4__vmd1__Q3,8.230452674897123e-05
Pz__emd6__Permutation_Entropy,8.230452674897121e-05
P4__vmd6__Permutation_Entropy,8.228823331326477e-05
Fp1__vmd2__Max,8.228823331326477e-05
F3__emd2__Median,8.22415846549238e-05
C4__vmd5__Q2,8.224158465492379e-05
Cz__ewt1__Hjorth_Activity,8.223733938019653e-05
T8__vmd5__Hjorth_Activity,8.223733938019653e-05
Fz__emd3__Skewness,8.223733938019653e-05
C3__emd1__Mean,8.223733938019652e-05
Fp2__emd3__Std,8.220351077493935e-05
F4__vmd3__Min,8.216619981325862e-05
F7__vmd2__Q1,8.214285714285718e-05
O1__ewt3__Skewness,8.214129003949093e-05
P3__ewt2__Peak,8.213328891294997e-05
O2__original__Higuchi_FD,8.213063532212474e-05
F8__emd3__Std,8.209074875741539e-05
Fp1__vmd5__IQR,8.209074875741539e-05
P3__ewt1__IQR,8.208728524656557e-05
P7__vmd2__Renyi_Entropy,8.208728524656557e-05
F8__emd2__Q2,8.208728524656557e-05
P8__original__Spectral_Flatness,8.201058201058202e-05
F4__emd6__Permutation_Entropy,8.2010582010582e-05
F4__ewt2__Median,8.200890019071836e-05
O2__ewt4__Q3,8.198692810457519e-05
F4__original__Shannon_Entropy,8.197051812672706e-05
Fz__emd5__Kurtosis,8.196454708082621e-05
F7__original__Mean,8.196454708082621e-05
P4__vmd6__Hjorth_Complexity,8.192524321556574e-05
Fp2__vmd5__Log_Entropy,8.192524321556574e-05
F4__ewt5__Hjorth_Complexity,8.192524321556574e-05
F7__vmd2__Q3,8.191808191808188e-05
P7__ewt5__Median,8.191721132897612e-05
Fp1__ewt6__Tsallis_Entropy,8.190726927014775e-05
Fp2__emd5__Median,8.186935016203313e-05
F3__ewt3__Min,8.186935016203313e-05
Fz__ewt4__Shannon_Entropy,8.186935016203313e-05
F4__emd3__Skewness,8.184143222506404e-05
F4__emd6__Q1,8.184040619319251e-05
Cz__ewt3__Hjorth_Complexity,8.184040619319247e-05
Pz__emd4__Q2,8.183421516754845e-05
Cz__emd5__Hurst_Exponent,8.181818181818184e-05
Fz__ewt2__Peak,8.181818181818175e-05
T7__ewt3__Spectral_Flatness,8.180101670297755e-05
F8__vmd6__Hjorth_Complexity,8.180101670297755e-05
F4__vmd3__Higuchi_FD,8.177462289263536e-05
Fp2__emd2__Skewness,8.176960999406342e-05
P8__vmd6__Min,8.176960999406342e-05
C4__ewt4__Spectral_Flatness,8.176960999406342e-05
T8__ewt3__Higuchi_FD,8.176960999406342e-05
F8__vmd5__Q1,8.176960999406342e-05
F8__original__Mean,8.176960999406341e-05
F4__emd4__Mean,8.176438945669707e-05
P3__vmd1__Higuchi_FD,8.175876411170526e-05
F4__vmd2__Max,8.175876411170526e-05
T8__ewt2__RMS,8.175876411170526e-05
Cz__vmd4__Q3,8.173690932311616e-05
F7__emd3__Std,8.17145462836298e-05
Fp2__emd1__Hjorth_Mobility,8.17145462836298e-05
Fp1__emd1__Q3,8.170776591829218e-05
O2__ewt5__Permutation_Entropy,8.170776591829216e-05
P7__ewt2__Tsallis_Entropy,8.170776591829216e-05
P8__emd2__Std,8.170776591829216e-05
P4__vmd1__Hurst_Exponent,8.169452311619924e-05
Fz__vmd2__Hjorth_Mobility,8.169452311619924e-05
P8__vmd5__Peak,8.169452311619924e-05
Fz__ewt5__Tsallis_Entropy,8.169452311619924e-05
T8__vmd3__Q2,8.16682228446934e-05
P7__ewt3__Hjorth_Complexity,8.16682228446934e-05
F8__original__Min,8.164808164808173e-05
F7__emd4__Std,8.164808164808173e-05
O2__ewt5__Q3,8.164808164808173e-05
Fp2__vmd2__Min,8.164808164808173e-05
T7__emd3__Q3,8.164808164808173e-05
P8__vmd2__Renyi_Entropy,8.164808164808172e-05
P7__emd2__Kurtosis,8.163265306122458e-05
F4__vmd1__Q2,8.16326530612245e-05
F7__emd5__Skewness,8.163265306122448e-05
Fp1__vmd5__Log_Entropy,8.163265306122448e-05
F7__ewt6__Mean,8.163265306122448e-05
P3__emd5__Min,8.161963972580906e-05
C4__ewt1__Kurtosis,8.159645232815969e-05
Cz__emd5__IQR,8.15850815850816e-05
C3__ewt3__Mean,8.15850815850816e-05
T8__ewt3__Std,8.158102766798419e-05
P7__emd2__Spectral_Flatness,8.158102766798419e-05
T7__emd3__Skewness,8.156862745098032e-05
C3__vmd1__Q3,8.153690596562194e-05
P8__vmd2__Q2,8.153690596562193e-05
C3__vmd2__Median,8.152981641636818e-05
F4__ewt3__Shannon_Entropy,8.152067411326668e-05
C3__emd1__Hjorth_Mobility,8.151499916205792e-05
Fz__vmd6__Max,8.149068322981363e-05
O1__vmd2__Peak,8.149068322981363e-05
P8__ewt6__Shannon_Entropy,8.149068322981363e-05
T7__ewt6__Max,8.14747562467927e-05
Pz__vmd3__Peak,8.14747562467927e-05
C4__vmd6__Median,8.14747562467927e-05
C3__emd6__Min,8.145854833161329e-05
T7__ewt4__Tsallis_Entropy,8.145854833161329e-05
T7__emd2__Std,8.144796380090495e-05
C4__vmd3__IQR,8.144796380090495e-05
Cz__emd6__Q3,8.144796380090494e-05
P3__vmd2__Higuchi_FD,8.144220572640513e-05
P3__emd4__Hjorth_Complexity,8.144220572640512e-05
T8__vmd2__Q3,8.143939393939393e-05
Pz__ewt5__Permutation_Entropy,8.143922773146113e-05
P7__ewt6__Median,8.14306920195095e-05
F4__ewt5__Q3,8.143069201950948e-05
T8__ewt1__Hjorth_Mobility,8.143069201950948e-05
P8__ewt1__Higuchi_FD,8.140008140008146e-05
T7__emd5__Kurtosis,8.139904610492852e-05
T7__emd3__Hurst_Exponent,8.139904610492852e-05
F7__vmd4__Skewness,8.139904610492852e-05
P4__emd1__RMS,8.139534883720938e-05
Cz__ewt1__Tsallis_Entropy,8.139534883720938e-05
Fp1__emd2__Min,8.139130434782603e-05
C3__ewt4__Max,8.139130434782603e-05
Fp1__ewt6__Min,8.139130434782603e-05
P4__vmd5__Higuchi_FD,8.139130434782603e-05
F7__emd3__Hjorth_Complexity,8.139130434782601e-05
C3__ewt4__Median,8.138452949568881e-05
P8__ewt5__Min,8.138452949568881e-05
Fp1__vmd2__Tsallis_Entropy,8.138452949568881e-05
O2__emd1__Median,8.134920634920633e-05
F8__ewt6__Permutation_Entropy,8.134920634920631e-05
P7__ewt1__Max,8.13423915510432e-05
T8__emd2__Higuchi_FD,8.133779264214041e-05
C3__emd5__Min,8.13377926421404e-05
C3__emd4__Hjorth_Mobility,8.13377926421404e-05
Pz__ewt2__RMS,8.13377926421404e-05
C4__ewt3__Q1,8.133623819898332e-05
O1__emd3__Tsallis_Entropy,8.133623819898332e-05
O2__original__Q1,8.133611514143803e-05
T8__vmd5__Std,8.130081300813012e-05
C3__vmd6__Hjorth_Complexity,8.130081300813012e-05
T7__vmd5__Permutation_Entropy,8.12937062937063e-05
P8__emd2__Shannon_Entropy,8.12937062937063e-05
Fp1__ewt3__Tsallis_Entropy,8.128528006947452e-05
F4__emd5__Std,8.128146453089239e-05
T7__ewt5__Max,8.128146453089239e-05
P3__vmd4__Peak,8.128146453089239e-05
F8__ewt2__Renyi_Entropy,8.126984126984128e-05
Fp1__emd5__Permutation_Entropy,8.126984126984128e-05
F4__ewt2__IQR,8.126984126984126e-05
F3__emd6__RMS,8.126984126984124e-05
F7__vmd1__RMS,8.123183807074377e-05
C4__ewt1__Skewness,8.123183807074377e-05
P4__vmd1__Permutation_Entropy,8.123183807074375e-05
O2__ewt3__Max,8.12228373130628e-05
C3__emd3__Median,8.12228373130628e-05
Fz__ewt4__Hjorth_Mobility,8.122209165687434e-05
F3__vmd4__Median,8.122209165687434e-05
F8__ewt3__Hjorth_Mobility,8.122209165687434e-05
P3__emd4__Renyi_Entropy,8.120911346717792e-05
P8__emd5__Spectral_Flatness,8.120911346717792e-05
Cz__vmd3__Std,8.1199538638985e-05
F4__ewt3__Permutation_Entropy,8.119953863898498e-05
F7__emd3__Skewness,8.119658119658114e-05
O1__ewt3__Spectral_Flatness,8.117558333523773e-05
F4__vmd3__Q3,8.117558333523772e-05
Cz__emd2__Tsallis_Entropy,8.117558333523772e-05
Pz__ewt3__Q3,8.117558333523772e-05
P7__ewt2__Permutation_Entropy,8.115942028985511e-05
P4__emd3__Q2,8.11594202898551e-05
F7__vmd2__RMS,8.11594202898551e-05
P4__emd3__Median,8.112720003900343e-05
F3__emd3__Renyi_Entropy,8.112497524262226e-05
Fp1__vmd3__Hjorth_Mobility,8.112497524262226e-05
P4__emd1__Log_Entropy,8.111628780321796e-05
F3__ewt3__Hjorth_Complexity,8.111628780321796e-05
C3__vmd4__Mean,8.109316770186337e-05
P3__ewt1__Hjorth_Mobility,8.109316770186337e-05
P3__ewt6__Tsallis_Entropy,8.109316770186337e-05
Fp1__emd2__Mean,8.109316770186337e-05
C4__vmd4__Hjorth_Activity,8.109316770186337e-05
Fp2__ewt2__Hjorth_Activity,8.109316770186335e-05
F7__emd6__Tsallis_Entropy,8.108964206525185e-05
F7__emd5__Peak,8.108108108108116e-05
O2__vmd1__Skewness,8.10536980749747e-05
C4__ewt1__Mean,8.10536980749747e-05
P8__emd2__Mean,8.105369807497468e-05
F7__vmd6__Q2,8.105369807497468e-05
T8__emd6__Q1,8.104575163398695e-05
T7__vmd2__Min,8.104575163398694e-05
F8__vmd5__Q3,8.104575163398694e-05
Pz__vmd4__Median,8.102301790281328e-05
Fp1__ewt3__Q2,8.102301790281328e-05
P7__original__Q2,8.102301790281327e-05
C4__ewt1__RMS,8.100718938805823e-05
Fz__ewt4__Skewness,8.100718938805823e-05
T7__ewt3__Max,8.098753179083185e-05
P3__vmd6__Q1,8.098753179083183e-05
C3__emd3__Log_Entropy,8.097538532321142e-05
T7__original__Std,8.096141682479438e-05
Fz__ewt6__Hjorth_Mobility,8.096141682479438e-05
P8__ewt2__Q3,8.095238095238096e-05
O2__vmd2__Tsallis_Entropy,8.095238095238096e-05
Fz__emd5__Permutation_Entropy,8.095238095238096e-05
P4__original__Hjorth_Activity,8.095238095238096e-05
Cz__vmd1__Max,8.094861660079047e-05
Fp1__ewt6__Hjorth_Mobility,8.094861660079046e-05
P7__vmd2__Min,8.091747337232764e-05
P7__vmd2__RMS,8.091747337232762e-05
F7__ewt3__Hjorth_Activity,8.091747337232762e-05
F4__ewt4__Peak,8.091747337232762e-05
O2__ewt3__Mean,8.088235294117645e-05
F4__vmd2__Hjorth_Complexity,8.087757788503727e-05
Fp2__emd4__Q1,8.087757788503727e-05
P8__ewt3__Permutation_Entropy,8.087145969498907e-05
C3__ewt4__Hjorth_Mobility,8.087145969498907e-05
P8__ewt4__Hjorth_Mobility,8.087145969498906e-05
F7__ewt4__Mean,8.086956521739132e-05
Cz__emd5__Kurtosis,8.084316898906559e-05
F8__vmd2__Peak,8.084316898906559e-05
O1__ewt6__IQR,8.084316898906559e-05
Fp1__emd4__Skewness,8.084316898906559e-05
Fp2__ewt2__Shannon_Entropy,8.080808080808077e-05
P8__ewt3__Spectral_Flatness,8.078541374474047e-05
O1__original__Higuchi_FD,8.078541374474047e-05
P7__emd6__Kurtosis,8.078541374474047e-05
Fp2__emd6__Hjorth_Complexity,8.078541374474047e-05
P4__emd5__Q2,8.078541374474047e-05
F7__ewt5__Max,8.077529862519716e-05
Cz__vmd6__Median,8.076422058184976e-05
P3__vmd3__Peak,8.076422058184974e-05
Fp1__ewt3__Peak,8.076422058184974e-05
Fp1__vmd1__Renyi_Entropy,8.069565217391302e-05
P4__emd3__Permutation_Entropy,8.069565217391302e-05
Cz__ewt3__Tsallis_Entropy,8.0695652173913e-05
P7__vmd1__Hjorth_Mobility,8.068854222700381e-05
F3__vmd5__IQR,8.068017872900698e-05
F7__vmd3__Renyi_Entropy,8.068017872900698e-05
P3__vmd6__Hjorth_Activity,8.068017872900697e-05
T8__emd4__RMS,8.064516129032253e-05
Fz__ewt4__Mean,8.064516129032253e-05
Fz__vmd4__RMS,8.064516129032251e-05
Fp1__ewt2__Hjorth_Activity,8.062484252960447e-05
C3__vmd3__Hurst_Exponent,8.060641399416902e-05
Fp1__vmd4__Higuchi_FD,8.059053408597477e-05
P4__vmd2__Higuchi_FD,8.059053408597477e-05
P7__vmd3__Std,8.056160735899295e-05
O1__vmd2__Q1,8.055944055944053e-05
Cz__emd3__Q3,8.055944055944053e-05
P8__ewt5__Higuchi_FD,8.055555555555552e-05
P8__vmd5__Median,8.049689440993789e-05
C4__vmd6__Min,8.049689440993789e-05
T8__emd2__Peak,8.049689440993789e-05
T8__emd5__Tsallis_Entropy,8.049470705376788e-05
P4__ewt5__Renyi_Entropy,8.049470705376788e-05
C4__original__Permutation_Entropy,8.04424333836099e-05
Pz__emd5__Hjorth_Complexity,8.04424333836099e-05
P8__vmd4__Hjorth_Mobility,8.044243338360988e-05
P7__vmd5__Std,8.042328042328041e-05
F8__emd5__Shannon_Entropy,8.041958041958047e-05
P7__ewt5__Shannon_Entropy,8.041804619250871e-05
Pz__ewt1__Skewness,8.04132346782074e-05
O1__emd6__Q1,8.039513677811552e-05
C4__ewt5__Median,8.035714285714285e-05
Fp1__ewt3__Mean,8.035714285714285e-05
Cz__emd6__Higuchi_FD,8.035714285714285e-05
F7__emd3__RMS,8.035553953639531e-05
F8__vmd6__Shannon_Entropy,8.031372549019605e-05
F3__emd3__Q3,8.028175809330821e-05
C4__emd2__Kurtosis,8.028175809330821e-05
Pz__vmd6__Skewness,8.026755852842812e-05
F7__vmd3__Spectral_Flatness,8.026406878630696e-05
C3__vmd4__Q1,8.024691358024688e-05
F3__ewt1__Peak,8.017429193899787e-05
P8__emd1__Skewness,8.016299809612884e-05
C4__ewt3__Q2,8.013913043478259e-05
F4__ewt6__Peak,8.013913043478259e-05
O2__ewt6__Hurst_Exponent,8.013564627624887e-05
Fp1__emd5__Shannon_Entropy,8.012820512820518e-05
C3__vmd6__Higuchi_FD,7.992007992007995e-05
Cz__ewt2__Q2,7.985480943738655e-05
P3__ewt3__Spectral_Flatness,7.984877126654066e-05
Fp1__emd6__IQR,7.981339922865526e-05
F7__ewt3__Hjorth_Mobility,7.980400137262881e-05
F4__ewt1__Spectral_Flatness,7.971014492753625e-05
F4__original__RMS,7.970951343500364e-05
Pz__ewt6__RMS,7.967631497043263e-05
Fp2__emd4__Tsallis_Entropy,7.963237893248497e-05
P7__vmd2__Skewness,7.959649815147514e-05
F3__vmd4__Spectral_Flatness,7.959183673469389e-05
T8__vmd6__Min,7.959183673469388e-05
Pz__ewt4__Min,7.950905229816779e-05
Cz__ewt3__Std,7.950310559006214e-05
O1__ewt6__Spectral_Flatness,7.94994479205006e-05
F8__emd3__Renyi_Entropy,7.947712418300651e-05
P7__vmd6__Hjorth_Complexity,7.944940721710231e-05
T8__ewt2__Permutation_Entropy,7.940260422529928e-05
F8__ewt4__Hjorth_Mobility,7.934065934065935e-05
P3__emd3__Mean,7.930434782608693e-05
F7__ewt6__Hjorth_Mobility,7.929174302454639e-05
C3__vmd3__Q3,7.925696594427247e-05
Fz__ewt3__Tsallis_Entropy,7.925407925407926e-05
C4__vmd6__IQR,7.920104211897522e-05
Cz__emd4__Q3,7.917593231602892e-05
P3__ewt2__Permutation_Entropy,7.901234567901236e-05
Fp1__vmd2__Q1,7.884057971014496e-05
P7__ewt3__Std,7.884057971014496e-05
C4__emd2__Hjorth_Mobility,7.873894655901578e-05
Cz__vmd6__Renyi_Entropy,7.873894655901578e-05
P7__ewt6__Max,7.869368483179224e-05
P8__ewt1__Skewness,7.867352773013154e-05
P4__ewt3__Shannon_Entropy,7.867352773013154e-05
P3__vmd2__Shannon_Entropy,7.865838295571165e-05
T8__ewt4__RMS,7.857365168289524e-05
P8__emd5__Hurst_Exponent,7.85677749360614e-05
P7__ewt3__Mean,7.85677749360614e-05
F8__ewt3__Skewness,7.846845594029578e-05
Cz__ewt4__Mean,7.846542872468135e-05
F7__emd1__Q3,7.843137254901962e-05
Fp1__emd6__Q2,7.841639467097391e-05
Fz__ewt5__Median,7.823888584987951e-05
F8__ewt2__Hjorth_Activity,7.823888584987951e-05
F7__vmd4__Shannon_Entropy,7.82298000376105e-05
Fp2__vmd5__Min,7.82298000376105e-05
Pz__ewt1__Mean,7.82012010082186e-05
O2__vmd6__Median,7.817987479004429e-05
P7__ewt1__Permutation_Entropy,7.816193853427898e-05
Fp2__ewt5__Peak,7.815892314372558e-05
F7__ewt1__Median,7.812504126229618e-05
O2__ewt4__Kurtosis,7.812504126229618e-05
P7__emd1__Hjorth_Activity,7.808278867102398e-05
F7__ewt4__Hurst_Exponent,7.808278867102398e-05
O1__ewt5__Q3,7.804878048780489e-05
P3__emd2__Kurtosis,7.803762800666834e-05
Fp2__original__Hjorth_Activity,7.792207792207792e-05
F4__ewt2__Q1,7.786970085191702e-05
O2__emd3__Max,7.785365596915751e-05
P3__vmd3__Spectral_Flatness,7.781986531986534e-05
Cz__vmd5__Min,7.78115501519757e-05
P3__vmd3__Q2,7.781155015197568e-05
Fp2__emd1__Q3,7.781155015197568e-05
F7__vmd5__Peak,7.77777777777778e-05
C3__vmd6__IQR,7.77004188935433e-05
C3__vmd2__IQR,7.77004188935433e-05
F8__emd2__Peak,7.769556025369979e-05
P3__emd1__Permutation_Entropy,7.768440709617182e-05
P3__emd3__Tsallis_Entropy,7.766859830351898e-05
T8__emd3__Min,7.766859830351897e-05
C3__vmd5__Kurtosis,7.766859830351897e-05
F8__emd6__IQR,7.758967001434725e-05
O1__ewt4__RMS,7.758967001434725e-05
O2__vmd5__Q2,7.756552233296424e-05
Pz__vmd2__Log_Entropy,7.756400545371915e-05
T8__emd1__Q2,7.756400545371913e-05
F7__emd4__Max,7.751552795031058e-05
P4__original__Higuchi_FD,7.747984930959915e-05
Pz__ewt2__Hjorth_Mobility,7.747984930959915e-05
Fp2__ewt4__Q2,7.743924920395512e-05
O2__vmd3__Std,7.742099681866388e-05
T7__vmd2__Tsallis_Entropy,7.741455244711866e-05
Cz__vmd4__Mean,7.732014445632952e-05
P4__ewt5__Hjorth_Complexity,7.732014445632952e-05
Fp2__emd5__Hurst_Exponent,7.724137931034492e-05
F7__emd1__Hurst_Exponent,7.722685388328214e-05
P7__emd4__Hjorth_Activity,7.717024616720666e-05
Cz__ewt3__Permutation_Entropy,7.717024616720665e-05
Fp1__emd4__IQR,7.711318429853903e-05
O1__vmd4__Q2,7.711318429853901e-05
Fz__vmd2__Q3,7.709706085154549e-05
P8__vmd2__Std,7.705685618729094e-05
F8__ewt3__Renyi_Entropy,7.705685618729092e-05
F4__ewt6__Higuchi_FD,7.69472447275651e-05
F3__emd1__Max,7.69472447275651e-05
F3__vmd3__Spectral_Flatness,7.693968478282199e-05
P4__emd5__Median,7.693968478282198e-05
Pz__emd5__Hurst_Exponent,7.692307692307689e-05
T7__ewt2__RMS,7.692307692307687e-05
Fp2__emd6__Higuchi_FD,7.688896293289355e-05
Fp2__ewt4__Max,7.681365576102419e-05
P4__ewt5__Max,7.679252962271825e-05
F8__vmd3__Max,7.67724245985115e-05
T7__ewt3__Permutation_Entropy,7.668845315904141e-05
F8__emd6__Q1,7.667241709794898e-05
P3__vmd4__Hjorth_Complexity,7.662971175166299e-05
F4__emd1__Log_Entropy,7.658861542143681e-05
F7__ewt4__Q3,7.658799171842654e-05
O1__ewt6__Skewness,7.652173913043479e-05
C4__vmd1__Mean,7.648822446911898e-05
P4__vmd5__Hjorth_Activity,7.648822446911897e-05
C4__ewt4__Peak,7.645502645502648e-05
F7__vmd5__Std,7.642205818497612e-05
T8__ewt2__Tsallis_Entropy,7.642205818497612e-05
O2__original__Hjorth_Complexity,7.642205818497612e-05
F3__emd5__Q1,7.636681500317859e-05
Cz__vmd4__Peak,7.628734901462174e-05
T8__vmd5__Hjorth_Complexity,7.628734901462174e-05
P8__emd4__RMS,7.622504537205081e-05
Cz__vmd4__Q2,7.619047619047623e-05
O1__emd2__Spectral_Flatness,7.619047619047621e-05
Cz__vmd6__Spectral_Flatness,7.619047619047618e-05
Cz__vmd2__IQR,7.618693327133235e-05
O2__ewt5__Hjorth_Complexity,7.588932806324111e-05
C3__emd6__Hjorth_Activity,7.588932806324111e-05
P8__vmd2__Spectral_Flatness,7.582272926722249e-05
Fp1__ewt4__Mean,7.582272926722249e-05
C4__ewt2__Spectral_Flatness,7.58067437068361e-05
F8__emd4__Spectral_Flatness,7.579047092724904e-05
Fz__vmd5__Q2,7.579047092724904e-05
P3__vmd1__Spectral_Flatness,7.579047092724902e-05
Fp2__ewt4__Shannon_Entropy,7.579047092724902e-05
O2__emd6__Q3,7.575757575757576e-05
Cz__vmd4__Q1,7.573632538569432e-05
Fp1__vmd6__Spectral_Flatness,7.563766755844415e-05
P4__emd5__Shannon_Entropy,7.557354925775977e-05
P3__emd5__RMS,7.552447552447555e-05
F3__ewt5__Log_Entropy,7.552447552447555e-05
O2__vmd2__Permutation_Entropy,7.552447552447555e-05
T8__vmd1__Log_Entropy,7.552447552447554e-05
Fz__emd6__Hjorth_Activity,7.552447552447554e-05
O1__emd4__Peak,7.545731707317077e-05
Fp1__vmd1__Tsallis_Entropy,7.539114479010547e-05
O2__ewt5__Higuchi_FD,7.529411764705886e-05
Fz__emd5__Min,7.529411764705884e-05
Pz__emd2__Mean,7.52498530276308e-05
F7__ewt5__IQR,7.52498530276308e-05
F3__ewt4__Hjorth_Complexity,7.52498530276308e-05
Fp1__emd4__Max,7.52498530276308e-05
O1__ewt5__Tsallis_Entropy,7.52498530276308e-05
T8__ewt1__Tsallis_Entropy,7.513043478260873e-05
P7__vmd5__Hjorth_Complexity,7.513043478260873e-05
C3__emd1__Hjorth_Complexity,7.513043478260873e-05
P3__vmd3__Hjorth_Mobility,7.513043478260873e-05
O2__emd4__Tsallis_Entropy,7.503256621797658e-05
Pz__emd4__Median,7.503256621797658e-05
F4__emd2__Min,7.503256621797657e-05
Cz__emd4__Std,7.500000000000002e-05
P4__emd3__IQR,7.488664618984935e-05
Fp1__vmd5__Renyi_Entropy,7.488664618984935e-05
O1__vmd5__Hurst_Exponent,7.476160203432927e-05
Cz__ewt3__RMS,7.459207459207459e-05
P7__emd5__Tsallis_Entropy,7.459207459207459e-05
F3__emd3__Q1,7.450110864745012e-05
O2__ewt1__Std,7.436456063907044e-05
P8__emd4__Max,7.420289855072464e-05
Fp1__vmd2__Q2,7.420289855072464e-05
C4__vmd6__Peak,7.420289855072464e-05
Pz__vmd4__Min,7.410623823997683e-05
Fp1__emd3__Mean,7.410623823997683e-05
F8__vmd3__IQR,7.407407407407409e-05
P3__vmd5__Tsallis_Entropy,7.407407407407409e-05
Fz__vmd1__Skewness,7.407407407407407e-05
T7__ewt5__Hjorth_Mobility,7.403981677237504e-05
C3__ewt4__Std,7.40312319259688e-05
Fp1__ewt6__Hurst_Exponent,7.376034858387795e-05
F3__emd3__Tsallis_Entropy,7.371654234313297e-05
Fp1__vmd2__Hjorth_Mobility,7.350159066808065e-05
C3__ewt5__Min,7.346938775510205e-05
T8__original__Log_Entropy,7.342657342657342e-05
Fp2__vmd5__Median,7.342657342657342e-05
Pz__original__Mean,7.342657342657342e-05
F4__ewt5__Max,7.342657342657342e-05
P4__emd6__Hjorth_Complexity,7.329363261566652e-05
F7__vmd5__Shannon_Entropy,7.329363261566652e-05
F3__vmd3__Mean,7.320261437908498e-05
Pz__vmd2__RMS,7.304347826086957e-05
Fp1__emd6__Renyi_Entropy,7.304347826086957e-05
P3__vmd6__Q2,7.304347826086957e-05
F4__emd5__Q2,7.298067785872665e-05
C3__emd5__Q3,7.298067785872665e-05
Fp2__vmd2__Max,7.294832826747721e-05
C4__emd6__RMS,7.29483282674772e-05
Cz__vmd1__Shannon_Entropy,7.259528130671507e-05
F3__ewt6__Max,7.2562358276644e-05
Fp1__emd4__Hjorth_Activity,7.2562358276644e-05
F4__emd5__Mean,7.221212311164046e-05
Pz__ewt5__Hjorth_Activity,7.221212311164045e-05
O1__vmd6__Hurst_Exponent,7.194379391100702e-05
F7__ewt4__Tsallis_Entropy,7.194379391100702e-05
C4__ewt3__Tsallis_Entropy,7.170868347338937e-05
T8__vmd2__Kurtosis,7.15527950310559e-05
F8__vmd5__Tsallis_Entropy,7.15527950310559e-05
O1__vmd4__Median,7.15527950310559e-05
F3__emd6__Renyi_Entropy,7.15527950310559e-05
F3__ewt4__RMS,7.14595868742634e-05
C4__original__Max,7.145958687426339e-05
O1__emd4__Min,7.145958687426339e-05
P4__emd2__Hjorth_Mobility,7.145958687426339e-05
F4__emd5__Skewness,7.142857142857143e-05
F3__emd6__IQR,7.111111111111109e-05
Fz__original__Permutation_Entropy,7.095343680709535e-05
Fp1__vmd4__Renyi_Entropy,7.054673721340389e-05
O1__emd2__Hjorth_Activity,7.054673721340389e-05
Fp1__vmd6__Renyi_Entropy,7.054673721340389e-05
F7__ewt6__Log_Entropy,7.054673721340389e-05
P7__vmd3__Log_Entropy,7.054673721340389e-05
P4__ewt2__IQR,7.054673721340389e-05
Fp1__emd4__Kurtosis,7.054673721340389e-05
Pz__vmd1__Hjorth_Complexity,7.054673721340387e-05
F8__emd1__Q3,7.054157131960332e-05
F8__emd5__Max,7.036188731103984e-05
C4__ewt5__Hurst_Exponent,7.036188731103984e-05
C4__ewt4__Log_Entropy,7.020623080298377e-05
F3__vmd4__Hjorth_Activity,7.020623080298377e-05
Pz__ewt3__Higuchi_FD,7.020623080298377e-05
P4__vmd5__Hurst_Exponent,7.020623080298375e-05
O1__ewt4__Skewness,6.993006993006994e-05
Fp2__vmd3__Peak,6.993006993006993e-05
F7__emd2__Q2,6.993006993006993e-05
O1__emd1__Q3,6.993006993006993e-05
Fp1__vmd3__Q2,6.993006993006992e-05
T8__vmd2__Median,6.971677559912855e-05
Fz__ewt6__Q3,6.971677559912855e-05
Fz__ewt2__Kurtosis,6.971677559912855e-05
F4__vmd6__Permutation_Entropy,6.971677559912854e-05
F8__vmd2__Median,6.969147005444642e-05
P7__vmd2__Q1,6.956521739130436e-05
C4__vmd1__Log_Entropy,6.956521739130436e-05
T7__emd2__Q3,6.956521739130436e-05
Cz__ewt6__Median,6.956521739130436e-05
Fp1__ewt1__Max,6.956521739130436e-05
P4__ewt4__Hjorth_Complexity,6.956521739130436e-05
O1__ewt2__Shannon_Entropy,6.956521739130436e-05
Pz__ewt6__Q1,6.956521739130436e-05
P7__original__Mean,6.947459834997828e-05
Fp1__vmd4__Min,6.944444444444446e-05
F3__ewt2__Std,6.857142857142855e-05
C4__emd1__Permutation_Entropy,6.857142857142853e-05
Cz__emd1__Skewness,6.811529933481152e-05
F8__emd3__IQR,6.811529933481152e-05
T7__ewt5__Hurst_Exponent,6.811529933481152e-05
P8__vmd1__Skewness,6.772486772486771e-05
P4__vmd4__Peak,6.772486772486771e-05
T7__emd4__Hjorth_Mobility,6.772486772486771e-05
F7__ewt2__Hjorth_Complexity,6.772486772486771e-05
Cz__ewt1__Std,6.772486772486771e-05
F4__vmd1__Kurtosis,6.772486772486771e-05
P8__emd5__Log_Entropy,6.739798157086439e-05
P8__ewt5__Max,6.739798157086439e-05
Fp2__emd6__Peak,6.713286713286712e-05
P8__vmd5__RMS,6.71328671328671e-05
Fz__emd1__Higuchi_FD,6.692810457516338e-05
P3__vmd3__RMS,6.692810457516338e-05
F8__vmd3__Log_Entropy,6.692810457516338e-05
Pz__vmd6__Q2,6.692810457516338e-05
C4__vmd5__Min,6.692810457516338e-05
F4__ewt5__Peak,6.692810457516338e-05
Cz__ewt6__RMS,6.692810457516338e-05
O1__emd1__RMS,6.692810457516338e-05
C3__ewt5__Q1,6.678260869565216e-05
Pz__emd5__Kurtosis,6.678260869565216e-05
F3__vmd6__Q3,6.678260869565216e-05
C3__ewt5__Peak,6.678260869565216e-05
F7__ewt2__Tsallis_Entropy,6.678260869565216e-05
O2__emd4__Mean,6.669561441597914e-05
Fp2__emd4__Median,6.669561441597914e-05
F3__emd6__Higuchi_FD,6.669561441597914e-05
Fp1__ewt1__Q2,6.669561441597914e-05
O2__emd4__Skewness,6.669561441597914e-05
P8__emd6__Kurtosis,6.669561441597914e-05
Pz__emd5__Q2,6.669561441597914e-05
Fz__ewt6__Median,6.666666666666666e-05
Fp2__ewt5__Q3,6.666666666666666e-05
C4__emd4__Hjorth_Complexity,6.666666666666666e-05
P7__vmd6__IQR,6.666666666666666e-05
F8__emd6__Shannon_Entropy,6.666666666666666e-05
O2__emd1__Mean,6.596426935409988e-05
C4__emd2__Higuchi_FD,6.596426935409988e-05
O2__vmd3__Max,6.533575317604356e-05
Fz__ewt6__Log_Entropy,6.477732793522267e-05
F7__original__Tsallis_Entropy,6.477732793522267e-05
O1__vmd5__Q1,6.428571428571426e-05
P7__vmd3__Shannon_Entropy,6.38580931263858e-05
O2__emd3__Peak,6.38580931263858e-05
F3__vmd6__Tsallis_Entropy,6.38580931263858e-05
F8__vmd4__Higuchi_FD,6.38580931263858e-05
P7__vmd6__Std,6.38580931263858e-05
T8__vmd4__Peak,6.349206349206349e-05
C4__emd3__Std,6.349206349206349e-05
C3__emd2__Log_Entropy,6.349206349206349e-05
Fp1__vmd3__Mean,6.349206349206349e-05
C4__ewt4__Q1,6.318560772268539e-05
Cz__emd6__Hjorth_Complexity,6.318560772268539e-05
O2__vmd1__Hjorth_Activity,6.318560772268539e-05
T8__vmd5__Spectral_Flatness,6.318560772268539e-05
Fp1__vmd5__Std,6.318560772268539e-05
P3__ewt4__Min,6.318560772268539e-05
P4__emd2__Min,6.293706293706293e-05
T8__emd1__Permutation_Entropy,6.293706293706293e-05
O2__vmd6__Hjorth_Mobility,6.293706293706293e-05
T8__emd4__Skewness,6.293706293706293e-05
Fp2__emd6__Spectral_Flatness,6.293706293706293e-05
F7__vmd4__Hjorth_Activity,6.293706293706293e-05
Cz__ewt5__Hjorth_Complexity,6.293706293706293e-05
Fp1__ewt3__Higuchi_FD,6.27450980392157e-05
T7__emd1__Q1,6.27450980392157e-05
F8__original__Hjorth_Activity,6.274509803921569e-05
T7__ewt2__Hjorth_Activity,6.274509803921569e-05
Fz__vmd5__Shannon_Entropy,6.274509803921569e-05
Fz__ewt4__Log_Entropy,6.274509803921569e-05
C4__original__IQR,6.274509803921569e-05
P8__ewt5__Tsallis_Entropy,6.274509803921569e-05
F4__ewt3__Hurst_Exponent,6.274509803921569e-05
C4__vmd6__Log_Entropy,6.274509803921569e-05
P7__emd6__Hurst_Exponent,6.274509803921569e-05
O2__ewt4__Std,6.274509803921569e-05
P4__vmd3__Renyi_Entropy,6.274509803921569e-05
P4__vmd1__Q2,6.274509803921569e-05
C4__ewt5__Q3,6.274509803921569e-05
Cz__ewt1__Log_Entropy,6.274509803921569e-05
P7__vmd5__Shannon_Entropy,6.260869565217392e-05
P3__emd1__Q2,6.260869565217392e-05
C3__ewt2__Hurst_Exponent,6.260869565217392e-05
Fp1__ewt3__Shannon_Entropy,6.260869565217392e-05
F7__vmd2__Std,6.260869565217392e-05
O2__ewt6__Hjorth_Activity,6.260869565217392e-05
C3__ewt2__Peak,6.260869565217392e-05
O1__original__IQR,6.260869565217392e-05
P4__ewt4__Higuchi_FD,6.260869565217392e-05
F4__emd3__Min,6.252713851498047e-05
Pz__vmd6__IQR,6.252713851498046e-05
F8__emd6__Log_Entropy,6.252713851498046e-05
Pz__emd2__Q3,6.252713851498046e-05
P4__original__Tsallis_Entropy,6.252713851498046e-05
F4__vmd3__Mean,6.252713851498044e-05
F4__ewt1__Skewness,6.250000000000001e-05
O1__ewt1__RMS,6.250000000000001e-05
F3__vmd1__Hurst_Exponent,6.25e-05
T8__vmd3__IQR,5.8076225045372045e-05
F8__emd5__Renyi_Entropy,5.8076225045372045e-05
Fp2__vmd6__Max,5.7579847053531265e-05
F4__emd6__Renyi_Entropy,5.7142857142857135e-05
F7__vmd5__Skewness,5.7142857142857135e-05
P3__emd4__Shannon_Entropy,5.676274944567628e-05
F3__ewt2__Renyi_Entropy,5.676274944567628e-05
P8__vmd1__Min,5.64373897707231e-05
F3__vmd6__Q2,5.64373897707231e-05
C3__vmd6__Renyi_Entropy,5.64373897707231e-05
T8__vmd3__Max,5.64373897707231e-05
T8__ewt5__RMS,5.64373897707231e-05
Pz__vmd6__Median,5.616498464238702e-05
C4__vmd5__Spectral_Flatness,5.616498464238701e-05
Fz__emd4__Q3,5.616498464238701e-05
P7__vmd3__Q1,5.616498464238701e-05
Fp1__ewt5__Renyi_Entropy,5.6164984642387e-05
O2__ewt3__Min,5.5944055944055945e-05
P4__emd1__Hjorth_Mobility,5.594405594405594e-05
P8__ewt5__Q3,5.594405594405594e-05
Fp2__vmd5__Max,5.594405594405594e-05
Fp1__emd3__Kurtosis,5.594405594405594e-05
Fz__ewt3__IQR,5.594405594405594e-05
P4__ewt2__Median,5.594405594405593e-05
F7__vmd3__Min,5.5773420479302834e-05
P3__ewt6__Hjorth_Activity,5.577342047930283e-05
O1__ewt3__Hjorth_Activity,5.577342047930283e-05
F4__emd2__Hjorth_Mobility,5.577342047930283e-05
O2__emd2__RMS,5.577342047930283e-05
F3__vmd6__Kurtosis,5.577342047930283e-05
C4__ewt2__Hjorth_Complexity,5.577342047930283e-05
Pz__vmd6__Hurst_Exponent,5.577342047930282e-05
P7__emd4__Higuchi_FD,5.565217391304349e-05
P7__ewt6__Tsallis_Entropy,5.565217391304349e-05
P8__vmd2__Q3,5.565217391304348e-05
F7__vmd4__Log_Entropy,5.565217391304348e-05
F3__emd2__Hjorth_Complexity,5.565217391304348e-05
Fp1__emd4__RMS,5.565217391304348e-05
Cz__vmd3__Mean,5.565217391304348e-05
F8__vmd4__Peak,5.565217391304348e-05
Fp1__ewt5__Q1,5.565217391304348e-05
Fp2__emd4__Hjorth_Activity,5.565217391304348e-05
T7__ewt1__Std,5.565217391304348e-05
F7__vmd2__Permutation_Entropy,5.565217391304347e-05
T7__emd1__Hurst_Exponent,5.557967867998263e-05
P7__vmd6__Shannon_Entropy,5.5579678679982626e-05
P4__vmd3__Skewness,5.5579678679982626e-05
P3__emd1__Log_Entropy,5.5579678679982626e-05
Cz__ewt6__Tsallis_Entropy,5.5579678679982626e-05
P4__emd3__Hjorth_Complexity,5.5555555555555565e-05
O2__ewt1__Skewness,5.555555555555556e-05
Fp1__vmd3__Hjorth_Activity,5.555555555555555e-05
F3__original__Std,5.555555555555555e-05
P4__ewt3__Renyi_Entropy,4.183006535947712e-05
P4__ewt5__IQR,4.183006535947712e-05
T7__ewt3__Kurtosis,4.183006535947712e-05
C3__ewt2__Higuchi_FD,4.0487692661605624e-05
P7__emd4__Hjorth_Complexity,4.025157232704409e-05
T7__ewt3__IQR,3.9928698752228145e-05
P3__vmd3__Mean,3.97385620915032e-05
P3__emd2__IQR,3.97385620915032e-05
O1__ewt5__Hjorth_Activity,2.7424884049203383e-05
Fp1__vmd3__Min,0.0
Pz__ewt3__Q2,0.0
P8__ewt1__Hjorth_Activity,0.0
P8__ewt1__Hurst_Exponent,0.0
Fp1__vmd3__Max,0.0
P8__ewt2__Renyi_Entropy,0.0
F3__vmd1__Hjorth_Activity,0.0
Pz__ewt3__Shannon_Entropy,0.0
P8__ewt2__Shannon_Entropy,0.0
P8__ewt5__RMS,0.0
P8__ewt2__Max,0.0
P8__ewt2__Tsallis_Entropy,0.0
F3__vmd1__IQR,0.0
Pz__ewt2__Hjorth_Activity,0.0
Fp1__vmd3__Std,0.0
Fp1__vmd2__Spectral_Flatness,0.0
Pz__ewt3__Tsallis_Entropy,0.0
P8__ewt2__Permutation_Entropy,0.0
P8__ewt2__Log_Entropy,0.0
P8__ewt2__Hjorth_Complexity,0.0
F3__vmd1__Hjorth_Mobility,0.0
P8__ewt1__Log_Entropy,0.0
F3__vmd1__Kurtosis,0.0
Pz__ewt2__Hurst_Exponent,0.0
Pz__ewt2__Log_Entropy,0.0
P8__ewt1__Spectral_Flatness,0.0
P8__ewt2__Q2,0.0
F3__vmd1__Q1,0.0
P8__ewt2__Q1,0.0
Pz__ewt3__IQR,0.0
Fp2__vmd6__Shannon_Entropy,0.0
Pz__ewt3__Std,0.0
F3__vmd1__Log_Entropy,0.0
P8__ewt2__RMS,0.0
Pz__ewt3__RMS,0.0
Pz__ewt2__Permutation_Entropy,0.0
P8__ewt2__Skewness,0.0
Pz__ewt1__Peak,0.0
F3__vmd1__Permutation_Entropy,0.0
P8__ewt2__Min,0.0
F3__vmd1__Tsallis_Entropy,0.0
Pz__ewt3__Min,0.0
Pz__ewt2__Hjorth_Complexity,0.0
P8__ewt5__Std,0.0
F3__vmd1__Renyi_Entropy,0.0
P8__ewt2__Median,0.0
F3__vmd1__Shannon_Entropy,0.0
P8__ewt2__Peak,0.0
F3__vmd1__Q3,0.0
P8__ewt2__IQR,0.0
F3__vmd1__Q2,0.0
P8__ewt2__Mean,0.0
Fp1__vmd2__Hurst_Exponent,0.0
P8__ewt1__Hjorth_Complexity,0.0
Fp1__vmd3__Median,0.0
Pz__ewt3__Skewness,0.0
P8__ewt2__Std,0.0
Fp1__vmd2__Hjorth_Complexity,0.0
P8__ewt4__Tsallis_Entropy,0.0
Pz__ewt2__Tsallis_Entropy,0.0
P8__ewt3__Median,0.0
Fp1__vmd3__Permutation_Entropy,0.0
Fp2__vmd6__Hurst_Exponent,0.0
Pz__ewt1__Log_Entropy,0.0
P8__ewt4__Log_Entropy,0.0
P8__ewt4__Mean,0.0
P8__ewt3__Hjorth_Complexity,0.0
P8__ewt3__Hjorth_Mobility,0.0
Fp1__vmd3__Tsallis_Entropy,0.0
Pz__ewt1__Hjorth_Activity,0.0
P8__ewt3__Hjorth_Activity,0.0
Pz__ewt1__Hjorth_Complexity,0.0
Pz__ewt2__Mean,0.0
P8__ewt4__Higuchi_FD,0.0
Pz__ewt2__Median,0.0
P8__ewt3__Higuchi_FD,0.0
P8__ewt4__Std,0.0
Fp2__vmd6__Higuchi_FD,0.0
Fp1__vmd3__Spectral_Flatness,0.0
Fp1__vmd3__Higuchi_FD,0.0
Pz__ewt1__Renyi_Entropy,0.0
Fp1__vmd3__Hurst_Exponent,0.0
P8__ewt4__Renyi_Entropy,0.0
Fp2__vmd6__Permutation_Entropy,0.0
Pz__ewt1__Permutation_Entropy,0.0
P8__ewt4__Shannon_Entropy,0.0
P8__ewt4__Peak,0.0
Fp2__vmd6__Spectral_Flatness,0.0
Fp1__vmd3__Log_Entropy,0.0
Pz__ewt1__Spectral_Flatness,0.0
P8__ewt4__Kurtosis,0.0
Pz__ewt1__Q3,0.0
P8__ewt4__Skewness,0.0
P8__ewt4__RMS,0.0
P8__ewt3__Log_Entropy,0.0
Pz__ewt2__Min,0.0
P8__ewt3__Tsallis_Entropy,0.0
F3__vmd1__RMS,0.0
Pz__ewt2__Q1,0.0
P8__ewt3__Kurtosis,0.0
Fp1__vmd3__Kurtosis,0.0
P8__ewt3__Skewness,0.0
F3__vmd1__Std,0.0
P8__ewt3__RMS,0.0
F3__vmd1__Skewness,0.0
P8__ewt5__Median,0.0
P8__ewt3__Std,0.0
Pz__ewt2__Q2,0.0
Pz__ewt1__IQR,0.0
P8__ewt3__Max,0.0
P8__ewt3__Min,0.0
Pz__ewt2__Q3,0.0
Pz__ewt2__IQR,0.0
F3__vmd1__Max,0.0
Pz__ewt2__Max,0.0
P8__ewt3__Renyi_Entropy,0.0
P8__ewt4__Hjorth_Activity,0.0
Pz__ewt2__Std,0.0
Fp1__vmd3__Q3,0.0
F3__vmd1__Mean,0.0
Pz__ewt2__Skewness,0.0
Pz__ewt2__Kurtosis,0.0
F3__vmd1__Min,0.0
Fp2__vmd6__Renyi_Entropy,0.0
Fp1__vmd3__Q1,0.0
P8__ewt3__Shannon_Entropy,0.0
Pz__ewt2__Peak,0.0
P8__ewt3__Q1,0.0
P8__ewt3__IQR,0.0
P8__ewt3__Peak,0.0
Pz__ewt1__Q1,0.0
Fp2__vmd2__IQR,0.0
F3__vmd2__Mean,0.0
P7__ewt4__Tsallis_Entropy,0.0
Fp1__vmd1__Max,0.0
Pz__ewt5__Renyi_Entropy,0.0
F3__vmd3__RMS,0.0
P7__ewt4__Spectral_Flatness,0.0
Pz__ewt5__Tsallis_Entropy,0.0
Fp1__vmd1__Min,0.0
F3__vmd3__Skewness,0.0
P7__ewt4__Permutation_Entropy,0.0
P7__ewt4__Renyi_Entropy,0.0
F3__vmd3__Q1,0.0
Pz__ewt5__Spectral_Flatness,0.0
F3__vmd3__Kurtosis,0.0
P7__ewt4__Shannon_Entropy,0.0
P7__ewt4__Q2,0.0
Fp1__vmd1__Median,0.0
F3__vmd3__Peak,0.0
F3__vmd3__IQR,0.0
P7__ewt4__Q1,0.0
F3__vmd3__Std,0.0
F3__vmd3__Max,0.0
F3__vmd3__Min,0.0
P7__ewt4__Log_Entropy,0.0
Pz__ewt5__Kurtosis,0.0
P7__ewt5__Kurtosis,0.0
Fp1__vmd1__Q1,0.0
Pz__ewt5__Peak,0.0
F3__vmd2__Hjorth_Complexity,0.0
Fp1__vmd1__Peak,0.0
P7__ewt5__Mean,0.0
P7__ewt4__Hjorth_Complexity,0.0
Pz__ewt5__IQR,0.0
Fp1__vmd1__Kurtosis,0.0
Fp1__vmd1__Skewness,0.0
Fp1__vmd1__RMS,0.0
Pz__ewt5__Q2,0.0
Fp1__vmd1__Std,0.0
Pz__ewt5__Q3,0.0
P7__ewt4__Hjorth_Activity,0.0
P7__ewt4__Hurst_Exponent,0.0
Fp1__vmd1__Mean,0.0
P7__ewt4__IQR,0.0
F3__vmd2__Median,0.0
F3__vmd3__Hjorth_Mobility,0.0
Pz__ewt6__Min,0.0
F3__vmd3__Hurst_Exponent,0.0
P7__ewt4__Median,0.0
Pz__ewt6__Std,0.0
Pz__ewt6__Permutation_Entropy,0.0
F3__vmd3__Hjorth_Activity,0.0
P7__ewt4__Mean,0.0
Pz__ewt6__Skewness,0.0
Pz__ewt6__Renyi_Entropy,0.0
P7__ewt4__Peak,0.0
F3__vmd3__Hjorth_Complexity,0.0
P7__ewt3__Hjorth_Mobility,0.0
P7__ewt3__Hjorth_Activity,0.0
F3__vmd4__Mean,0.0
Pz__ewt6__Kurtosis,0.0
Pz__ewt6__Peak,0.0
F3__vmd4__Min,0.0
Pz__ewt6__IQR,0.0
F3__vmd3__Higuchi_FD,0.0
Pz__ewt6__Median,0.0
Pz__ewt6__Log_Entropy,0.0
Pz__ewt6__Mean,0.0
F3__vmd3__Q2,0.0
Pz__ewt6__Hjorth_Complexity,0.0
P7__ewt4__Kurtosis,0.0
F3__vmd3__Q3,0.0
Pz__ewt5__Log_Entropy,0.0
P7__ewt4__Skewness,0.0
Pz__ewt5__Higuchi_FD,0.0
F3__vmd3__Renyi_Entropy,0.0
Pz__ewt5__Hurst_Exponent,0.0
P7__ewt4__RMS,0.0
P7__ewt4__Std,0.0
P7__ewt4__Max,0.0
Pz__ewt5__Hjorth_Mobility,0.0
Pz__ewt5__Hjorth_Complexity,0.0
Pz__ewt6__Higuchi_FD,0.0
F3__vmd3__Log_Entropy,0.0
P7__ewt4__Min,0.0
Pz__ewt5__Skewness,0.0
Pz__ewt5__RMS,0.0
P7__ewt5__Q2,0.0
Fp1__vmd2__Median,0.0
Fp1__vmd2__Skewness,0.0
P8__ewt1__Std,0.0
F3__vmd2__RMS,0.0
Pz__ewt4__Median,0.0
F3__vmd2__Skewness,0.0
Fp1__vmd2__Std,0.0
Pz__ewt4__Max,0.0
Fp1__vmd2__Min,0.0
P8__ewt1__Min,0.0
Pz__ewt5__Std,0.0
Pz__ewt4__Std,0.0
Pz__ewt4__Skewness,0.0
Pz__ewt4__Kurtosis,0.0
Pz__ewt4__Peak,0.0
P8__ewt1__Mean,0.0
P7__ewt6__Hjorth_Complexity,0.0
P7__ewt6__Hjorth_Activity,0.0
P7__ewt6__Hurst_Exponent,0.0
Fp1__vmd2__Kurtosis,0.0
Pz__ewt4__Mean,0.0
Fp1__vmd2__Peak,0.0
Fp1__vmd2__IQR,0.0
Pz__ewt3__Permutation_Entropy,0.0
P8__ewt1__Permutation_Entropy,0.0
Pz__ewt3__Spectral_Flatness,0.0
Pz__ewt3__Log_Entropy,0.0
P8__ewt1__Tsallis_Entropy,0.0
Pz__ewt3__Hurst_Exponent,0.0
Fp1__vmd2__Shannon_Entropy,0.0
P8__ewt1__Shannon_Entropy,0.0
Fp1__vmd2__Q3,0.0
P8__ewt1__Q3,0.0
Pz__ewt3__Hjorth_Activity,0.0
Pz__ewt3__Hjorth_Complexity,0.0
F3__vmd2__Min,0.0
P8__ewt1__IQR,0.0
P8__ewt1__Peak,0.0
F3__vmd2__Max,0.0
Pz__ewt1__Std,0.0
P7__ewt6__Higuchi_FD,0.0
F3__vmd2__IQR,0.0
P7__ewt6__Log_Entropy,0.0
Fp1__vmd1__Higuchi_FD,0.0
F3__vmd2__Log_Entropy,0.0
Pz__ewt4__Hjorth_Mobility,0.0
F3__vmd2__Higuchi_FD,0.0
P7__ewt6__Mean,0.0
Pz__ewt4__Hjorth_Complexity,0.0
Pz__ewt5__Mean,0.0
P7__ewt5__Hjorth_Complexity,0.0
Pz__ewt5__Median,0.0
P7__ewt5__Hjorth_Mobility,0.0
P7__ewt5__Higuchi_FD,0.0
F3__vmd2__Hurst_Exponent,0.0
F3__vmd2__Hjorth_Activity,0.0
F3__vmd2__Hjorth_Mobility,0.0
P7__ewt5__Spectral_Flatness,0.0
Pz__ewt5__Min,0.0
P7__ewt5__Tsallis_Entropy,0.0
P7__ewt5__Renyi_Entropy,0.0
Pz__ewt4__Higuchi_FD,0.0
Fp1__vmd1__Hurst_Exponent,0.0
P7__ewt6__Permutation_Entropy,0.0
Pz__ewt4__Log_Entropy,0.0
P7__ewt6__Renyi_Entropy,0.0
P7__ewt6__Shannon_Entropy,0.0
F3__vmd2__Q3,0.0
Pz__ewt4__IQR,0.0
Pz__ewt4__Q2,0.0
P7__ewt6__Q2,0.0
Fp1__vmd2__Mean,0.0
Pz__ewt4__Q3,0.0
F3__vmd2__Renyi_Entropy,0.0
Pz__ewt4__Shannon_Entropy,0.0
P7__ewt6__IQR,0.0
Pz__ewt4__Renyi_Entropy,0.0
Pz__ewt4__Tsallis_Entropy,0.0
Pz__ewt4__Permutation_Entropy,0.0
P7__ewt6__Skewness,0.0
Fp1__vmd1__Hjorth_Activity,0.0
P7__ewt6__Min,0.0
Pz__ewt1__RMS,0.0
P8__ewt5__Shannon_Entropy,0.0
Pz__ewt1__Median,0.0
Fp2__vmd3__Spectral_Flatness,0.0
Fp1__vmd6__Higuchi_FD,0.0
Cz__ewt2__Shannon_Entropy,0.0
Fz__ewt3__Shannon_Entropy,0.0
Fp2__vmd3__Tsallis_Entropy,0.0
Fp2__vmd3__Permutation_Entropy,0.0
Cz__ewt2__Renyi_Entropy,0.0
Fz__ewt3__Q3,0.0
Fz__ewt3__Q2,0.0
Fz__ewt3__Q1,0.0
Fp2__vmd3__Hurst_Exponent,0.0
Fp2__vmd3__Log_Entropy,0.0
Fz__ewt3__Peak,0.0
Fz__ewt3__Kurtosis,0.0
Cz__ewt2__Permutation_Entropy,0.0
Fp1__vmd6__Permutation_Entropy,0.0
Cz__ewt2__Log_Entropy,0.0
Fp2__vmd3__Higuchi_FD,0.0
Cz__ewt2__Higuchi_FD,0.0
Fp1__vmd6__Hurst_Exponent,0.0
Fp2__vmd3__Renyi_Entropy,0.0
Fp2__vmd3__Shannon_Entropy,0.0
Cz__ewt2__Q1,0.0
Fz__ewt4__RMS,0.0
Fz__ewt4__Std,0.0
Cz__ewt1__Hjorth_Complexity,0.0
Fp2__vmd1__Mean,0.0
Fz__ewt4__Median,0.0
Fp1__vmd6__Hjorth_Complexity,0.0
Fz__ewt3__Hjorth_Complexity,0.0
Fz__ewt3__Hjorth_Activity,0.0
Cz__ewt2__Mean,0.0
Fp2__vmd3__Q2,0.0
Fp1__vmd6__Hjorth_Mobility,0.0
Cz__ewt2__Median,0.0
Cz__ewt2__Std,0.0
Cz__ewt2__Skewness,0.0
Cz__ewt2__Kurtosis,0.0
Cz__ewt2__IQR,0.0
Fp2__vmd3__Q3,0.0
Fz__ewt3__Skewness,0.0
Fp1__vmd6__Shannon_Entropy,0.0
Fp1__vmd4__Mean,0.0
Fz__ewt2__Spectral_Flatness,0.0
Fp1__vmd6__Max,0.0
Cz__ewt3__Spectral_Flatness,0.0
Fp2__vmd4__Mean,0.0
Cz__ewt3__Hjorth_Mobility,0.0
Fz__ewt2__Hjorth_Mobility,0.0
Fz__ewt2__Hjorth_Activity,0.0
Fz__ewt2__Hurst_Exponent,0.0
Fz__ewt2__Log_Entropy,0.0
Fp2__vmd4__Median,0.0
Cz__ewt2__Hjorth_Mobility,0.0
Fz__ewt2__Tsallis_Entropy,0.0
Fp2__vmd4__Min,0.0
Fp2__vmd4__Max,0.0
Fp1__vmd6__Min,0.0
Fp1__vmd6__Median,0.0
Fp1__vmd6__Mean,0.0
Fp1__vmd5__Hjorth_Complexity,0.0
Cz__ewt4__Min,0.0
Fz__ewt2__Hjorth_Complexity,0.0
Fp2__vmd3__Hjorth_Complexity,0.0
Cz__ewt3__Shannon_Entropy,0.0
Fp1__vmd6__RMS,0.0
Cz__ewt3__Min,0.0
Fp1__vmd6__Q1,0.0
Fz__ewt3__RMS,0.0
Cz__ewt3__Max,0.0
Fz__ewt3__Std,0.0
Fz__ewt3__Max,0.0
Fp1__vmd6__Peak,0.0
Fz__ewt3__Min,0.0
Fp2__vmd3__Hjorth_Activity,0.0
Fp2__vmd3__Hjorth_Mobility,0.0
Cz__ewt3__Skewness,0.0
Fz__ewt3__Median,0.0
Cz__ewt3__Peak,0.0
Fz__ewt3__Mean,0.0
Cz__ewt3__IQR,0.0
Cz__ewt3__Q1,0.0
Cz__ewt3__Q3,0.0
Cz__ewt1__Hjorth_Mobility,0.0
Cz__ewt1__Hurst_Exponent,0.0
Fz__ewt4__Kurtosis,0.0
Fz__ewt6__Q1,0.0
Fp2__vmd2__Tsallis_Entropy,0.0
Fp2__vmd2__Permutation_Entropy,0.0
Fp2__vmd1__Hjorth_Mobility,0.0
Fp2__vmd2__Spectral_Flatness,0.0
Fz__ewt5__Shannon_Entropy,0.0
Fz__ewt5__Q3,0.0
Fz__ewt5__Q1,0.0
Fp2__vmd2__Higuchi_FD,0.0
Fz__ewt6__Shannon_Entropy,0.0
Fz__ewt4__Peak,0.0
Fz__ewt6__Renyi_Entropy,0.0
Fz__ewt5__IQR,0.0
Fz__ewt5__Peak,0.0
Fz__ewt6__Tsallis_Entropy,0.0
Fz__ewt6__Permutation_Entropy,0.0
Fz__ewt6__Higuchi_FD,0.0
Fz__ewt5__Skewness,0.0
Fz__ewt5__RMS,0.0
Fz__ewt5__Renyi_Entropy,0.0
Fp2__vmd1__Hjorth_Complexity,0.0
Fz__ewt6__Peak,0.0
Fz__ewt6__Kurtosis,0.0
Fp2__vmd2__Peak,0.0
Fp2__vmd2__Q1,0.0
Fp2__vmd2__Kurtosis,0.0
Fz__ewt5__Hjorth_Mobility,0.0
Fz__ewt6__Min,0.0
Fp2__vmd2__Q2,0.0
Fz__ewt5__Higuchi_FD,0.0
Fp2__vmd2__RMS,0.0
Fz__ewt5__Log_Entropy,0.0
Fz__ewt5__Spectral_Flatness,0.0
Fz__ewt6__Max,0.0
Fp2__vmd2__Std,0.0
Fz__ewt6__RMS,0.0
Fz__ewt5__Permutation_Entropy,0.0
Fp2__vmd2__Median,0.0
Fz__ewt6__Skewness,0.0
Fp2__vmd2__Mean,0.0
Fz__ewt6__Hjorth_Activity,0.0
Fp2__vmd1__Permutation_Entropy,0.0
Fz__ewt6__Hjorth_Complexity,0.0
Cz__ewt1__RMS,0.0
Cz__ewt1__Q1,0.0
Cz__ewt1__Q3,0.0
Cz__ewt1__Shannon_Entropy,0.0
Fp2__vmd3__Skewness,0.0
Fp2__vmd1__RMS,0.0
Cz__ewt1__Renyi_Entropy,0.0
Fz__ewt4__Tsallis_Entropy,0.0
Fp2__vmd1__Std,0.0
Fp2__vmd1__Max,0.0
Fz__ewt4__Renyi_Entropy,0.0
Cz__ewt1__Permutation_Entropy,0.0
Fp2__vmd1__Min,0.0
Fp2__vmd3__IQR,0.0
Fp2__vmd3__Q1,0.0
Fz__ewt4__Q2,0.0
Fz__ewt4__Q1,0.0
Fz__ewt4__IQR,0.0
Cz__ewt1__IQR,0.0
Fz__ewt4__Hurst_Exponent,0.0
Fz__ewt5__Std,0.0
Fp2__vmd1__Peak,0.0
Fp2__vmd2__Hurst_Exponent,0.0
Fp2__vmd2__Hjorth_Activity,0.0
Pz__ewt6__Q3,0.0
Fz__ewt5__Max,0.0
Fp2__vmd1__Renyi_Entropy,0.0
Fz__ewt5__Min,0.0
Fp2__vmd1__Shannon_Entropy,0.0
Cz__ewt1__Mean,0.0
Cz__ewt1__Min,0.0
Cz__ewt1__Max,0.0
Fz__ewt4__Hjorth_Complexity,0.0
Fp2__vmd3__Median,0.0
Fp2__vmd3__Min,0.0
Fp2__vmd3__Max,0.0
Fp2__vmd1__Q1,0.0
Fp2__vmd3__Std,0.0
Fz__ewt4__Hjorth_Activity,0.0
Fz__ewt2__Q3,0.0
Fz__ewt2__Q1,0.0
Cz__ewt4__Skewness,0.0
P8__ewt6__Skewness,0.0
P8__ewt6__Peak,0.0
Fp1__vmd5__Mean,0.0
Cz__ewt6__Peak,0.0
P8__ewt6__Kurtosis,0.0
Fp2__vmd5__Renyi_Entropy,0.0
Fp2__vmd5__Tsallis_Entropy,0.0
Fp2__vmd5__Permutation_Entropy,0.0
Fp2__vmd5__Spectral_Flatness,0.0
P8__ewt6__RMS,0.0
Cz__ewt5__Higuchi_FD,0.0
Fp1__vmd4__Hjorth_Activity,0.0
Fp1__vmd4__Hurst_Exponent,0.0
P8__ewt6__Max,0.0
Cz__ewt6__IQR,0.0
P8__ewt6__Min,0.0
Fp1__vmd4__Log_Entropy,0.0
Cz__ewt6__Q1,0.0
Fp1__vmd4__Spectral_Flatness,0.0
P8__ewt6__IQR,0.0
P8__ewt6__Q1,0.0
P8__ewt6__Q3,0.0
Fp1__vmd5__Median,0.0
Cz__ewt5__Hjorth_Mobility,0.0
Cz__ewt6__Mean,0.0
P8__ewt6__Log_Entropy,0.0
Fp1__vmd5__RMS,0.0
Cz__ewt6__Min,0.0
Fp2__vmd5__Peak,0.0
Fp1__vmd5__Max,0.0
Fp1__vmd5__Min,0.0
Cz__ewt6__Max,0.0
Fp2__vmd5__IQR,0.0
Cz__ewt6__Std,0.0
Cz__ewt6__Skewness,0.0
P8__ewt6__Permutation_Entropy,0.0
P8__ewt6__Renyi_Entropy,0.0
Fp2__vmd5__Q2,0.0
Cz__ewt6__Kurtosis,0.0
Fp2__vmd5__Q3,0.0
Fp2__vmd5__Higuchi_FD,0.0
P8__ewt6__Median,0.0
Cz__ewt6__Q2,0.0
Cz__ewt6__Higuchi_FD,0.0
P8__ewt5__Renyi_Entropy,0.0
Fz__ewt6__Mean,0.0
Fp1__vmd4__Std,0.0
P8__ewt5__Q2,0.0
Fp2__vmd6__RMS,0.0
P8__ewt5__Q1,0.0
Cz__ewt6__Hjorth_Activity,0.0
Fp2__vmd6__Kurtosis,0.0
Cz__ewt6__Hjorth_Complexity,0.0
Fp2__vmd6__IQR,0.0
Fp1__vmd4__Max,0.0
Fp2__vmd6__Q1,0.0
Fp1__vmd4__Median,0.0
P8__ewt5__Peak,0.0
P8__ewt5__Kurtosis,0.0
P8__ewt5__Skewness,0.0
Fp2__vmd6__Q2,0.0
Fp1__vmd4__RMS,0.0
Fp2__vmd6__Min,0.0
Cz__ewt6__Q3,0.0
Cz__ewt6__Log_Entropy,0.0
Fp2__vmd5__Hjorth_Activity,0.0
Cz__ewt6__Shannon_Entropy,0.0
Fp1__vmd4__Tsallis_Entropy,0.0
Fp1__vmd4__Shannon_Entropy,0.0
Cz__ewt6__Renyi_Entropy,0.0
P8__ewt6__Mean,0.0
P8__ewt5__Hjorth_Complexity,0.0
P8__ewt5__Hjorth_Activity,0.0
Fp2__vmd5__Hjorth_Mobility,0.0
Fp1__vmd4__Q1,0.0
P8__ewt5__Hurst_Exponent,0.0
Fp2__vmd5__Hjorth_Complexity,0.0
Fp1__vmd4__IQR,0.0
Fp2__vmd6__Mean,0.0
Fp1__vmd4__Peak,0.0
P8__ewt5__Spectral_Flatness,0.0
F3__vmd4__Max,0.0
Cz__ewt5__Hjorth_Activity,0.0
Fp2__vmd5__Kurtosis,0.0
Fz__ewt2__IQR,0.0
Fz__ewt1__Permutation_Entropy,0.0
Fz__ewt2__Mean,0.0
Fz__ewt1__Hjorth_Complexity,0.0
Fz__ewt1__Hjorth_Activity,0.0
Cz__ewt4__Higuchi_FD,0.0
Cz__ewt4__Hurst_Exponent,0.0
Fz__ewt1__Higuchi_FD,0.0
Fp1__vmd5__Spectral_Flatness,0.0
Fz__ewt1__Log_Entropy,0.0
Fp2__vmd4__Renyi_Entropy,0.0
Fp2__vmd5__Skewness,0.0
Fp2__vmd4__Tsallis_Entropy,0.0
Cz__ewt4__Hjorth_Mobility,0.0
Fp1__vmd5__Permutation_Entropy,0.0
Fp2__vmd4__Permutation_Entropy,0.0
Fz__ewt1__Tsallis_Entropy,0.0
Fz__ewt1__Renyi_Entropy,0.0
Fz__ewt1__Shannon_Entropy,0.0
Fz__ewt1__Q3,0.0
Cz__ewt4__Log_Entropy,0.0
Fz__ewt2__Min,0.0
Fp1__vmd5__Higuchi_FD,0.0
Cz__ewt4__Spectral_Flatness,0.0
Cz__ewt4__Kurtosis,0.0
Cz__ewt4__IQR,0.0
Fp2__vmd4__Skewness,0.0
Fp2__vmd4__Kurtosis,0.0
Cz__ewt4__Q1,0.0
Fp2__vmd4__Peak,0.0
Cz__ewt4__Q2,0.0
Fp1__vmd5__Hjorth_Activity,0.0
Fz__ewt2__Skewness,0.0
Cz__ewt4__Shannon_Entropy,0.0
Fp2__vmd4__IQR,0.0
Fz__ewt2__RMS,0.0
Fp1__vmd5__Hurst_Exponent,0.0
Fp2__vmd4__Q1,0.0
Fz__ewt2__Max,0.0
Cz__ewt4__Renyi_Entropy,0.0
Fp2__vmd4__Q2,0.0
Fp1__vmd5__Tsallis_Entropy,0.0
Cz__ewt5__Mean,0.0
Fp1__vmd5__Shannon_Entropy,0.0
Fp2__vmd4__Hjorth_Activity,0.0
Cz__ewt5__Q3,0.0
Fz__ewt1__Min,0.0
Fp2__vmd4__Hjorth_Mobility,0.0
Fp2__vmd4__Hjorth_Complexity,0.0
Fp2__vmd5__Mean,0.0
Fz__ewt1__Mean,0.0
Fp1__vmd5__Q1,0.0
Cz__ewt5__Shannon_Entropy,0.0
Fp1__vmd5__Peak,0.0
P8__ewt6__Hjorth_Mobility,0.0
Cz__ewt5__Tsallis_Entropy,0.0
Cz__ewt5__Permutation_Entropy,0.0
Cz__ewt5__Spectral_Flatness,0.0
P8__ewt6__Hjorth_Activity,0.0
Cz__ewt5__Log_Entropy,0.0
P8__ewt6__Hurst_Exponent,0.0
P8__ewt6__Higuchi_FD,0.0
Cz__ewt5__Q1,0.0
Fp1__vmd5__Q2,0.0
Fz__ewt1__Q2,0.0
Fp2__vmd4__Hurst_Exponent,0.0
Cz__ewt5__Min,0.0
Fz__ewt1__Q1,0.0
Fz__ewt1__IQR,0.0
Fp2__vmd4__Spectral_Flatness,0.0
Cz__ewt5__Max,0.0
Cz__ewt5__Skewness,0.0
Fz__ewt1__Peak,0.0
Fp2__vmd4__Log_Entropy,0.0
Fp2__vmd4__Higuchi_FD,0.0
Fz__ewt1__Kurtosis,0.0
Cz__ewt5__Kurtosis,0.0
Fz__ewt1__Skewness,0.0
Cz__ewt5__Peak,0.0
Fz__ewt1__RMS,0.0
Fz__ewt1__Std,0.0
Fp1__vmd5__Q3,0.0
Cz__ewt5__IQR,0.0
Fp2__vmd2__Hjorth_Mobility,0.0
Fp1__original__Mean,0.0
F3__vmd4__Std,0.0
T8__vmd4__Renyi_Entropy,0.0
T8__vmd4__Q2,0.0
T8__vmd4__Q1,0.0
T8__vmd4__IQR,0.0
T8__vmd4__Skewness,0.0
T8__vmd4__Std,0.0
T8__vmd4__Min,0.0
T8__vmd4__Median,0.0
T8__vmd3__Hjorth_Complexity,0.0
T8__vmd3__Hjorth_Mobility,0.0
T8__vmd3__Hjorth_Activity,0.0
T8__vmd3__Hurst_Exponent,0.0
T8__vmd3__Log_Entropy,0.0
T8__vmd3__Spectral_Flatness,0.0
T8__vmd3__Permutation_Entropy,0.0
T8__vmd3__Tsallis_Entropy,0.0
T8__vmd3__Renyi_Entropy,0.0
T8__vmd3__Q3,0.0
T8__vmd3__Q1,0.0
T8__vmd3__Peak,0.0
T8__vmd3__Kurtosis,0.0
T8__vmd3__Skewness,0.0
T8__vmd4__Shannon_Entropy,0.0
T8__vmd4__Tsallis_Entropy,0.0
T8__vmd5__Hurst_Exponent,0.0
T8__vmd4__Spectral_Flatness,0.0
T8__vmd5__Log_Entropy,0.0
T8__vmd5__Permutation_Entropy,0.0
T8__vmd5__Tsallis_Entropy,0.0
T8__vmd5__Renyi_Entropy,0.0
T8__vmd5__Shannon_Entropy,0.0
T8__vmd5__Q3,0.0
T8__vmd5__Q2,0.0
T8__vmd5__Q1,0.0
T8__vmd5__IQR,0.0
T8__vmd5__Peak,0.0
T8__vmd5__Kurtosis,0.0
T8__vmd5__RMS,0.0
T8__vmd5__Max,0.0
T8__vmd5__Min,0.0
T8__vmd5__Median,0.0
T8__vmd5__Mean,0.0
T8__vmd4__Hjorth_Complexity,0.0
T8__vmd4__Hjorth_Mobility,0.0
T8__vmd4__Hjorth_Activity,0.0
T8__vmd4__Higuchi_FD,0.0
T8__vmd4__Log_Entropy,0.0
T8__vmd3__Min,0.0
T8__vmd3__Median,0.0
T8__vmd2__Hjorth_Complexity,0.0
T8__vmd2__Hurst_Exponent,0.0
T8__vmd1__Q1,0.0
T8__vmd1__IQR,0.0
T8__vmd1__Peak,0.0
T8__vmd1__Kurtosis,0.0
T8__vmd1__Max,0.0
T8__vmd1__Min,0.0
T8__vmd1__Median,0.0
T8__vmd1__Mean,0.0
T7__vmd6__Hjorth_Complexity,0.0
T7__vmd6__Hjorth_Activity,0.0
T7__vmd6__Higuchi_FD,0.0
T7__vmd6__Log_Entropy,0.0
T7__vmd6__Spectral_Flatness,0.0
T7__vmd6__Permutation_Entropy,0.0
T7__vmd6__Tsallis_Entropy,0.0
T7__vmd6__Renyi_Entropy,0.0
T7__vmd6__Shannon_Entropy,0.0
T7__vmd6__Q3,0.0
T7__vmd6__Q2,0.0
T7__vmd6__Q1,0.0
T7__vmd6__IQR,0.0
T8__vmd1__Q2,0.0
T8__vmd1__Q3,0.0
T8__vmd1__Shannon_Entropy,0.0
T8__vmd2__Peak,0.0
T8__vmd2__Higuchi_FD,0.0
T8__vmd2__Log_Entropy,0.0
T8__vmd2__Spectral_Flatness,0.0
T8__vmd2__Permutation_Entropy,0.0
T8__vmd2__Tsallis_Entropy,0.0
T8__vmd2__Renyi_Entropy,0.0
T8__vmd2__Shannon_Entropy,0.0
T8__vmd2__Q2,0.0
T8__vmd2__IQR,0.0
T8__vmd2__Skewness,0.0
T8__vmd1__Renyi_Entropy,0.0
T8__vmd2__Max,0.0
T8__vmd2__Min,0.0
T8__vmd1__Hjorth_Complexity,0.0
T8__vmd1__Hjorth_Mobility,0.0
T8__vmd1__Hjorth_Activity,0.0
T8__vmd1__Hurst_Exponent,0.0
T8__vmd1__Higuchi_FD,0.0
T8__vmd1__Permutation_Entropy,0.0
T8__vmd1__Tsallis_Entropy,0.0
T8__vmd5__Higuchi_FD,0.0
T8__vmd5__Hjorth_Mobility,0.0
T7__vmd6__Kurtosis,0.0
P7__vmd4__Skewness,0.0
P7__vmd4__Min,0.0
P7__vmd4__Mean,0.0
P7__vmd3__Hjorth_Complexity,0.0
P7__vmd3__Hjorth_Mobility,0.0
P7__vmd3__Hjorth_Activity,0.0
P7__vmd3__Hurst_Exponent,0.0
P7__vmd3__Higuchi_FD,0.0
P7__vmd3__Permutation_Entropy,0.0
P7__vmd3__Tsallis_Entropy,0.0
P7__vmd3__Renyi_Entropy,0.0
P7__vmd3__Q3,0.0
P7__vmd3__Q2,0.0
P7__vmd3__IQR,0.0
P7__vmd3__Skewness,0.0
P7__vmd3__RMS,0.0
P7__vmd3__Max,0.0
P7__vmd3__Min,0.0
P7__vmd3__Median,0.0
P7__vmd3__Mean,0.0
P7__vmd2__Hjorth_Complexity,0.0
P7__vmd2__Hjorth_Mobility,0.0
P7__vmd4__Max,0.0
P7__vmd4__Kurtosis,0.0
T8__vmd6__Mean,0.0
P7__vmd4__Peak,0.0
P7__vmd5__Renyi_Entropy,0.0
P7__vmd5__Q3,0.0
P7__vmd5__Q2,0.0
P7__vmd5__Q1,0.0
P7__vmd5__IQR,0.0
P7__vmd5__Peak,0.0
P7__vmd5__Kurtosis,0.0
P7__vmd5__Skewness,0.0
P7__vmd5__RMS,0.0
P7__vmd5__Max,0.0
P7__vmd5__Min,0.0
P7__vmd5__Mean,0.0
P7__vmd4__Hjorth_Mobility,0.0
P7__vmd4__Higuchi_FD,0.0
P7__vmd4__Log_Entropy,0.0
P7__vmd4__Spectral_Flatness,0.0
P7__vmd4__Permutation_Entropy,0.0
P7__vmd4__Renyi_Entropy,0.0
P7__vmd4__Shannon_Entropy,0.0
P7__vmd4__Q3,0.0
P7__vmd4__Q1,0.0
P7__vmd2__Hjorth_Activity,0.0
P7__vmd2__Hurst_Exponent,0.0
P7__vmd2__Log_Entropy,0.0
P7__vmd2__Permutation_Entropy,0.0
P7__vmd1__Std,0.0
P7__vmd1__Max,0.0
P7__vmd1__Min,0.0
P7__vmd1__Mean,0.0
T8__vmd6__Hjorth_Complexity,0.0
T8__vmd6__Hjorth_Mobility,0.0
T8__vmd6__Hjorth_Activity,0.0
T8__vmd6__Hurst_Exponent,0.0
T8__vmd6__Higuchi_FD,0.0
T8__vmd6__Log_Entropy,0.0
T8__vmd6__Spectral_Flatness,0.0
T8__vmd6__Tsallis_Entropy,0.0
T8__vmd6__Renyi_Entropy,0.0
T8__vmd6__Shannon_Entropy,0.0
T8__vmd6__Q3,0.0
T8__vmd6__Q2,0.0
T8__vmd6__Q1,0.0
T8__vmd6__IQR,0.0
T8__vmd6__RMS,0.0
T8__vmd6__Max,0.0
T8__vmd6__Median,0.0
P7__vmd1__RMS,0.0
P7__vmd1__Skewness,0.0
P7__vmd1__Kurtosis,0.0
P7__vmd1__Hjorth_Activity,0.0
P7__vmd2__Tsallis_Entropy,0.0
P7__vmd2__Shannon_Entropy,0.0
P7__vmd2__Q2,0.0
P7__vmd2__Peak,0.0
P7__vmd2__Std,0.0
P7__vmd2__Max,0.0
P7__vmd2__Median,0.0
P7__vmd2__Mean,0.0
P7__vmd1__Hjorth_Complexity,0.0
P7__vmd1__Hurst_Exponent,0.0
P7__vmd1__IQR,0.0
P7__vmd1__Higuchi_FD,0.0
P7__vmd1__Log_Entropy,0.0
P7__vmd1__Spectral_Flatness,0.0
P7__vmd1__Permutation_Entropy,0.0
P7__vmd1__Tsallis_Entropy,0.0
P7__vmd1__Shannon_Entropy,0.0
P7__vmd1__Q3,0.0
P7__vmd1__Q2,0.0
P7__vmd1__Q1,0.0
T7__vmd6__Peak,0.0
T7__vmd6__Skewness,0.0
F3__vmd4__RMS,0.0
F8__vmd4__Hurst_Exponent,0.0
F8__vmd4__Shannon_Entropy,0.0
F8__vmd4__Q3,0.0
F8__vmd4__Q1,0.0
F8__vmd4__IQR,0.0
F8__vmd4__Kurtosis,0.0
F8__vmd4__Skewness,0.0
F8__vmd4__RMS,0.0
F8__vmd4__Std,0.0
F8__vmd4__Median,0.0
F8__vmd4__Mean,0.0
F8__vmd3__Hjorth_Complexity,0.0
F8__vmd3__Hjorth_Mobility,0.0
F8__vmd3__Hurst_Exponent,0.0
F8__vmd3__Higuchi_FD,0.0
F8__vmd3__Permutation_Entropy,0.0
F8__vmd3__Tsallis_Entropy,0.0
F8__vmd3__Renyi_Entropy,0.0
F8__vmd3__Shannon_Entropy,0.0
F8__vmd3__Q3,0.0
F8__vmd3__Q1,0.0
F8__vmd3__Peak,0.0
F8__vmd4__Permutation_Entropy,0.0
F8__vmd4__Hjorth_Activity,0.0
F8__vmd6__Q3,0.0
F8__vmd4__Hjorth_Mobility,0.0
F8__vmd6__IQR,0.0
F8__vmd6__Peak,0.0
F8__vmd6__Kurtosis,0.0
F8__vmd6__Skewness,0.0
F8__vmd6__RMS,0.0
F8__vmd6__Std,0.0
F8__vmd6__Min,0.0
F8__vmd6__Median,0.0
F8__vmd5__Hjorth_Activity,0.0
F8__vmd5__Log_Entropy,0.0
F8__vmd5__Renyi_Entropy,0.0
F8__vmd5__IQR,0.0
F8__vmd5__Peak,0.0
F8__vmd5__Kurtosis,0.0
F8__vmd5__Skewness,0.0
F8__vmd5__RMS,0.0
F8__vmd5__Std,0.0
F8__vmd5__Max,0.0
F8__vmd5__Min,0.0
F8__vmd5__Median,0.0
F8__vmd5__Mean,0.0
F8__vmd3__Min,0.0
F8__vmd2__Hjorth_Complexity,0.0
F8__vmd2__Hjorth_Mobility,0.0
F8__vmd2__Hjorth_Activity,0.0
F8__vmd1__IQR,0.0
F8__vmd1__Peak,0.0
F8__vmd1__Kurtosis,0.0
F8__vmd1__Skewness,0.0
F8__vmd1__Std,0.0
F8__vmd1__Max,0.0
F8__vmd1__Min,0.0
F8__vmd1__Median,0.0
F8__vmd1__Mean,0.0
F7__vmd6__Hjorth_Mobility,0.0
F7__vmd6__Hjorth_Activity,0.0
F7__vmd6__Higuchi_FD,0.0
F7__vmd6__Log_Entropy,0.0
F7__vmd6__Permutation_Entropy,0.0
F7__vmd6__Tsallis_Entropy,0.0
F7__vmd6__Shannon_Entropy,0.0
F7__vmd6__Q3,0.0
F7__vmd6__Q1,0.0
F7__vmd6__IQR,0.0
F7__vmd6__Peak,0.0
F7__vmd6__Kurtosis,0.0
F8__vmd1__Q1,0.0
F8__vmd1__Q3,0.0
F8__vmd1__Shannon_Entropy,0.0
F8__vmd2__Kurtosis,0.0
F8__vmd2__Hurst_Exponent,0.0
F8__vmd2__Log_Entropy,0.0
F8__vmd2__Spectral_Flatness,0.0
F8__vmd2__Permutation_Entropy,0.0
F8__vmd2__Shannon_Entropy,0.0
F8__vmd2__Q3,0.0
F8__vmd2__Q2,0.0
F8__vmd2__Q1,0.0
F8__vmd2__IQR,0.0
F8__vmd2__Skewness,0.0
F8__vmd1__Renyi_Entropy,0.0
F8__vmd2__RMS,0.0
F8__vmd2__Std,0.0
F8__vmd2__Min,0.0
F8__vmd2__Mean,0.0
F8__vmd1__Hjorth_Mobility,0.0
F8__vmd1__Hurst_Exponent,0.0
F8__vmd1__Log_Entropy,0.0
F8__vmd1__Spectral_Flatness,0.0
F8__vmd1__Permutation_Entropy,0.0
F8__vmd6__Q2,0.0
F8__vmd6__Renyi_Entropy,0.0
T7__vmd6__RMS,0.0
T7__vmd4__Higuchi_FD,0.0
T7__vmd4__Renyi_Entropy,0.0
T7__vmd4__Shannon_Entropy,0.0
T7__vmd4__Q2,0.0
T7__vmd4__Q1,0.0
T7__vmd4__Peak,0.0
T7__vmd4__Kurtosis,0.0
T7__vmd4__Skewness,0.0
T7__vmd4__RMS,0.0
T7__vmd4__Std,0.0
T7__vmd4__Max,0.0
T7__vmd4__Min,0.0
T7__vmd4__Median,0.0
T7__vmd4__Mean,0.0
T7__vmd3__Hjorth_Mobility,0.0
T7__vmd3__Log_Entropy,0.0
T7__vmd3__Spectral_Flatness,0.0
T7__vmd3__Tsallis_Entropy,0.0
T7__vmd3__Renyi_Entropy,0.0
T7__vmd3__Shannon_Entropy,0.0
T7__vmd3__Q3,0.0
T7__vmd3__Q2,0.0
T7__vmd4__Log_Entropy,0.0
T7__vmd4__Hjorth_Activity,0.0
F8__vmd6__Permutation_Entropy,0.0
T7__vmd4__Hjorth_Complexity,0.0
T7__vmd6__Std,0.0
T7__vmd6__Max,0.0
T7__vmd6__Min,0.0
T7__vmd6__Median,0.0
T7__vmd6__Mean,0.0
T7__vmd5__Hurst_Exponent,0.0
T7__vmd5__Log_Entropy,0.0
T7__vmd5__Renyi_Entropy,0.0
T7__vmd5__Shannon_Entropy,0.0
T7__vmd5__Q3,0.0
T7__vmd5__Q2,0.0
T7__vmd5__Q1,0.0
T7__vmd5__IQR,0.0
T7__vmd5__Peak,0.0
T7__vmd5__Kurtosis,0.0
T7__vmd5__Skewness,0.0
T7__vmd5__RMS,0.0
T7__vmd5__Max,0.0
T7__vmd5__Min,0.0
T7__vmd5__Median,0.0
T7__vmd5__Mean,0.0
T7__vmd3__Q1,0.0
T7__vmd3__IQR,0.0
T7__vmd3__Peak,0.0
T7__vmd3__Kurtosis,0.0
T7__vmd1__Hjorth_Complexity,0.0
T7__vmd1__Hjorth_Activity,0.0
T7__vmd1__Hurst_Exponent,0.0
T7__vmd1__Log_Entropy,0.0
T7__vmd1__Spectral_Flatness,0.0
T7__vmd1__Tsallis_Entropy,0.0
T7__vmd1__Renyi_Entropy,0.0
T7__vmd1__Q3,0.0
T7__vmd1__Q2,0.0
T7__vmd1__Q1,0.0
T7__vmd1__IQR,0.0
T7__vmd1__Peak,0.0
T7__vmd1__Skewness,0.0
T7__vmd1__RMS,0.0
T7__vmd1__Std,0.0
T7__vmd1__Min,0.0
T7__vmd1__Median,0.0
F8__vmd6__Hjorth_Activity,0.0
F8__vmd6__Higuchi_FD,0.0
F8__vmd6__Log_Entropy,0.0
F8__vmd6__Spectral_Flatness,0.0
T7__vmd2__Mean,0.0
T7__vmd2__Median,0.0
T7__vmd2__Max,0.0
T7__vmd2__Log_Entropy,0.0
T7__vmd3__Skewness,0.0
T7__vmd3__RMS,0.0
T7__vmd3__Std,0.0
T7__vmd3__Max,0.0
T7__vmd3__Min,0.0
T7__vmd3__Median,0.0
T7__vmd2__Hjorth_Activity,0.0
T7__vmd2__Hurst_Exponent,0.0
T7__vmd2__Higuchi_FD,0.0
T7__vmd2__Spectral_Flatness,0.0
T7__vmd2__Std,0.0
T7__vmd2__Renyi_Entropy,0.0
T7__vmd2__Shannon_Entropy,0.0
T7__vmd2__Q3,0.0
T7__vmd2__Q2,0.0
T7__vmd2__Q1,0.0
T7__vmd2__IQR,0.0
T7__vmd2__Kurtosis,0.0
T7__vmd2__Skewness,0.0
T7__vmd2__RMS,0.0
P7__vmd5__Tsallis_Entropy,0.0
P7__vmd6__Mean,0.0
P7__vmd6__Min,0.0
Cz__vmd4__Hjorth_Mobility,0.0
Cz__vmd4__Spectral_Flatness,0.0
Cz__vmd4__Renyi_Entropy,0.0
Cz__vmd4__IQR,0.0
Cz__vmd4__RMS,0.0
Cz__vmd4__Std,0.0
Cz__vmd4__Max,0.0
Cz__vmd4__Min,0.0
Cz__vmd4__Median,0.0
Cz__vmd3__Hjorth_Complexity,0.0
Cz__vmd3__Hjorth_Mobility,0.0
Cz__vmd3__Hjorth_Activity,0.0
Cz__vmd3__Higuchi_FD,0.0
Cz__vmd3__Log_Entropy,0.0
Cz__vmd3__Spectral_Flatness,0.0
Cz__vmd3__Tsallis_Entropy,0.0
Cz__vmd3__Renyi_Entropy,0.0
Cz__vmd3__Shannon_Entropy,0.0
Cz__vmd3__Q3,0.0
Cz__vmd3__Q2,0.0
Cz__vmd3__Q1,0.0
Cz__vmd3__IQR,0.0
Cz__vmd4__Log_Entropy,0.0
Cz__vmd4__Hjorth_Complexity,0.0
Cz__vmd6__Std,0.0
Cz__vmd5__Median,0.0
Cz__vmd6__Min,0.0
Cz__vmd6__Mean,0.0
Cz__vmd5__Hjorth_Mobility,0.0
Cz__vmd5__Hjorth_Activity,0.0
Cz__vmd5__Hurst_Exponent,0.0
Cz__vmd5__Higuchi_FD,0.0
Cz__vmd5__Log_Entropy,0.0
Cz__vmd5__Spectral_Flatness,0.0
Cz__vmd5__Permutation_Entropy,0.0
Cz__vmd5__Tsallis_Entropy,0.0
Cz__vmd5__Renyi_Entropy,0.0
Cz__vmd5__Shannon_Entropy,0.0
Cz__vmd5__Q3,0.0
Cz__vmd5__Q2,0.0
Cz__vmd5__Q1,0.0
Cz__vmd5__IQR,0.0
Cz__vmd5__Peak,0.0
Cz__vmd5__Kurtosis,0.0
Cz__vmd5__Skewness,0.0
Cz__vmd5__RMS,0.0
Cz__vmd5__Std,0.0
Cz__vmd3__Peak,0.0
Cz__vmd3__RMS,0.0
Cz__vmd3__Max,0.0
Cz__vmd3__Min,0.0
Cz__vmd1__Permutation_Entropy,0.0
Cz__vmd1__Tsallis_Entropy,0.0
Cz__vmd1__Q3,0.0
Cz__vmd1__Q2,0.0
Cz__vmd1__Q1,0.0
Cz__vmd1__Kurtosis,0.0
Cz__vmd1__RMS,0.0
Cz__vmd1__Std,0.0
Cz__vmd1__Min,0.0
Cz__vmd1__Median,0.0
Cz__vmd1__Mean,0.0
Fz__vmd6__Hjorth_Mobility,0.0
Fz__vmd6__Hjorth_Activity,0.0
Fz__vmd6__Hurst_Exponent,0.0
Fz__vmd6__Higuchi_FD,0.0
Fz__vmd6__Log_Entropy,0.0
Fz__vmd6__Spectral_Flatness,0.0
Fz__vmd6__Permutation_Entropy,0.0
Fz__vmd6__Renyi_Entropy,0.0
Fz__vmd6__Shannon_Entropy,0.0
Fz__vmd6__Q3,0.0
Cz__vmd1__Spectral_Flatness,0.0
Cz__vmd1__Log_Entropy,0.0
Cz__vmd1__Higuchi_FD,0.0
Cz__vmd2__Q3,0.0
Cz__vmd2__Hjorth_Mobility,0.0
Cz__vmd2__Hjorth_Activity,0.0
Cz__vmd2__Higuchi_FD,0.0
Cz__vmd2__Log_Entropy,0.0
Cz__vmd2__Spectral_Flatness,0.0
Cz__vmd2__Permutation_Entropy,0.0
Cz__vmd2__Tsallis_Entropy,0.0
Cz__vmd2__Renyi_Entropy,0.0
Cz__vmd2__Shannon_Entropy,0.0
Cz__vmd2__Q2,0.0
Cz__vmd1__Hurst_Exponent,0.0
Cz__vmd2__Peak,0.0
Cz__vmd2__Kurtosis,0.0
Cz__vmd2__Skewness,0.0
Cz__vmd2__RMS,0.0
Cz__vmd2__Std,0.0
Cz__vmd2__Min,0.0
Cz__vmd2__Median,0.0
Cz__vmd2__Mean,0.0
Cz__vmd1__Hjorth_Mobility,0.0
Cz__vmd6__Max,0.0
Cz__vmd6__RMS,0.0
P7__vmd6__RMS,0.0
Pz__vmd5__Std,0.0
Pz__vmd5__Median,0.0
Pz__vmd5__Mean,0.0
Pz__vmd4__Hjorth_Complexity,0.0
Pz__vmd4__Hjorth_Activity,0.0
Pz__vmd4__Higuchi_FD,0.0
Pz__vmd4__Log_Entropy,0.0
Pz__vmd4__Spectral_Flatness,0.0
Pz__vmd4__Tsallis_Entropy,0.0
Pz__vmd4__Renyi_Entropy,0.0
Pz__vmd4__Shannon_Entropy,0.0
Pz__vmd4__Q3,0.0
Pz__vmd4__Q2,0.0
Pz__vmd4__Peak,0.0
Pz__vmd4__Kurtosis,0.0
Pz__vmd4__Skewness,0.0
Pz__vmd4__Std,0.0
Pz__vmd4__Max,0.0
Pz__vmd4__Mean,0.0
Pz__vmd3__Hjorth_Complexity,0.0
Pz__vmd3__Hjorth_Activity,0.0
Pz__vmd3__Hurst_Exponent,0.0
Pz__vmd5__Max,0.0
Pz__vmd5__RMS,0.0
Cz__vmd6__Skewness,0.0
Pz__vmd5__Skewness,0.0
Pz__vmd6__Hjorth_Activity,0.0
Pz__vmd6__Log_Entropy,0.0
Pz__vmd6__Permutation_Entropy,0.0
Pz__vmd6__Tsallis_Entropy,0.0
Pz__vmd6__Renyi_Entropy,0.0
Pz__vmd6__Shannon_Entropy,0.0
Pz__vmd6__Q3,0.0
Pz__vmd6__Q1,0.0
Pz__vmd6__Peak,0.0
Pz__vmd6__RMS,0.0
Pz__vmd6__Std,0.0
Pz__vmd6__Max,0.0
Pz__vmd6__Mean,0.0
Pz__vmd5__Log_Entropy,0.0
Pz__vmd5__Renyi_Entropy,0.0
Pz__vmd5__Shannon_Entropy,0.0
Pz__vmd5__Q3,0.0
Pz__vmd5__Q2,0.0
Pz__vmd5__Q1,0.0
Pz__vmd5__IQR,0.0
Pz__vmd5__Peak,0.0
Pz__vmd3__Log_Entropy,0.0
Pz__vmd3__Spectral_Flatness,0.0
Pz__vmd3__Permutation_Entropy,0.0
Pz__vmd3__Shannon_Entropy,0.0
Pz__vmd1__Renyi_Entropy,0.0
Pz__vmd1__Q3,0.0
Pz__vmd1__Q2,0.0
Pz__vmd1__Q1,0.0
Pz__vmd1__IQR,0.0
Pz__vmd1__Peak,0.0
Pz__vmd1__Skewness,0.0
Pz__vmd1__RMS,0.0
Pz__vmd1__Std,0.0
Pz__vmd1__Max,0.0
Pz__vmd1__Min,0.0
Pz__vmd1__Mean,0.0
Cz__vmd6__Hjorth_Complexity,0.0
Cz__vmd6__Hjorth_Activity,0.0
Cz__vmd6__Higuchi_FD,0.0
Cz__vmd6__Tsallis_Entropy,0.0
Cz__vmd6__Q2,0.0
Cz__vmd6__Q1,0.0
Cz__vmd6__IQR,0.0
Cz__vmd6__Peak,0.0
Cz__vmd6__Kurtosis,0.0
Pz__vmd1__Tsallis_Entropy,0.0
Pz__vmd1__Permutation_Entropy,0.0
Pz__vmd1__Spectral_Flatness,0.0
Pz__vmd2__Tsallis_Entropy,0.0
Pz__vmd3__Kurtosis,0.0
Pz__vmd3__Skewness,0.0
Pz__vmd3__RMS,0.0
Pz__vmd3__Std,0.0
Pz__vmd3__Median,0.0
Pz__vmd2__Hjorth_Complexity,0.0
Pz__vmd2__Hjorth_Mobility,0.0
Pz__vmd2__Higuchi_FD,0.0
Pz__vmd2__Permutation_Entropy,0.0
Pz__vmd2__Renyi_Entropy,0.0
Pz__vmd1__Log_Entropy,0.0
Pz__vmd2__Q3,0.0
Pz__vmd2__Q1,0.0
Pz__vmd2__Peak,0.0
Pz__vmd2__Kurtosis,0.0
Pz__vmd2__Std,0.0
Pz__vmd2__Max,0.0
Pz__vmd1__Hjorth_Activity,0.0
Pz__vmd1__Hurst_Exponent,0.0
Pz__vmd1__Higuchi_FD,0.0
Fz__vmd6__Q1,0.0
Fz__vmd6__IQR,0.0
Fz__vmd6__Peak,0.0
P8__vmd4__Higuchi_FD,0.0
P8__vmd4__Permutation_Entropy,0.0
P8__vmd4__Tsallis_Entropy,0.0
P8__vmd4__Renyi_Entropy,0.0
P8__vmd4__Q3,0.0
P8__vmd4__Q2,0.0
P8__vmd4__Kurtosis,0.0
P8__vmd4__Skewness,0.0
P8__vmd4__RMS,0.0
P8__vmd4__Std,0.0
P8__vmd4__Max,0.0
P8__vmd4__Min,0.0
P8__vmd3__Hjorth_Complexity,0.0
P8__vmd3__Hurst_Exponent,0.0
P8__vmd3__Log_Entropy,0.0
P8__vmd3__Permutation_Entropy,0.0
P8__vmd3__Tsallis_Entropy,0.0
P8__vmd3__Renyi_Entropy,0.0
P8__vmd3__Q3,0.0
P8__vmd3__Q1,0.0
P8__vmd3__IQR,0.0
P8__vmd3__Peak,0.0
P8__vmd4__Log_Entropy,0.0
P8__vmd4__Hurst_Exponent,0.0
Fz__vmd6__Skewness,0.0
P8__vmd4__Hjorth_Activity,0.0
P8__vmd6__Q1,0.0
P8__vmd6__Peak,0.0
P8__vmd6__Kurtosis,0.0
P8__vmd6__Skewness,0.0
P8__vmd6__Std,0.0
P8__vmd6__Max,0.0
P8__vmd6__Median,0.0
P8__vmd5__Hjorth_Mobility,0.0
P8__vmd5__Higuchi_FD,0.0
P8__vmd5__Log_Entropy,0.0
P8__vmd5__Spectral_Flatness,0.0
P8__vmd5__Permutation_Entropy,0.0
P8__vmd5__Renyi_Entropy,0.0
P8__vmd5__Shannon_Entropy,0.0
P8__vmd5__Q2,0.0
P8__vmd5__Q1,0.0
P8__vmd5__IQR,0.0
P8__vmd5__Std,0.0
P8__vmd5__Max,0.0
P8__vmd5__Min,0.0
P8__vmd5__Mean,0.0
P8__vmd3__Kurtosis,0.0
P8__vmd3__RMS,0.0
P8__vmd3__Std,0.0
P8__vmd3__Max,0.0
P8__vmd1__Q3,0.0
P8__vmd1__Q2,0.0
P8__vmd1__Q1,0.0
P8__vmd1__IQR,0.0
P8__vmd1__Peak,0.0
P8__vmd1__Kurtosis,0.0
P8__vmd1__RMS,0.0
P8__vmd1__Std,0.0
P8__vmd1__Max,0.0
P8__vmd1__Median,0.0
P8__vmd1__Mean,0.0
P7__vmd6__Hjorth_Activity,0.0
P7__vmd6__Hurst_Exponent,0.0
P7__vmd6__Permutation_Entropy,0.0
P7__vmd6__Tsallis_Entropy,0.0
P7__vmd6__Renyi_Entropy,0.0
P7__vmd6__Q2,0.0
P7__vmd6__Q1,0.0
P7__vmd6__Peak,0.0
P7__vmd6__Kurtosis,0.0
P7__vmd6__Skewness,0.0
P8__vmd1__Shannon_Entropy,0.0
P8__vmd1__Permutation_Entropy,0.0
P8__vmd1__Higuchi_FD,0.0
P8__vmd2__Q1,0.0
P8__vmd3__Min,0.0
P8__vmd3__Median,0.0
P8__vmd3__Mean,0.0
P8__vmd2__Hjorth_Complexity,0.0
P8__vmd2__Hjorth_Mobility,0.0
P8__vmd2__Hjorth_Activity,0.0
P8__vmd2__Hurst_Exponent,0.0
P8__vmd2__Log_Entropy,0.0
P8__vmd2__Tsallis_Entropy,0.0
P8__vmd2__IQR,0.0
P8__vmd1__Hurst_Exponent,0.0
P8__vmd2__Peak,0.0
P8__vmd2__Kurtosis,0.0
P8__vmd2__Skewness,0.0
P8__vmd2__RMS,0.0
P8__vmd2__Max,0.0
P8__vmd2__Min,0.0
P8__vmd2__Mean,0.0
P8__vmd1__Hjorth_Complexity,0.0
P8__vmd1__Hjorth_Activity,0.0
P8__vmd6__Q2,0.0
P8__vmd6__Q3,0.0
P8__vmd6__Renyi_Entropy,0.0
Fz__vmd3__Q1,0.0
Fz__vmd4__Q3,0.0
Fz__vmd4__Q2,0.0
Fz__vmd4__Q1,0.0
Fz__vmd4__IQR,0.0
Fz__vmd4__Peak,0.0
Fz__vmd4__Kurtosis,0.0
Fz__vmd4__Max,0.0
Fz__vmd4__Min,0.0
Fz__vmd4__Median,0.0
Fz__vmd4__Mean,0.0
Fz__vmd3__Hjorth_Complexity,0.0
Fz__vmd3__Hjorth_Mobility,0.0
Fz__vmd3__Hjorth_Activity,0.0
Fz__vmd3__Hurst_Exponent,0.0
Fz__vmd3__Higuchi_FD,0.0
Fz__vmd3__Log_Entropy,0.0
Fz__vmd3__Spectral_Flatness,0.0
Fz__vmd3__Permutation_Entropy,0.0
Fz__vmd3__Tsallis_Entropy,0.0
Fz__vmd3__Renyi_Entropy,0.0
Fz__vmd3__Shannon_Entropy,0.0
Fz__vmd4__Renyi_Entropy,0.0
Fz__vmd4__Permutation_Entropy,0.0
Fz__vmd4__Spectral_Flatness,0.0
Fz__vmd5__Permutation_Entropy,0.0
Fz__vmd6__RMS,0.0
Fz__vmd6__Std,0.0
Fz__vmd6__Min,0.0
Fz__vmd6__Median,0.0
Fz__vmd5__Hjorth_Complexity,0.0
Fz__vmd5__Hjorth_Activity,0.0
Fz__vmd5__Higuchi_FD,0.0
Fz__vmd5__Log_Entropy,0.0
Fz__vmd5__Spectral_Flatness,0.0
Fz__vmd5__Tsallis_Entropy,0.0
Fz__vmd4__Hjorth_Activity,0.0
Fz__vmd5__Renyi_Entropy,0.0
Fz__vmd5__Q3,0.0
Fz__vmd5__Q1,0.0
Fz__vmd5__IQR,0.0
Fz__vmd5__Skewness,0.0
Fz__vmd5__RMS,0.0
Fz__vmd5__Max,0.0
Fz__vmd5__Min,0.0
Fz__vmd5__Median,0.0
Fz__vmd3__Q3,0.0
Fz__vmd3__Peak,0.0
P8__vmd6__Tsallis_Entropy,0.0
Fz__vmd3__Kurtosis,0.0
Fz__vmd1__Hurst_Exponent,0.0
Fz__vmd1__Higuchi_FD,0.0
Fz__vmd1__Log_Entropy,0.0
Fz__vmd1__Spectral_Flatness,0.0
Fz__vmd1__Permutation_Entropy,0.0
Fz__vmd1__Tsallis_Entropy,0.0
Fz__vmd1__Renyi_Entropy,0.0
Fz__vmd1__Shannon_Entropy,0.0
Fz__vmd1__Q3,0.0
Fz__vmd1__Q1,0.0
Fz__vmd1__IQR,0.0
Fz__vmd1__Peak,0.0
Fz__vmd1__Std,0.0
Fz__vmd1__Max,0.0
Fz__vmd1__Min,0.0
Fz__vmd1__Mean,0.0
P8__vmd6__Hjorth_Mobility,0.0
P8__vmd6__Hjorth_Activity,0.0
P8__vmd6__Higuchi_FD,0.0
P8__vmd6__Log_Entropy,0.0
P8__vmd6__Spectral_Flatness,0.0
Fz__vmd1__Hjorth_Complexity,0.0
Fz__vmd2__Mean,0.0
Fz__vmd2__Median,0.0
Fz__vmd2__Permutation_Entropy,0.0
Fz__vmd3__RMS,0.0
Fz__vmd3__Std,0.0
Fz__vmd3__Max,0.0
Fz__vmd3__Min,0.0
Fz__vmd2__Hjorth_Complexity,0.0
Fz__vmd2__Hjorth_Activity,0.0
Fz__vmd2__Hurst_Exponent,0.0
Fz__vmd2__Higuchi_FD,0.0
Fz__vmd2__Log_Entropy,0.0
Fz__vmd2__Tsallis_Entropy,0.0
Fz__vmd2__Min,0.0
Fz__vmd2__Renyi_Entropy,0.0
Fz__vmd2__Shannon_Entropy,0.0
Fz__vmd2__Q1,0.0
Fz__vmd2__IQR,0.0
Fz__vmd2__Peak,0.0
Fz__vmd2__Kurtosis,0.0
Fz__vmd2__RMS,0.0
Fz__vmd2__Std,0.0
Fz__vmd2__Max,0.0
F7__vmd6__Std,0.0
F7__vmd6__Max,0.0
F7__vmd6__Min,0.0
C4__vmd4__Std,0.0
C4__vmd4__Median,0.0
C4__vmd3__Hjorth_Complexity,0.0
C4__vmd3__Hjorth_Mobility,0.0
C4__vmd3__Hjorth_Activity,0.0
C4__vmd3__Hurst_Exponent,0.0
C4__vmd3__Higuchi_FD,0.0
C4__vmd3__Log_Entropy,0.0
C4__vmd3__Permutation_Entropy,0.0
C4__vmd3__Tsallis_Entropy,0.0
C4__vmd3__Renyi_Entropy,0.0
C4__vmd3__Shannon_Entropy,0.0
C4__vmd3__Q3,0.0
C4__vmd3__Q2,0.0
C4__vmd3__Q1,0.0
C4__vmd3__Peak,0.0
C4__vmd3__Skewness,0.0
C4__vmd3__RMS,0.0
C4__vmd3__Std,0.0
C4__vmd3__Max,0.0
C4__vmd3__Median,0.0
C4__vmd2__Hjorth_Complexity,0.0
C4__vmd4__Min,0.0
C4__vmd4__RMS,0.0
C4__vmd5__Q1,0.0
C4__vmd4__Kurtosis,0.0
C4__vmd5__Peak,0.0
C4__vmd5__Kurtosis,0.0
C4__vmd5__Skewness,0.0
C4__vmd5__RMS,0.0
C4__vmd5__Std,0.0
C4__vmd5__Max,0.0
C4__vmd5__Median,0.0
C4__vmd5__Mean,0.0
C4__vmd4__Hjorth_Complexity,0.0
C4__vmd4__Hjorth_Mobility,0.0
C4__vmd4__Hurst_Exponent,0.0
C4__vmd4__Higuchi_FD,0.0
C4__vmd4__Log_Entropy,0.0
C4__vmd4__Spectral_Flatness,0.0
C4__vmd4__Permutation_Entropy,0.0
C4__vmd4__Renyi_Entropy,0.0
C4__vmd4__Shannon_Entropy,0.0
C4__vmd4__Q3,0.0
C4__vmd4__Q2,0.0
C4__vmd4__Q1,0.0
C4__vmd4__IQR,0.0
C4__vmd2__Hjorth_Mobility,0.0
C4__vmd2__Hurst_Exponent,0.0
C4__vmd2__Higuchi_FD,0.0
C4__vmd2__Spectral_Flatness,0.0
C3__vmd6__Hjorth_Activity,0.0
C3__vmd6__Log_Entropy,0.0
C3__vmd6__Tsallis_Entropy,0.0
C3__vmd6__Shannon_Entropy,0.0
C3__vmd6__Q3,0.0
C3__vmd6__Q2,0.0
C3__vmd6__Q1,0.0
C3__vmd6__Peak,0.0
C3__vmd6__RMS,0.0
C3__vmd6__Std,0.0
C3__vmd6__Max,0.0
C3__vmd6__Min,0.0
C3__vmd6__Median,0.0
C3__vmd5__Hjorth_Complexity,0.0
C3__vmd5__Hjorth_Activity,0.0
C3__vmd5__Log_Entropy,0.0
C3__vmd5__Renyi_Entropy,0.0
C3__vmd5__Shannon_Entropy,0.0
C3__vmd5__Q3,0.0
C3__vmd5__Q2,0.0
C3__vmd5__Q1,0.0
C3__vmd6__Hjorth_Mobility,0.0
C4__vmd1__Min,0.0
C4__vmd1__Max,0.0
C4__vmd1__Hjorth_Complexity,0.0
C4__vmd2__Permutation_Entropy,0.0
C4__vmd2__Tsallis_Entropy,0.0
C4__vmd2__Renyi_Entropy,0.0
C4__vmd2__Q2,0.0
C4__vmd2__IQR,0.0
C4__vmd2__Peak,0.0
C4__vmd2__Skewness,0.0
C4__vmd2__Max,0.0
C4__vmd2__Min,0.0
C4__vmd1__Hjorth_Activity,0.0
C4__vmd1__Std,0.0
C4__vmd1__Higuchi_FD,0.0
C4__vmd1__Spectral_Flatness,0.0
C4__vmd1__Permutation_Entropy,0.0
C4__vmd1__Tsallis_Entropy,0.0
C4__vmd1__Renyi_Entropy,0.0
C4__vmd1__Shannon_Entropy,0.0
C4__vmd1__Peak,0.0
C4__vmd1__Kurtosis,0.0
C4__vmd1__Skewness,0.0
C4__vmd5__IQR,0.0
C4__vmd5__Q3,0.0
P3__vmd5__Q3,0.0
P3__vmd4__Median,0.0
P3__vmd3__Hjorth_Complexity,0.0
P3__vmd3__Hjorth_Activity,0.0
P3__vmd3__Hurst_Exponent,0.0
P3__vmd3__Higuchi_FD,0.0
P3__vmd3__Permutation_Entropy,0.0
P3__vmd3__Shannon_Entropy,0.0
P3__vmd3__Q3,0.0
P3__vmd3__Q1,0.0
P3__vmd3__IQR,0.0
P3__vmd3__Kurtosis,0.0
P3__vmd3__Skewness,0.0
P3__vmd3__Std,0.0
P3__vmd3__Max,0.0
P3__vmd3__Min,0.0
P3__vmd3__Median,0.0
P3__vmd2__Hjorth_Mobility,0.0
P3__vmd2__Hjorth_Activity,0.0
P3__vmd2__Spectral_Flatness,0.0
P3__vmd2__Permutation_Entropy,0.0
P3__vmd2__Tsallis_Entropy,0.0
P3__vmd2__Q2,0.0
P3__vmd4__Mean,0.0
P3__vmd4__Min,0.0
C4__vmd5__Shannon_Entropy,0.0
P3__vmd4__Max,0.0
P3__vmd5__IQR,0.0
P3__vmd5__Kurtosis,0.0
P3__vmd5__RMS,0.0
P3__vmd5__Std,0.0
P3__vmd5__Min,0.0
P3__vmd5__Mean,0.0
P3__vmd4__Hjorth_Mobility,0.0
P3__vmd4__Hjorth_Activity,0.0
P3__vmd4__Higuchi_FD,0.0
P3__vmd4__Spectral_Flatness,0.0
P3__vmd4__Permutation_Entropy,0.0
P3__vmd4__Renyi_Entropy,0.0
P3__vmd4__Shannon_Entropy,0.0
P3__vmd4__Q3,0.0
P3__vmd4__Q2,0.0
P3__vmd4__Q1,0.0
P3__vmd4__IQR,0.0
P3__vmd4__Kurtosis,0.0
P3__vmd4__Skewness,0.0
P3__vmd4__RMS,0.0
P3__vmd4__Std,0.0
P3__vmd2__Q1,0.0
P3__vmd2__Peak,0.0
P3__vmd2__Kurtosis,0.0
P3__vmd2__Skewness,0.0
C4__vmd6__Hjorth_Activity,0.0
C4__vmd6__Higuchi_FD,0.0
C4__vmd6__Spectral_Flatness,0.0
C4__vmd6__Permutation_Entropy,0.0
C4__vmd6__Tsallis_Entropy,0.0
C4__vmd6__Renyi_Entropy,0.0
C4__vmd6__Shannon_Entropy,0.0
C4__vmd6__Q3,0.0
C4__vmd6__Q2,0.0
C4__vmd6__Q1,0.0
C4__vmd6__Kurtosis,0.0
C4__vmd6__RMS,0.0
C4__vmd6__Std,0.0
C4__vmd6__Mean,0.0
C4__vmd5__Hjorth_Complexity,0.0
C4__vmd5__Hjorth_Mobility,0.0
C4__vmd5__Hjorth_Activity,0.0
C4__vmd5__Hurst_Exponent,0.0
C4__vmd5__Log_Entropy,0.0
C4__vmd5__Tsallis_Entropy,0.0
C4__vmd5__Renyi_Entropy,0.0
P3__vmd1__Mean,0.0
P3__vmd1__Median,0.0
P3__vmd1__Min,0.0
P3__vmd1__Tsallis_Entropy,0.0
P3__vmd2__RMS,0.0
P3__vmd2__Max,0.0
P3__vmd2__Min,0.0
P3__vmd2__Median,0.0
P3__vmd2__Mean,0.0
P3__vmd1__Hjorth_Complexity,0.0
P3__vmd1__Hjorth_Activity,0.0
P3__vmd1__Hurst_Exponent,0.0
P3__vmd1__Permutation_Entropy,0.0
P3__vmd1__Renyi_Entropy,0.0
P3__vmd1__Max,0.0
P3__vmd1__Shannon_Entropy,0.0
P3__vmd1__Q3,0.0
P3__vmd1__Q2,0.0
P3__vmd1__Q1,0.0
P3__vmd1__IQR,0.0
P3__vmd1__Peak,0.0
P3__vmd1__Skewness,0.0
P3__vmd1__RMS,0.0
P3__vmd1__Std,0.0
C3__vmd5__Peak,0.0
C3__vmd5__Std,0.0
C3__vmd5__Max,0.0
F4__vmd3__Skewness,0.0
F4__vmd3__Std,0.0
F4__vmd3__Max,0.0
F4__vmd2__Hjorth_Activity,0.0
F4__vmd2__Hurst_Exponent,0.0
F4__vmd2__Log_Entropy,0.0
F4__vmd2__Spectral_Flatness,0.0
F4__vmd2__Tsallis_Entropy,0.0
F4__vmd2__Renyi_Entropy,0.0
F4__vmd2__Q3,0.0
F4__vmd2__Q1,0.0
F4__vmd2__IQR,0.0
F4__vmd2__Peak,0.0
F4__vmd2__Min,0.0
F4__vmd2__Median,0.0
F4__vmd2__Mean,0.0
F4__vmd1__Hjorth_Complexity,0.0
F4__vmd1__Hjorth_Mobility,0.0
F4__vmd1__Hurst_Exponent,0.0
F4__vmd1__Higuchi_FD,0.0
F4__vmd1__Log_Entropy,0.0
F4__vmd1__Spectral_Flatness,0.0
F4__vmd3__RMS,0.0
F4__vmd3__Kurtosis,0.0
C3__vmd5__Min,0.0
F4__vmd3__Peak,0.0
F4__vmd4__Log_Entropy,0.0
F4__vmd4__Renyi_Entropy,0.0
F4__vmd4__Shannon_Entropy,0.0
F4__vmd4__Q3,0.0
F4__vmd4__Q2,0.0
F4__vmd4__Q1,0.0
F4__vmd4__IQR,0.0
F4__vmd4__Kurtosis,0.0
F4__vmd4__Skewness,0.0
F4__vmd4__Std,0.0
F4__vmd4__Max,0.0
F4__vmd4__Min,0.0
F4__vmd4__Median,0.0
F4__vmd4__Mean,0.0
F4__vmd3__Hjorth_Complexity,0.0
F4__vmd3__Hjorth_Mobility,0.0
F4__vmd3__Hurst_Exponent,0.0
F4__vmd3__Shannon_Entropy,0.0
F4__vmd3__Q2,0.0
F4__vmd3__Q1,0.0
F4__vmd3__IQR,0.0
F4__vmd1__Tsallis_Entropy,0.0
F4__vmd1__Shannon_Entropy,0.0
F4__vmd1__Q1,0.0
F4__vmd1__IQR,0.0
F3__vmd5__Q2,0.0
F3__vmd5__Q1,0.0
F3__vmd5__Kurtosis,0.0
F3__vmd5__Skewness,0.0
F3__vmd5__RMS,0.0
F3__vmd5__Max,0.0
F3__vmd5__Min,0.0
F3__vmd5__Median,0.0
F3__vmd5__Mean,0.0
F3__vmd4__Hjorth_Mobility,0.0
F3__vmd4__Higuchi_FD,0.0
F3__vmd4__Log_Entropy,0.0
F3__vmd4__Permutation_Entropy,0.0
F3__vmd4__Renyi_Entropy,0.0
F3__vmd4__Shannon_Entropy,0.0
F3__vmd4__Q3,0.0
F3__vmd4__Q1,0.0
F3__vmd4__IQR,0.0
F3__vmd4__Peak,0.0
F3__vmd4__Kurtosis,0.0
F3__vmd4__Skewness,0.0
F3__vmd5__Q3,0.0
F3__vmd5__Shannon_Entropy,0.0
F3__vmd5__Renyi_Entropy,0.0
F3__vmd6__Shannon_Entropy,0.0
F4__vmd1__Peak,0.0
F4__vmd1__Skewness,0.0
F4__vmd1__Max,0.0
F4__vmd1__Min,0.0
F4__vmd1__Median,0.0
F3__vmd6__Hjorth_Complexity,0.0
F3__vmd6__Hjorth_Activity,0.0
F3__vmd6__Spectral_Flatness,0.0
F3__vmd6__Renyi_Entropy,0.0
F3__vmd6__Q1,0.0
F3__vmd5__Tsallis_Entropy,0.0
F3__vmd6__RMS,0.0
F3__vmd6__Std,0.0
F3__vmd6__Max,0.0
F3__vmd6__Min,0.0
F3__vmd6__Median,0.0
F3__vmd6__Mean,0.0
F3__vmd5__Hjorth_Activity,0.0
F3__vmd5__Log_Entropy,0.0
F3__vmd5__Permutation_Entropy,0.0
F4__vmd4__Higuchi_FD,0.0
F4__vmd5__Mean,0.0
F4__vmd5__Median,0.0
C3__vmd2__RMS,0.0
C3__vmd3__Log_Entropy,0.0
C3__vmd3__Spectral_Flatness,0.0
C3__vmd3__Permutation_Entropy,0.0
C3__vmd3__Tsallis_Entropy,0.0
C3__vmd3__Shannon_Entropy,0.0
C3__vmd3__Q2,0.0
C3__vmd3__IQR,0.0
C3__vmd3__Kurtosis,0.0
C3__vmd3__Skewness,0.0
C3__vmd3__RMS,0.0
C3__vmd3__Std,0.0
C3__vmd3__Max,0.0
C3__vmd3__Median,0.0
C3__vmd3__Mean,0.0
C3__vmd2__Hjorth_Mobility,0.0
C3__vmd2__Higuchi_FD,0.0
C3__vmd2__Log_Entropy,0.0
C3__vmd2__Permutation_Entropy,0.0
C3__vmd2__Tsallis_Entropy,0.0
C3__vmd2__Renyi_Entropy,0.0
C3__vmd2__Shannon_Entropy,0.0
C3__vmd3__Higuchi_FD,0.0
C3__vmd3__Hjorth_Activity,0.0
C3__vmd3__Hjorth_Mobility,0.0
C3__vmd4__Q3,0.0
C3__vmd5__Median,0.0
C3__vmd5__Mean,0.0
C3__vmd4__Hjorth_Complexity,0.0
C3__vmd4__Higuchi_FD,0.0
C3__vmd4__Log_Entropy,0.0
C3__vmd4__Permutation_Entropy,0.0
C3__vmd4__Tsallis_Entropy,0.0
C3__vmd4__Renyi_Entropy,0.0
C3__vmd4__Shannon_Entropy,0.0
C3__vmd4__Q2,0.0
C3__vmd3__Hjorth_Complexity,0.0
C3__vmd4__IQR,0.0
C3__vmd4__Peak,0.0
C3__vmd4__Kurtosis,0.0
C3__vmd4__Skewness,0.0
C3__vmd4__RMS,0.0
C3__vmd4__Std,0.0
C3__vmd4__Max,0.0
C3__vmd4__Min,0.0
C3__vmd4__Median,0.0
C3__vmd2__Q1,0.0
C3__vmd2__Min,0.0
F4__vmd5__Max,0.0
C3__vmd2__Mean,0.0
F4__vmd6__Peak,0.0
F4__vmd6__Kurtosis,0.0
F4__vmd6__Skewness,0.0
F4__vmd6__RMS,0.0
F4__vmd6__Std,0.0
F4__vmd6__Min,0.0
F4__vmd6__Median,0.0
F4__vmd5__Hjorth_Complexity,0.0
F4__vmd5__Hjorth_Activity,0.0
F4__vmd5__Log_Entropy,0.0
F4__vmd5__Spectral_Flatness,0.0
F4__vmd5__Tsallis_Entropy,0.0
F4__vmd5__Renyi_Entropy,0.0
F4__vmd5__Shannon_Entropy,0.0
F4__vmd5__Q2,0.0
F4__vmd5__IQR,0.0
F4__vmd5__Peak,0.0
F4__vmd5__Kurtosis,0.0
F4__vmd5__Skewness,0.0
F4__vmd5__RMS,0.0
F4__vmd5__Std,0.0
F4__vmd6__IQR,0.0
F4__vmd6__Q1,0.0
F4__vmd6__Q2,0.0
C3__vmd1__Q2,0.0
C3__vmd1__Hjorth_Complexity,0.0
C3__vmd1__Hjorth_Mobility,0.0
C3__vmd1__Hjorth_Activity,0.0
C3__vmd1__Higuchi_FD,0.0
C3__vmd1__Log_Entropy,0.0
C3__vmd1__Spectral_Flatness,0.0
C3__vmd1__Permutation_Entropy,0.0
C3__vmd1__Tsallis_Entropy,0.0
C3__vmd1__Renyi_Entropy,0.0
C3__vmd1__IQR,0.0
F4__vmd6__Shannon_Entropy,0.0
C3__vmd1__Peak,0.0
C3__vmd1__Kurtosis,0.0
C3__vmd1__Std,0.0
C3__vmd1__Min,0.0
C3__vmd1__Mean,0.0
F4__vmd6__Hjorth_Activity,0.0
F4__vmd6__Higuchi_FD,0.0
F4__vmd6__Tsallis_Entropy,0.0
F4__vmd6__Renyi_Entropy,0.0
P3__vmd5__Q1,0.0
P3__vmd5__Renyi_Entropy,0.0
F7__vmd6__Mean,0.0
O2__vmd4__Q1,0.0
O2__vmd4__Peak,0.0
O2__vmd4__Kurtosis,0.0
O2__vmd4__Skewness,0.0
O2__vmd4__RMS,0.0
O2__vmd4__Std,0.0
O2__vmd4__Max,0.0
O2__vmd4__Min,0.0
O2__vmd4__Median,0.0
O2__vmd4__Mean,0.0
O2__vmd3__Hjorth_Complexity,0.0
O2__vmd3__Hjorth_Activity,0.0
O2__vmd3__Hurst_Exponent,0.0
O2__vmd3__Higuchi_FD,0.0
O2__vmd3__Log_Entropy,0.0
O2__vmd3__Spectral_Flatness,0.0
O2__vmd3__Permutation_Entropy,0.0
O2__vmd3__Tsallis_Entropy,0.0
O2__vmd3__Renyi_Entropy,0.0
O2__vmd3__Shannon_Entropy,0.0
O2__vmd3__Q3,0.0
O2__vmd3__Q2,0.0
O2__vmd4__IQR,0.0
O2__vmd4__Q2,0.0
O2__vmd5__Spectral_Flatness,0.0
O2__vmd4__Q3,0.0
O2__vmd5__Tsallis_Entropy,0.0
O2__vmd5__Renyi_Entropy,0.0
O2__vmd5__Q3,0.0
O2__vmd5__Q1,0.0
O2__vmd5__IQR,0.0
O2__vmd5__Kurtosis,0.0
O2__vmd5__Skewness,0.0
O2__vmd5__RMS,0.0
O2__vmd5__Std,0.0
O2__vmd5__Max,0.0
O2__vmd5__Min,0.0
O2__vmd5__Median,0.0
O2__vmd4__Hjorth_Complexity,0.0
O2__vmd4__Hjorth_Mobility,0.0
O2__vmd4__Hjorth_Activity,0.0
O2__vmd4__Log_Entropy,0.0
O2__vmd4__Spectral_Flatness,0.0
O2__vmd4__Permutation_Entropy,0.0
O2__vmd4__Tsallis_Entropy,0.0
O2__vmd4__Renyi_Entropy,0.0
O2__vmd4__Shannon_Entropy,0.0
O2__vmd3__Q1,0.0
O2__vmd3__IQR,0.0
O2__vmd3__Kurtosis,0.0
O2__vmd3__Skewness,0.0
O2__vmd1__Tsallis_Entropy,0.0
O2__vmd1__Renyi_Entropy,0.0
O2__vmd1__Shannon_Entropy,0.0
O2__vmd1__Q3,0.0
O2__vmd1__Q1,0.0
O2__vmd1__Peak,0.0
O2__vmd1__RMS,0.0
O2__vmd1__Std,0.0
O2__vmd1__Min,0.0
O2__vmd1__Median,0.0
O1__vmd6__Hjorth_Activity,0.0
O1__vmd6__Log_Entropy,0.0
O1__vmd6__Spectral_Flatness,0.0
O1__vmd6__Permutation_Entropy,0.0
O1__vmd6__Tsallis_Entropy,0.0
O1__vmd6__Shannon_Entropy,0.0
O1__vmd6__Q3,0.0
O1__vmd6__Q2,0.0
O1__vmd6__Q1,0.0
O1__vmd6__IQR,0.0
O1__vmd6__RMS,0.0
O2__vmd1__Spectral_Flatness,0.0
O2__vmd1__Log_Entropy,0.0
O2__vmd1__Higuchi_FD,0.0
O2__vmd2__Q1,0.0
O2__vmd3__RMS,0.0
O2__vmd3__Min,0.0
O2__vmd2__Hjorth_Complexity,0.0
O2__vmd2__Hjorth_Activity,0.0
O2__vmd2__Hurst_Exponent,0.0
O2__vmd2__Log_Entropy,0.0
O2__vmd2__Renyi_Entropy,0.0
O2__vmd2__Q3,0.0
O2__vmd2__Q2,0.0
O2__vmd2__IQR,0.0
O2__vmd1__Hurst_Exponent,0.0
O2__vmd2__Peak,0.0
O2__vmd2__Kurtosis,0.0
O2__vmd2__Skewness,0.0
O2__vmd2__RMS,0.0
O2__vmd2__Std,0.0
O2__vmd2__Max,0.0
O2__vmd2__Min,0.0
O2__vmd2__Median,0.0
O2__vmd2__Mean,0.0
O2__vmd5__Permutation_Entropy,0.0
O2__vmd5__Log_Entropy,0.0
P3__vmd5__Log_Entropy,0.0
F7__vmd4__Peak,0.0
F7__vmd4__RMS,0.0
F7__vmd4__Std,0.0
F7__vmd4__Min,0.0
F7__vmd4__Median,0.0
F7__vmd4__Mean,0.0
F7__vmd3__Hjorth_Mobility,0.0
F7__vmd3__Hjorth_Activity,0.0
F7__vmd3__Hurst_Exponent,0.0
F7__vmd3__Log_Entropy,0.0
F7__vmd3__Permutation_Entropy,0.0
F7__vmd3__Q3,0.0
F7__vmd3__Q2,0.0
F7__vmd3__Q1,0.0
F7__vmd3__IQR,0.0
F7__vmd3__Peak,0.0
F7__vmd3__Kurtosis,0.0
F7__vmd3__Skewness,0.0
F7__vmd3__RMS,0.0
F7__vmd3__Std,0.0
F7__vmd3__Max,0.0
F7__vmd3__Median,0.0
F7__vmd4__Kurtosis,0.0
F7__vmd4__IQR,0.0
O2__vmd5__Hurst_Exponent,0.0
F7__vmd4__Q1,0.0
F7__vmd5__Hjorth_Complexity,0.0
F7__vmd5__Hjorth_Mobility,0.0
F7__vmd5__Log_Entropy,0.0
F7__vmd5__Spectral_Flatness,0.0
F7__vmd5__Permutation_Entropy,0.0
F7__vmd5__Tsallis_Entropy,0.0
F7__vmd5__Renyi_Entropy,0.0
F7__vmd5__Q3,0.0
F7__vmd5__Q2,0.0
F7__vmd5__Q1,0.0
F7__vmd5__Kurtosis,0.0
F7__vmd5__RMS,0.0
F7__vmd5__Max,0.0
F7__vmd5__Min,0.0
F7__vmd5__Median,0.0
F7__vmd5__Mean,0.0
F7__vmd4__Hjorth_Complexity,0.0
F7__vmd4__Spectral_Flatness,0.0
F7__vmd4__Permutation_Entropy,0.0
F7__vmd4__Renyi_Entropy,0.0
F7__vmd4__Q3,0.0
F7__vmd3__Mean,0.0
F7__vmd2__Hjorth_Mobility,0.0
F7__vmd2__Hjorth_Activity,0.0
F7__vmd2__Hurst_Exponent,0.0
F7__vmd1__Std,0.0
F7__vmd1__Min,0.0
F7__vmd1__Median,0.0
F7__vmd1__Mean,0.0
O2__vmd6__Hjorth_Activity,0.0
O2__vmd6__Log_Entropy,0.0
O2__vmd6__Spectral_Flatness,0.0
O2__vmd6__Tsallis_Entropy,0.0
O2__vmd6__Renyi_Entropy,0.0
O2__vmd6__Shannon_Entropy,0.0
O2__vmd6__Q2,0.0
O2__vmd6__IQR,0.0
O2__vmd6__Peak,0.0
O2__vmd6__Skewness,0.0
O2__vmd6__RMS,0.0
O2__vmd6__Std,0.0
O2__vmd6__Max,0.0
O2__vmd6__Min,0.0
O2__vmd6__Mean,0.0
O2__vmd5__Hjorth_Mobility,0.0
O2__vmd5__Hjorth_Activity,0.0
F7__vmd1__Kurtosis,0.0
F7__vmd1__Peak,0.0
F7__vmd1__IQR,0.0
F7__vmd2__Mean,0.0
F7__vmd2__Log_Entropy,0.0
F7__vmd2__Tsallis_Entropy,0.0
F7__vmd2__Q2,0.0
F7__vmd2__IQR,0.0
F7__vmd2__Peak,0.0
F7__vmd2__Skewness,0.0
F7__vmd2__Max,0.0
F7__vmd2__Min,0.0
F7__vmd2__Median,0.0
F7__vmd1__Hjorth_Complexity,0.0
F7__vmd1__Q1,0.0
F7__vmd1__Hjorth_Mobility,0.0
F7__vmd1__Hjorth_Activity,0.0
F7__vmd1__Higuchi_FD,0.0
F7__vmd1__Spectral_Flatness,0.0
F7__vmd1__Tsallis_Entropy,0.0
F7__vmd1__Renyi_Entropy,0.0
F7__vmd1__Shannon_Entropy,0.0
F7__vmd1__Q3,0.0
F7__vmd1__Q2,0.0
O1__vmd6__Median,0.0
O1__vmd5__Hjorth_Complexity,0.0
O1__vmd5__Hjorth_Activity,0.0
P4__vmd4__Skewness,0.0
P4__vmd4__Max,0.0
P4__vmd4__Min,0.0
P4__vmd3__Hjorth_Complexity,0.0
P4__vmd3__Hjorth_Mobility,0.0
P4__vmd3__Hjorth_Activity,0.0
P4__vmd3__Hurst_Exponent,0.0
P4__vmd3__Log_Entropy,0.0
P4__vmd3__Spectral_Flatness,0.0
P4__vmd3__Permutation_Entropy,0.0
P4__vmd3__Tsallis_Entropy,0.0
P4__vmd3__Q3,0.0
P4__vmd3__Q2,0.0
P4__vmd3__Q1,0.0
P4__vmd3__IQR,0.0
P4__vmd3__Peak,0.0
P4__vmd3__Kurtosis,0.0
P4__vmd3__Max,0.0
P4__vmd3__Min,0.0
P4__vmd3__Median,0.0
P4__vmd3__Mean,0.0
P4__vmd2__Hjorth_Complexity,0.0
P4__vmd4__RMS,0.0
P4__vmd4__Kurtosis,0.0
O1__vmd5__Higuchi_FD,0.0
P4__vmd4__IQR,0.0
P4__vmd5__Q3,0.0
P4__vmd5__Q1,0.0
P4__vmd5__IQR,0.0
P4__vmd5__Peak,0.0
P4__vmd5__Kurtosis,0.0
P4__vmd5__Skewness,0.0
P4__vmd5__RMS,0.0
P4__vmd5__Std,0.0
P4__vmd5__Max,0.0
P4__vmd5__Min,0.0
P4__vmd5__Median,0.0
P4__vmd4__Hjorth_Mobility,0.0
P4__vmd4__Hjorth_Activity,0.0
P4__vmd4__Hurst_Exponent,0.0
P4__vmd4__Higuchi_FD,0.0
P4__vmd4__Spectral_Flatness,0.0
P4__vmd4__Tsallis_Entropy,0.0
P4__vmd4__Renyi_Entropy,0.0
P4__vmd4__Shannon_Entropy,0.0
P4__vmd4__Q3,0.0
P4__vmd4__Q1,0.0
P4__vmd2__Hjorth_Mobility,0.0
P4__vmd2__Hjorth_Activity,0.0
P4__vmd2__Hurst_Exponent,0.0
P4__vmd2__Permutation_Entropy,0.0
P4__vmd1__Min,0.0
P4__vmd1__Median,0.0
P4__vmd1__Mean,0.0
P3__vmd6__Hjorth_Complexity,0.0
P3__vmd6__Higuchi_FD,0.0
P3__vmd6__Log_Entropy,0.0
P3__vmd6__Permutation_Entropy,0.0
P3__vmd6__Tsallis_Entropy,0.0
P3__vmd6__Renyi_Entropy,0.0
P3__vmd6__Shannon_Entropy,0.0
P3__vmd6__Q3,0.0
P3__vmd6__Peak,0.0
P3__vmd6__Kurtosis,0.0
P3__vmd6__RMS,0.0
P3__vmd6__Std,0.0
P3__vmd6__Min,0.0
P3__vmd6__Median,0.0
P3__vmd5__Hjorth_Complexity,0.0
P3__vmd5__Hjorth_Mobility,0.0
P3__vmd5__Hjorth_Activity,0.0
P3__vmd5__Hurst_Exponent,0.0
P4__vmd1__Max,0.0
P4__vmd1__Std,0.0
P4__vmd1__Kurtosis,0.0
P4__vmd2__Std,0.0
P4__vmd2__Tsallis_Entropy,0.0
P4__vmd2__Renyi_Entropy,0.0
P4__vmd2__Shannon_Entropy,0.0
P4__vmd2__Q2,0.0
P4__vmd2__Q1,0.0
P4__vmd2__IQR,0.0
P4__vmd2__Peak,0.0
P4__vmd2__Skewness,0.0
P7__ewt3__Permutation_Entropy,0.0
P4__vmd2__Max,0.0
P4__vmd1__Peak,0.0
P4__vmd2__Min,0.0
P4__vmd2__Mean,0.0
P4__vmd1__Hjorth_Complexity,0.0
P4__vmd1__Hjorth_Mobility,0.0
P4__vmd1__Higuchi_FD,0.0
P4__vmd1__Spectral_Flatness,0.0
P4__vmd1__Tsallis_Entropy,0.0
P4__vmd1__Q1,0.0
P4__vmd1__IQR,0.0
P4__vmd5__Shannon_Entropy,0.0
P4__vmd5__Renyi_Entropy,0.0
P4__vmd5__Tsallis_Entropy,0.0
O1__vmd2__Hurst_Exponent,0.0
O1__vmd4__Peak,0.0
O1__vmd4__RMS,0.0
O1__vmd4__Std,0.0
O1__vmd4__Max,0.0
O1__vmd4__Min,0.0
O1__vmd3__Hjorth_Complexity,0.0
O1__vmd3__Hjorth_Mobility,0.0
O1__vmd3__Hurst_Exponent,0.0
O1__vmd3__Log_Entropy,0.0
O1__vmd3__Permutation_Entropy,0.0
O1__vmd3__Renyi_Entropy,0.0
O1__vmd3__Q3,0.0
O1__vmd3__Q2,0.0
O1__vmd3__Q1,0.0
O1__vmd3__IQR,0.0
O1__vmd3__Skewness,0.0
O1__vmd3__RMS,0.0
O1__vmd3__Std,0.0
O1__vmd3__Min,0.0
O1__vmd3__Median,0.0
O1__vmd2__Hjorth_Complexity,0.0
O1__vmd4__IQR,0.0
O1__vmd4__Q3,0.0
O1__vmd4__Shannon_Entropy,0.0
O1__vmd5__Std,0.0
O1__vmd5__Log_Entropy,0.0
O1__vmd5__Spectral_Flatness,0.0
O1__vmd5__Renyi_Entropy,0.0
O1__vmd5__Shannon_Entropy,0.0
O1__vmd5__Q3,0.0
O1__vmd5__Q2,0.0
O1__vmd5__Peak,0.0
O1__vmd5__Skewness,0.0
O1__vmd5__RMS,0.0
O1__vmd5__Max,0.0
O1__vmd4__Tsallis_Entropy,0.0
O1__vmd5__Min,0.0
O1__vmd5__Median,0.0
O1__vmd5__Mean,0.0
O1__vmd4__Hjorth_Complexity,0.0
O1__vmd4__Hjorth_Mobility,0.0
O1__vmd4__Hjorth_Activity,0.0
O1__vmd4__Higuchi_FD,0.0
O1__vmd4__Log_Entropy,0.0
O1__vmd4__Permutation_Entropy,0.0
O1__vmd2__Hjorth_Activity,0.0
O1__vmd2__Higuchi_FD,0.0
P4__vmd5__Permutation_Entropy,0.0
O1__vmd2__Log_Entropy,0.0
O1__vmd1__Std,0.0
O1__vmd1__Min,0.0
O1__vmd1__Median,0.0
P4__vmd6__Hjorth_Mobility,0.0
P4__vmd6__Log_Entropy,0.0
P4__vmd6__Spectral_Flatness,0.0
P4__vmd6__Tsallis_Entropy,0.0
P4__vmd6__Renyi_Entropy,0.0
P4__vmd6__Shannon_Entropy,0.0
P4__vmd6__Q3,0.0
P4__vmd6__Q1,0.0
P4__vmd6__IQR,0.0
P4__vmd6__Peak,0.0
P4__vmd6__Kurtosis,0.0
P4__vmd6__Skewness,0.0
P4__vmd6__RMS,0.0
P4__vmd6__Max,0.0
P4__vmd6__Min,0.0
P4__vmd5__Hjorth_Mobility,0.0
P4__vmd5__Log_Entropy,0.0
P4__vmd5__Spectral_Flatness,0.0
O1__vmd1__RMS,0.0
O1__vmd1__Skewness,0.0
O1__vmd1__Kurtosis,0.0
O1__vmd2__Std,0.0
O1__vmd2__Spectral_Flatness,0.0
O1__vmd2__Permutation_Entropy,0.0
O1__vmd2__Tsallis_Entropy,0.0
O1__vmd2__Renyi_Entropy,0.0
O1__vmd2__Shannon_Entropy,0.0
O1__vmd2__Q3,0.0
O1__vmd2__Q2,0.0
O1__vmd2__Kurtosis,0.0
O1__vmd2__RMS,0.0
O1__vmd2__Max,0.0
O1__vmd1__Peak,0.0
O1__vmd2__Min,0.0
O1__vmd2__Mean,0.0
O1__vmd1__Hjorth_Mobility,0.0
O1__vmd1__Hurst_Exponent,0.0
O1__vmd1__Higuchi_FD,0.0
O1__vmd1__Spectral_Flatness,0.0
O1__vmd1__Tsallis_Entropy,0.0
O1__vmd1__Q2,0.0
O1__vmd1__IQR,0.0
P4__vmd2__RMS,0.0
P4__ewt6__Q3,0.0
P7__ewt3__Tsallis_Entropy,0.0
O2__emd1__Q1,0.0
O2__emd1__Peak,0.0
O2__emd1__Kurtosis,0.0
O2__emd1__Std,0.0
O2__emd1__Max,0.0
O2__emd1__Min,0.0
O1__emd6__Hjorth_Complexity,0.0
O1__emd6__Hjorth_Mobility,0.0
O1__emd6__Hurst_Exponent,0.0
O1__emd6__Higuchi_FD,0.0
O1__emd6__Permutation_Entropy,0.0
O1__emd6__Tsallis_Entropy,0.0
O1__emd6__Shannon_Entropy,0.0
O1__emd6__Q2,0.0
O1__emd6__Peak,0.0
O1__emd6__Kurtosis,0.0
O1__emd6__Max,0.0
O1__emd6__Min,0.0
O1__emd6__Median,0.0
O1__emd6__Mean,0.0
O1__emd5__Hjorth_Complexity,0.0
O1__emd5__Hjorth_Activity,0.0
O1__emd5__Log_Entropy,0.0
O1__emd5__Spectral_Flatness,0.0
O2__emd1__IQR,0.0
O2__emd1__Q3,0.0
P7__ewt3__Renyi_Entropy,0.0
O2__emd1__Shannon_Entropy,0.0
O2__emd3__Mean,0.0
O2__emd2__Hjorth_Complexity,0.0
O2__emd2__Hjorth_Mobility,0.0
O2__emd2__Hjorth_Activity,0.0
O2__emd2__Hurst_Exponent,0.0
O2__emd2__Permutation_Entropy,0.0
O2__emd2__Tsallis_Entropy,0.0
O2__emd2__Renyi_Entropy,0.0
O2__emd2__Q3,0.0
O2__emd2__Q1,0.0
O2__emd2__IQR,0.0
O2__emd2__Peak,0.0
O2__emd2__Skewness,0.0
O2__emd2__Std,0.0
O2__emd2__Max,0.0
O2__emd2__Min,0.0
O2__emd2__Median,0.0
O2__emd1__Hjorth_Mobility,0.0
O2__emd1__Hjorth_Activity,0.0
O2__emd1__Spectral_Flatness,0.0
O2__emd1__Permutation_Entropy,0.0
O2__emd1__Tsallis_Entropy,0.0
O2__emd1__Renyi_Entropy,0.0
O1__emd5__Tsallis_Entropy,0.0
O1__emd5__Renyi_Entropy,0.0
O1__emd5__Shannon_Entropy,0.0
O1__emd5__Q2,0.0
O1__emd3__Hurst_Exponent,0.0
O1__emd3__Spectral_Flatness,0.0
O1__emd3__Permutation_Entropy,0.0
O1__emd3__Renyi_Entropy,0.0
O1__emd3__Q3,0.0
O1__emd3__IQR,0.0
O1__emd3__Peak,0.0
O1__emd3__Kurtosis,0.0
O1__emd3__Skewness,0.0
O1__emd3__RMS,0.0
O1__emd3__Std,0.0
O1__emd3__Max,0.0
O1__emd3__Median,0.0
O1__emd3__Mean,0.0
O1__emd2__Hjorth_Mobility,0.0
O1__emd2__Hurst_Exponent,0.0
O1__emd2__Higuchi_FD,0.0
O1__emd2__Log_Entropy,0.0
O1__emd2__Permutation_Entropy,0.0
O1__emd2__Tsallis_Entropy,0.0
O1__emd2__Renyi_Entropy,0.0
O1__emd2__Shannon_Entropy,0.0
O1__emd2__Q2,0.0
O1__emd3__Hjorth_Activity,0.0
O1__emd3__Hjorth_Mobility,0.0
O1__emd4__Mean,0.0
O1__emd4__Log_Entropy,0.0
O1__emd5__Q1,0.0
O1__emd5__IQR,0.0
O1__emd5__Peak,0.0
O1__emd5__Kurtosis,0.0
O1__emd5__Max,0.0
O1__emd5__Median,0.0
O1__emd4__Hjorth_Complexity,0.0
O1__emd4__Hjorth_Mobility,0.0
O1__emd4__Hurst_Exponent,0.0
O1__emd4__Higuchi_FD,0.0
O1__emd4__Permutation_Entropy,0.0
O1__emd4__Median,0.0
O1__emd4__Tsallis_Entropy,0.0
O1__emd4__Renyi_Entropy,0.0
O1__emd4__Shannon_Entropy,0.0
O1__emd4__Q2,0.0
O1__emd4__Q1,0.0
O1__emd4__IQR,0.0
O1__emd4__Kurtosis,0.0
O1__emd4__Skewness,0.0
O1__emd4__Std,0.0
O1__emd4__Max,0.0
O2__emd3__Median,0.0
O2__emd3__Min,0.0
O2__emd3__Std,0.0
O2__emd6__Peak,0.0
F7__emd1__Tsallis_Entropy,0.0
F7__emd1__Shannon_Entropy,0.0
F7__emd1__Q2,0.0
F7__emd1__Q1,0.0
F7__emd1__IQR,0.0
F7__emd1__Peak,0.0
F7__emd1__Kurtosis,0.0
F7__emd1__Skewness,0.0
F7__emd1__RMS,0.0
F7__emd1__Std,0.0
F7__emd1__Max,0.0
F7__emd1__Min,0.0
O2__emd6__Hjorth_Mobility,0.0
O2__emd6__Hjorth_Activity,0.0
O2__emd6__Hurst_Exponent,0.0
O2__emd6__Higuchi_FD,0.0
O2__emd6__Log_Entropy,0.0
O2__emd6__Spectral_Flatness,0.0
O2__emd6__Permutation_Entropy,0.0
O2__emd6__Tsallis_Entropy,0.0
O2__emd6__Shannon_Entropy,0.0
O2__emd6__Q2,0.0
O2__emd6__Q1,0.0
F7__emd1__Permutation_Entropy,0.0
F7__emd1__Spectral_Flatness,0.0
F7__emd1__Hjorth_Activity,0.0
F7__emd2__Q1,0.0
F7__emd3__Min,0.0
F7__emd2__Hjorth_Activity,0.0
F7__emd2__Hurst_Exponent,0.0
F7__emd2__Higuchi_FD,0.0
F7__emd2__Log_Entropy,0.0
F7__emd2__Spectral_Flatness,0.0
F7__emd2__Permutation_Entropy,0.0
F7__emd2__Renyi_Entropy,0.0
F7__emd2__Shannon_Entropy,0.0
F7__emd2__Q3,0.0
F7__emd2__IQR,0.0
F7__emd1__Hjorth_Mobility,0.0
F7__emd2__Peak,0.0
F7__emd2__Kurtosis,0.0
F7__emd2__Skewness,0.0
F7__emd2__RMS,0.0
F7__emd2__Std,0.0
F7__emd2__Max,0.0
F7__emd2__Min,0.0
F7__emd2__Median,0.0
F7__emd2__Mean,0.0
F7__emd1__Hjorth_Complexity,0.0
O2__emd6__IQR,0.0
O2__emd6__Skewness,0.0
O2__emd3__RMS,0.0
O2__emd6__RMS,0.0
O2__emd4__Shannon_Entropy,0.0
O2__emd4__Q3,0.0
O2__emd4__IQR,0.0
O2__emd4__Peak,0.0
O2__emd4__Kurtosis,0.0
O2__emd4__RMS,0.0
O2__emd4__Std,0.0
O2__emd4__Max,0.0
O2__emd4__Min,0.0
O2__emd4__Median,0.0
O2__emd3__Hjorth_Complexity,0.0
O2__emd3__Hjorth_Mobility,0.0
O2__emd3__Hjorth_Activity,0.0
O2__emd3__Higuchi_FD,0.0
O2__emd3__Log_Entropy,0.0
O2__emd3__Permutation_Entropy,0.0
O2__emd3__Tsallis_Entropy,0.0
O2__emd3__Renyi_Entropy,0.0
O2__emd3__Q3,0.0
O2__emd3__Q2,0.0
O2__emd3__Q1,0.0
O2__emd3__IQR,0.0
O2__emd3__Kurtosis,0.0
O2__emd4__Renyi_Entropy,0.0
O2__emd4__Permutation_Entropy,0.0
O2__emd4__Spectral_Flatness,0.0
O2__emd5__Q2,0.0
O2__emd6__Std,0.0
O2__emd6__Max,0.0
O2__emd6__Median,0.0
O2__emd5__Hjorth_Complexity,0.0
O2__emd5__Hjorth_Activity,0.0
O2__emd5__Log_Entropy,0.0
O2__emd5__Permutation_Entropy,0.0
O2__emd5__Tsallis_Entropy,0.0
O2__emd5__Shannon_Entropy,0.0
O2__emd5__Q3,0.0
O2__emd5__IQR,0.0
O2__emd4__Log_Entropy,0.0
O2__emd5__Peak,0.0
O2__emd5__RMS,0.0
O2__emd5__Std,0.0
O2__emd5__Min,0.0
O2__emd5__Median,0.0
O2__emd5__Mean,0.0
O2__emd4__Hjorth_Complexity,0.0
O2__emd4__Hjorth_Mobility,0.0
O2__emd4__Hurst_Exponent,0.0
O2__emd4__Higuchi_FD,0.0
O1__emd2__Q1,0.0
O1__emd2__Peak,0.0
O1__emd2__Kurtosis,0.0
P3__emd4__Min,0.0
P3__emd5__Higuchi_FD,0.0
P3__emd5__Log_Entropy,0.0
P3__emd5__Spectral_Flatness,0.0
P3__emd5__Permutation_Entropy,0.0
P3__emd5__Tsallis_Entropy,0.0
P3__emd5__Renyi_Entropy,0.0
P3__emd5__Shannon_Entropy,0.0
P3__emd5__Q3,0.0
P3__emd5__Q2,0.0
P3__emd5__Q1,0.0
P3__emd5__Peak,0.0
P3__emd5__Kurtosis,0.0
P3__emd5__Skewness,0.0
P3__emd5__Std,0.0
P3__emd5__Median,0.0
P3__emd4__Hjorth_Mobility,0.0
P3__emd4__Higuchi_FD,0.0
P3__emd4__Log_Entropy,0.0
P3__emd4__Permutation_Entropy,0.0
P3__emd4__Tsallis_Entropy,0.0
P3__emd4__Q1,0.0
P3__emd4__IQR,0.0
P3__emd4__Kurtosis,0.0
P3__emd5__Hjorth_Activity,0.0
P3__emd5__Hjorth_Mobility,0.0
P3__emd5__Hjorth_Complexity,0.0
P3__emd6__Tsallis_Entropy,0.0
P4__emd1__Max,0.0
P4__emd1__Min,0.0
P4__emd1__Median,0.0
P4__emd1__Mean,0.0
P3__emd6__Hjorth_Complexity,0.0
P3__emd6__Hjorth_Mobility,0.0
P3__emd6__Hjorth_Activity,0.0
P3__emd6__Log_Entropy,0.0
P3__emd6__Spectral_Flatness,0.0
P3__emd6__Permutation_Entropy,0.0
P3__emd6__Shannon_Entropy,0.0
P3__emd6__Mean,0.0
P3__emd6__Q3,0.0
P3__emd6__Q2,0.0
P3__emd6__IQR,0.0
P3__emd6__Peak,0.0
P3__emd6__Skewness,0.0
P3__emd6__RMS,0.0
P3__emd6__Std,0.0
P3__emd6__Max,0.0
P3__emd6__Min,0.0
P3__emd6__Median,0.0
P3__emd4__Std,0.0
P3__emd4__Median,0.0
P4__emd1__Kurtosis,0.0
P3__emd3__Hjorth_Complexity,0.0
P3__emd2__Std,0.0
P3__emd2__Max,0.0
P3__emd2__Min,0.0
P3__emd1__Hjorth_Complexity,0.0
P3__emd1__Hurst_Exponent,0.0
P3__emd1__Higuchi_FD,0.0
P3__emd1__Spectral_Flatness,0.0
P3__emd1__Tsallis_Entropy,0.0
P3__emd1__Renyi_Entropy,0.0
P3__emd1__Shannon_Entropy,0.0
P3__emd1__Q3,0.0
P3__emd1__Q1,0.0
P3__emd1__IQR,0.0
P3__emd1__Peak,0.0
P3__emd1__Kurtosis,0.0
P3__emd1__Skewness,0.0
P3__emd1__RMS,0.0
P3__emd1__Std,0.0
P3__emd1__Max,0.0
P3__emd1__Min,0.0
P3__emd1__Median,0.0
P3__emd1__Mean,0.0
C4__emd6__Hjorth_Activity,0.0
P3__emd2__Skewness,0.0
P3__emd2__Peak,0.0
P3__emd2__Q2,0.0
P3__emd3__Kurtosis,0.0
P3__emd3__Hjorth_Activity,0.0
P3__emd3__Log_Entropy,0.0
P3__emd3__Spectral_Flatness,0.0
P3__emd3__Permutation_Entropy,0.0
P3__emd3__Renyi_Entropy,0.0
P3__emd3__Q3,0.0
P3__emd3__Q2,0.0
P3__emd3__Q1,0.0
P3__emd3__IQR,0.0
P3__emd3__Peak,0.0
P3__emd3__Skewness,0.0
P3__emd2__Shannon_Entropy,0.0
P3__emd3__RMS,0.0
P3__emd3__Std,0.0
P3__emd3__Max,0.0
P3__emd3__Min,0.0
P3__emd3__Median,0.0
P3__emd2__Hjorth_Mobility,0.0
P3__emd2__Hjorth_Activity,0.0
P3__emd2__Log_Entropy,0.0
P3__emd2__Permutation_Entropy,0.0
P3__emd2__Renyi_Entropy,0.0
P4__emd1__Std,0.0
P4__emd1__Peak,0.0
O1__emd2__Skewness,0.0
P4__emd5__Mean,0.0
P4__emd6__Tsallis_Entropy,0.0
P4__emd6__Renyi_Entropy,0.0
P4__emd6__Shannon_Entropy,0.0
P4__emd6__Q3,0.0
P4__emd6__Q1,0.0
P4__emd6__IQR,0.0
P4__emd6__Peak,0.0
P4__emd6__Kurtosis,0.0
P4__emd6__RMS,0.0
P4__emd6__Median,0.0
P4__emd6__Mean,0.0
P4__emd5__Hjorth_Mobility,0.0
P4__emd5__Hjorth_Activity,0.0
P4__emd5__Hurst_Exponent,0.0
P4__emd5__Higuchi_FD,0.0
P4__emd5__Log_Entropy,0.0
P4__emd5__Spectral_Flatness,0.0
P4__emd5__Permutation_Entropy,0.0
P4__emd5__Tsallis_Entropy,0.0
P4__emd5__Renyi_Entropy,0.0
P4__emd5__IQR,0.0
P4__emd5__Peak,0.0
P4__emd5__Skewness,0.0
P4__emd6__Permutation_Entropy,0.0
P4__emd6__Spectral_Flatness,0.0
P4__emd6__Higuchi_FD,0.0
O1__emd1__Q2,0.0
O1__emd2__RMS,0.0
O1__emd2__Max,0.0
O1__emd2__Min,0.0
O1__emd1__Hjorth_Complexity,0.0
O1__emd1__Hurst_Exponent,0.0
O1__emd1__Higuchi_FD,0.0
O1__emd1__Spectral_Flatness,0.0
O1__emd1__Permutation_Entropy,0.0
O1__emd1__Renyi_Entropy,0.0
O1__emd1__Shannon_Entropy,0.0
O1__emd1__Q1,0.0
P4__emd6__Hurst_Exponent,0.0
O1__emd1__IQR,0.0
O1__emd1__Peak,0.0
O1__emd1__Kurtosis,0.0
O1__emd1__Skewness,0.0
O1__emd1__Std,0.0
O1__emd1__Max,0.0
O1__emd1__Min,0.0
O1__emd1__Median,0.0
P4__emd6__Hjorth_Mobility,0.0
P4__emd6__Hjorth_Activity,0.0
P4__emd5__RMS,0.0
P4__emd4__Hjorth_Complexity,0.0
P4__emd1__Q1,0.0
P4__emd4__Hjorth_Mobility,0.0
P4__emd3__Skewness,0.0
P4__emd3__RMS,0.0
P4__emd3__Min,0.0
P4__emd2__Hjorth_Complexity,0.0
P4__emd2__Hurst_Exponent,0.0
P4__emd2__Higuchi_FD,0.0
P4__emd2__Renyi_Entropy,0.0
P4__emd2__Shannon_Entropy,0.0
P4__emd2__Q1,0.0
P4__emd2__IQR,0.0
P4__emd2__Kurtosis,0.0
P4__emd2__Skewness,0.0
P4__emd2__Std,0.0
P4__emd2__Max,0.0
P4__emd2__Median,0.0
P4__emd2__Mean,0.0
P4__emd1__Hjorth_Complexity,0.0
P4__emd1__Hurst_Exponent,0.0
P4__emd1__Higuchi_FD,0.0
P4__emd1__Spectral_Flatness,0.0
P4__emd1__Permutation_Entropy,0.0
P4__emd1__Tsallis_Entropy,0.0
P4__emd1__Shannon_Entropy,0.0
P4__emd3__Kurtosis,0.0
P4__emd3__Q3,0.0
P4__emd3__Shannon_Entropy,0.0
P4__emd4__Kurtosis,0.0
P4__emd4__Higuchi_FD,0.0
P4__emd4__Log_Entropy,0.0
P4__emd4__Permutation_Entropy,0.0
P4__emd4__Tsallis_Entropy,0.0
P4__emd4__Shannon_Entropy,0.0
P4__emd4__Q3,0.0
P4__emd4__Q2,0.0
P4__emd4__Q1,0.0
P4__emd4__IQR,0.0
P4__emd4__Peak,0.0
P4__emd4__Skewness,0.0
P4__emd3__Renyi_Entropy,0.0
P4__emd4__RMS,0.0
P4__emd4__Max,0.0
P4__emd4__Min,0.0
P4__emd4__Mean,0.0
P4__emd3__Hjorth_Mobility,0.0
P4__emd3__Hjorth_Activity,0.0
P4__emd3__Higuchi_FD,0.0
P4__emd3__Log_Entropy,0.0
P4__emd3__Spectral_Flatness,0.0
P4__emd3__Tsallis_Entropy,0.0
F7__emd3__Max,0.0
F7__emd3__Kurtosis,0.0
F7__emd3__Peak,0.0
T8__emd3__Kurtosis,0.0
T8__emd4__Log_Entropy,0.0
T8__emd4__Spectral_Flatness,0.0
T8__emd4__Permutation_Entropy,0.0
T8__emd4__Renyi_Entropy,0.0
T8__emd4__Shannon_Entropy,0.0
T8__emd4__Q3,0.0
T8__emd4__Q2,0.0
T8__emd4__Q1,0.0
T8__emd4__IQR,0.0
T8__emd4__Peak,0.0
T8__emd4__Std,0.0
T8__emd4__Max,0.0
T8__emd4__Mean,0.0
T8__emd3__Hjorth_Complexity,0.0
T8__emd3__Hjorth_Mobility,0.0
T8__emd3__Hjorth_Activity,0.0
T8__emd3__Hurst_Exponent,0.0
T8__emd3__Log_Entropy,0.0
T8__emd3__Permutation_Entropy,0.0
T8__emd3__Tsallis_Entropy,0.0
T8__emd3__Renyi_Entropy,0.0
T8__emd3__Q3,0.0
T8__emd3__Q1,0.0
T8__emd4__Hjorth_Mobility,0.0
T8__emd4__Hjorth_Complexity,0.0
T8__emd5__Median,0.0
T8__emd5__Log_Entropy,0.0
T8__emd6__Peak,0.0
T8__emd6__Kurtosis,0.0
T8__emd6__RMS,0.0
T8__emd6__Std,0.0
T8__emd6__Min,0.0
T8__emd6__Median,0.0
T8__emd6__Mean,0.0
T8__emd5__Hjorth_Mobility,0.0
T8__emd5__Hjorth_Activity,0.0
T8__emd5__Hurst_Exponent,0.0
T8__emd5__Spectral_Flatness,0.0
T8__emd5__Min,0.0
T8__emd5__Permutation_Entropy,0.0
T8__emd5__Renyi_Entropy,0.0
T8__emd5__Shannon_Entropy,0.0
T8__emd5__Q2,0.0
T8__emd5__IQR,0.0
T8__emd5__Kurtosis,0.0
T8__emd5__Skewness,0.0
T8__emd5__RMS,0.0
T8__emd5__Std,0.0
T8__emd5__Max,0.0
T8__emd3__IQR,0.0
T8__emd3__Skewness,0.0
T8__emd6__Shannon_Entropy,0.0
T8__emd3__Std,0.0
T8__emd1__Shannon_Entropy,0.0
T8__emd1__IQR,0.0
T8__emd1__Peak,0.0
T8__emd1__Skewness,0.0
T8__emd1__Std,0.0
T8__emd1__Max,0.0
T8__emd1__Min,0.0
T8__emd1__Mean,0.0
T7__emd6__Hjorth_Complexity,0.0
T7__emd6__Hjorth_Mobility,0.0
T7__emd6__Hjorth_Activity,0.0
T7__emd6__Log_Entropy,0.0
T7__emd6__Spectral_Flatness,0.0
T7__emd6__Renyi_Entropy,0.0
T7__emd6__Shannon_Entropy,0.0
T7__emd6__Q3,0.0
T7__emd6__Q1,0.0
T7__emd6__IQR,0.0
T7__emd6__Peak,0.0
T7__emd6__Min,0.0
T7__emd5__Hjorth_Complexity,0.0
T7__emd5__Hjorth_Mobility,0.0
T7__emd5__Higuchi_FD,0.0
T8__emd1__Renyi_Entropy,0.0
T8__emd1__Tsallis_Entropy,0.0
T8__emd1__Higuchi_FD,0.0
T8__emd2__Q1,0.0
T8__emd3__Mean,0.0
T8__emd2__Hjorth_Mobility,0.0
T8__emd2__Hjorth_Activity,0.0
T8__emd2__Hurst_Exponent,0.0
T8__emd2__Log_Entropy,0.0
T8__emd2__Permutation_Entropy,0.0
T8__emd2__Tsallis_Entropy,0.0
T8__emd2__Renyi_Entropy,0.0
T8__emd2__Shannon_Entropy,0.0
T8__emd2__Q3,0.0
T8__emd2__IQR,0.0
T8__emd1__Hurst_Exponent,0.0
T8__emd2__Kurtosis,0.0
T8__emd2__Skewness,0.0
T8__emd2__RMS,0.0
T8__emd2__Std,0.0
T8__emd2__Max,0.0
T8__emd2__Min,0.0
T8__emd2__Median,0.0
T8__emd2__Mean,0.0
T8__emd1__Hjorth_Mobility,0.0
T8__emd1__Hjorth_Activity,0.0
T8__emd6__Q2,0.0
T8__emd6__Renyi_Entropy,0.0
T7__emd5__Permutation_Entropy,0.0
P7__emd3__Tsallis_Entropy,0.0
P7__emd5__Q2,0.0
P7__emd5__IQR,0.0
P7__emd5__Peak,0.0
P7__emd5__Kurtosis,0.0
P7__emd5__Skewness,0.0
P7__emd5__Min,0.0
P7__emd5__Median,0.0
P7__emd5__Mean,0.0
P7__emd4__Hjorth_Mobility,0.0
P7__emd4__Spectral_Flatness,0.0
P7__emd4__Renyi_Entropy,0.0
P7__emd4__Shannon_Entropy,0.0
P7__emd4__Q3,0.0
P7__emd4__Peak,0.0
P7__emd4__RMS,0.0
P7__emd4__Std,0.0
P7__emd4__Min,0.0
P7__emd4__Median,0.0
P7__emd4__Mean,0.0
P7__emd3__Hjorth_Activity,0.0
P7__emd3__Hurst_Exponent,0.0
P7__emd3__Higuchi_FD,0.0
P7__emd3__Log_Entropy,0.0
P7__emd5__Shannon_Entropy,0.0
P7__emd5__Spectral_Flatness,0.0
P7__emd5__Log_Entropy,0.0
P7__emd6__Hjorth_Activity,0.0
P8__emd1__Q3,0.0
P8__emd1__Q1,0.0
P8__emd1__IQR,0.0
P8__emd1__Peak,0.0
P8__emd1__Kurtosis,0.0
P8__emd1__Std,0.0
P8__emd1__Max,0.0
P8__emd1__Min,0.0
P8__emd1__Median,0.0
P8__emd1__Mean,0.0
P7__emd6__Higuchi_FD,0.0
P7__emd5__Higuchi_FD,0.0
P7__emd6__Log_Entropy,0.0
P7__emd6__Permutation_Entropy,0.0
P7__emd6__Tsallis_Entropy,0.0
P7__emd6__Renyi_Entropy,0.0
P7__emd6__Shannon_Entropy,0.0
P7__emd6__Q2,0.0
P7__emd6__Skewness,0.0
P7__emd6__Min,0.0
P7__emd6__Median,0.0
P7__emd5__Hjorth_Activity,0.0
P7__emd3__Spectral_Flatness,0.0
P7__emd3__Shannon_Entropy,0.0
T8__emd6__Tsallis_Entropy,0.0
P7__emd3__Q3,0.0
P7__emd1__Spectral_Flatness,0.0
P7__emd1__Permutation_Entropy,0.0
P7__emd1__Tsallis_Entropy,0.0
P7__emd1__Renyi_Entropy,0.0
P7__emd1__Shannon_Entropy,0.0
P7__emd1__Q3,0.0
P7__emd1__Q2,0.0
P7__emd1__Q1,0.0
P7__emd1__IQR,0.0
P7__emd1__Peak,0.0
P7__emd1__Kurtosis,0.0
P7__emd1__Skewness,0.0
P7__emd1__RMS,0.0
P7__emd1__Std,0.0
P7__emd1__Min,0.0
P7__emd1__Mean,0.0
T8__emd6__Hjorth_Complexity,0.0
T8__emd6__Hjorth_Mobility,0.0
T8__emd6__Hurst_Exponent,0.0
T8__emd6__Higuchi_FD,0.0
T8__emd6__Log_Entropy,0.0
T8__emd6__Spectral_Flatness,0.0
T8__emd6__Permutation_Entropy,0.0
P7__emd1__Log_Entropy,0.0
P7__emd1__Hurst_Exponent,0.0
P7__emd1__Hjorth_Mobility,0.0
P7__emd2__Hjorth_Activity,0.0
P7__emd3__Peak,0.0
P7__emd3__Kurtosis,0.0
P7__emd3__Skewness,0.0
P7__emd3__RMS,0.0
P7__emd3__Std,0.0
P7__emd3__Min,0.0
P7__emd3__Median,0.0
P7__emd3__Mean,0.0
P7__emd2__Hjorth_Complexity,0.0
P7__emd2__Hjorth_Mobility,0.0
P7__emd2__Permutation_Entropy,0.0
P7__emd1__Hjorth_Complexity,0.0
P7__emd2__Renyi_Entropy,0.0
P7__emd2__Shannon_Entropy,0.0
P7__emd2__Q2,0.0
P7__emd2__Q1,0.0
P7__emd2__IQR,0.0
P7__emd2__Peak,0.0
P7__emd2__Skewness,0.0
P7__emd2__RMS,0.0
P7__emd2__Min,0.0
P7__emd2__Median,0.0
T7__emd5__Log_Entropy,0.0
T7__emd5__Renyi_Entropy,0.0
F7__emd3__Q1,0.0
F8__emd1__Min,0.0
F8__emd2__Higuchi_FD,0.0
F8__emd2__Spectral_Flatness,0.0
F8__emd2__Permutation_Entropy,0.0
F8__emd2__Tsallis_Entropy,0.0
F8__emd2__Renyi_Entropy,0.0
F8__emd2__Shannon_Entropy,0.0
F8__emd2__Q1,0.0
F8__emd2__IQR,0.0
F8__emd2__RMS,0.0
F8__emd2__Max,0.0
F8__emd2__Min,0.0
F8__emd2__Mean,0.0
F8__emd1__Hjorth_Complexity,0.0
F8__emd1__Hjorth_Activity,0.0
F8__emd1__Hurst_Exponent,0.0
F8__emd1__Higuchi_FD,0.0
F8__emd1__Spectral_Flatness,0.0
F8__emd1__Permutation_Entropy,0.0
F8__emd1__Renyi_Entropy,0.0
F8__emd1__Shannon_Entropy,0.0
F8__emd1__Q2,0.0
F8__emd1__Q1,0.0
F8__emd1__Skewness,0.0
F8__emd2__Hurst_Exponent,0.0
F8__emd2__Hjorth_Activity,0.0
F8__emd3__Mean,0.0
F8__emd3__Log_Entropy,0.0
F8__emd4__Skewness,0.0
F8__emd4__RMS,0.0
F8__emd4__Std,0.0
F8__emd4__Max,0.0
F8__emd4__Min,0.0
F8__emd4__Median,0.0
F8__emd4__Mean,0.0
F8__emd3__Hjorth_Mobility,0.0
F8__emd3__Hurst_Exponent,0.0
F8__emd3__Higuchi_FD,0.0
F8__emd3__Permutation_Entropy,0.0
F8__emd3__Median,0.0
F8__emd3__Tsallis_Entropy,0.0
F8__emd3__Shannon_Entropy,0.0
F8__emd3__Q3,0.0
F8__emd3__Q1,0.0
F8__emd3__Peak,0.0
F8__emd3__Kurtosis,0.0
F8__emd3__Skewness,0.0
F8__emd3__RMS,0.0
F8__emd3__Max,0.0
F8__emd3__Min,0.0
F8__emd1__Max,0.0
F8__emd1__Median,0.0
F8__emd4__IQR,0.0
F7__emd6__Hjorth_Mobility,0.0
F7__emd4__Hjorth_Mobility,0.0
F7__emd4__Hjorth_Activity,0.0
F7__emd4__Log_Entropy,0.0
F7__emd4__Spectral_Flatness,0.0
F7__emd4__Permutation_Entropy,0.0
F7__emd4__Tsallis_Entropy,0.0
F7__emd4__Shannon_Entropy,0.0
F7__emd4__Q2,0.0
F7__emd4__Q1,0.0
F7__emd4__IQR,0.0
F7__emd4__Peak,0.0
F7__emd4__Kurtosis,0.0
F7__emd4__RMS,0.0
F7__emd4__Min,0.0
F7__emd4__Median,0.0
F7__emd3__Hjorth_Mobility,0.0
F7__emd3__Hjorth_Activity,0.0
F7__emd3__Hurst_Exponent,0.0
F7__emd3__Higuchi_FD,0.0
F7__emd3__Log_Entropy,0.0
F7__emd3__Permutation_Entropy,0.0
F7__emd3__Shannon_Entropy,0.0
F7__emd3__Q3,0.0
F7__emd4__Hjorth_Complexity,0.0
F7__emd5__Mean,0.0
F7__emd5__Min,0.0
F7__emd6__Median,0.0
F7__emd6__Hurst_Exponent,0.0
F7__emd6__Higuchi_FD,0.0
F7__emd6__Log_Entropy,0.0
F7__emd6__Spectral_Flatness,0.0
F7__emd6__Renyi_Entropy,0.0
F7__emd6__Q2,0.0
F7__emd6__Q1,0.0
F7__emd6__Peak,0.0
F7__emd6__Kurtosis,0.0
F7__emd6__Skewness,0.0
F7__emd5__Hjorth_Complexity,0.0
F7__emd5__Max,0.0
F7__emd5__Hjorth_Activity,0.0
F7__emd5__Hurst_Exponent,0.0
F7__emd5__Spectral_Flatness,0.0
F7__emd5__Permutation_Entropy,0.0
F7__emd5__Tsallis_Entropy,0.0
F7__emd5__Renyi_Entropy,0.0
F7__emd5__Q2,0.0
F7__emd5__IQR,0.0
F7__emd5__RMS,0.0
F7__emd5__Std,0.0
F8__emd4__Kurtosis,0.0
F8__emd4__Q1,0.0
T7__emd5__Shannon_Entropy,0.0
T7__emd2__Median,0.0
T7__emd3__Permutation_Entropy,0.0
T7__emd3__Tsallis_Entropy,0.0
T7__emd3__Renyi_Entropy,0.0
T7__emd3__Shannon_Entropy,0.0
T7__emd3__Q2,0.0
T7__emd3__Q1,0.0
T7__emd3__Kurtosis,0.0
T7__emd3__RMS,0.0
T7__emd3__Std,0.0
T7__emd3__Max,0.0
T7__emd3__Min,0.0
T7__emd3__Median,0.0
T7__emd2__Hjorth_Mobility,0.0
T7__emd2__Hjorth_Activity,0.0
T7__emd2__Higuchi_FD,0.0
T7__emd2__Permutation_Entropy,0.0
T7__emd2__Tsallis_Entropy,0.0
T7__emd2__Renyi_Entropy,0.0
T7__emd2__Shannon_Entropy,0.0
T7__emd2__Q1,0.0
T7__emd2__IQR,0.0
T7__emd2__Kurtosis,0.0
T7__emd2__Skewness,0.0
T7__emd3__Log_Entropy,0.0
T7__emd3__Higuchi_FD,0.0
T7__emd3__Hjorth_Activity,0.0
T7__emd4__Higuchi_FD,0.0
T7__emd5__Q3,0.0
T7__emd5__Q2,0.0
T7__emd5__Q1,0.0
T7__emd5__IQR,0.0
T7__emd5__Skewness,0.0
T7__emd5__Std,0.0
T7__emd5__Min,0.0
T7__emd5__Median,0.0
T7__emd5__Mean,0.0
T7__emd4__Hurst_Exponent,0.0
T7__emd4__Log_Entropy,0.0
T7__emd3__Hjorth_Complexity,0.0
T7__emd4__Spectral_Flatness,0.0
T7__emd4__Tsallis_Entropy,0.0
T7__emd4__Renyi_Entropy,0.0
T7__emd4__Q3,0.0
T7__emd4__IQR,0.0
T7__emd4__Skewness,0.0
T7__emd4__RMS,0.0
T7__emd4__Std,0.0
T7__emd4__Max,0.0
T7__emd4__Mean,0.0
T7__emd2__RMS,0.0
T7__emd1__Hjorth_Complexity,0.0
F8__emd4__Q2,0.0
T7__emd1__Hjorth_Activity,0.0
F8__emd5__Hjorth_Complexity,0.0
F8__emd5__Hjorth_Activity,0.0
F8__emd5__Hurst_Exponent,0.0
F8__emd5__Higuchi_FD,0.0
F8__emd5__Log_Entropy,0.0
F8__emd5__Spectral_Flatness,0.0
F8__emd5__Permutation_Entropy,0.0
F8__emd5__Tsallis_Entropy,0.0
F8__emd5__Q2,0.0
F8__emd5__Peak,0.0
F8__emd5__Skewness,0.0
F8__emd5__Std,0.0
F8__emd5__Min,0.0
F8__emd5__Median,0.0
F8__emd5__Mean,0.0
F8__emd4__Hjorth_Mobility,0.0
F8__emd4__Hjorth_Activity,0.0
F8__emd4__Hurst_Exponent,0.0
F8__emd4__Higuchi_FD,0.0
F8__emd4__Log_Entropy,0.0
F8__emd4__Permutation_Entropy,0.0
F8__emd4__Tsallis_Entropy,0.0
F8__emd4__Q3,0.0
F8__emd6__Mean,0.0
F8__emd6__Median,0.0
F8__emd6__Min,0.0
F8__emd6__Hjorth_Complexity,0.0
T7__emd1__Higuchi_FD,0.0
T7__emd1__Renyi_Entropy,0.0
T7__emd1__Shannon_Entropy,0.0
T7__emd1__IQR,0.0
T7__emd1__Peak,0.0
T7__emd1__RMS,0.0
T7__emd1__Std,0.0
T7__emd1__Min,0.0
T7__emd1__Median,0.0
T7__emd1__Mean,0.0
F8__emd6__Hjorth_Mobility,0.0
F8__emd6__Max,0.0
F8__emd6__Hjorth_Activity,0.0
F8__emd6__Hurst_Exponent,0.0
F8__emd6__Higuchi_FD,0.0
F8__emd6__Spectral_Flatness,0.0
F8__emd6__Permutation_Entropy,0.0
F8__emd6__Tsallis_Entropy,0.0
F8__emd6__Renyi_Entropy,0.0
F8__emd6__Q2,0.0
F8__emd6__Peak,0.0
F8__emd6__Skewness,0.0
C4__emd6__Hurst_Exponent,0.0
C4__emd6__Higuchi_FD,0.0
C4__emd6__Log_Entropy,0.0
Cz__original__Q2,0.0
Fp1__emd1__Mean,0.0
Pz__original__Hjorth_Activity,0.0
Pz__original__Log_Entropy,0.0
Pz__original__Spectral_Flatness,0.0
Pz__original__Tsallis_Entropy,0.0
Pz__original__Renyi_Entropy,0.0
Pz__original__Shannon_Entropy,0.0
Pz__original__Q3,0.0
Pz__original__Q2,0.0
Pz__original__Q1,0.0
Pz__original__IQR,0.0
Pz__original__Peak,0.0
Pz__original__Kurtosis,0.0
Pz__original__Skewness,0.0
Pz__original__Max,0.0
Pz__original__Min,0.0
Pz__original__Median,0.0
Cz__original__Hjorth_Activity,0.0
Cz__original__Higuchi_FD,0.0
Cz__original__Log_Entropy,0.0
Cz__original__Tsallis_Entropy,0.0
Cz__original__Renyi_Entropy,0.0
Cz__original__Shannon_Entropy,0.0
Fp1__emd1__Median,0.0
Fp1__emd1__Min,0.0
Fp1__emd1__Std,0.0
Fp1__emd1__Hjorth_Activity,0.0
Fp1__emd2__Shannon_Entropy,0.0
Fp1__emd2__Q2,0.0
Fp1__emd2__Q1,0.0
Fp1__emd2__Peak,0.0
Fp1__emd2__Kurtosis,0.0
Fp1__emd2__RMS,0.0
Fp1__emd2__Std,0.0
Fp1__emd2__Max,0.0
Fp1__emd1__Hjorth_Complexity,0.0
Fp1__emd1__Hjorth_Mobility,0.0
Fp1__emd1__Hurst_Exponent,0.0
Fp1__emd1__RMS,0.0
Fp1__emd1__Higuchi_FD,0.0
Fp1__emd1__Spectral_Flatness,0.0
Fp1__emd1__Permutation_Entropy,0.0
Fp1__emd1__Tsallis_Entropy,0.0
Fp1__emd1__Renyi_Entropy,0.0
Fp1__emd1__Shannon_Entropy,0.0
Fp1__emd1__Q2,0.0
Fp1__emd1__IQR,0.0
Fp1__emd1__Kurtosis,0.0
Fp1__emd1__Skewness,0.0
Cz__original__Q3,0.0
Cz__original__Q1,0.0
Fp1__emd2__Tsallis_Entropy,0.0
Cz__original__IQR,0.0
P8__original__Q1,0.0
P8__original__IQR,0.0
P8__original__Kurtosis,0.0
P8__original__RMS,0.0
P8__original__Std,0.0
P8__original__Min,0.0
P8__original__Median,0.0
P7__original__Hjorth_Complexity,0.0
P7__original__Hjorth_Activity,0.0
P7__original__Log_Entropy,0.0
P7__original__Tsallis_Entropy,0.0
P7__original__Renyi_Entropy,0.0
P7__original__Shannon_Entropy,0.0
P7__original__IQR,0.0
P7__original__Peak,0.0
P7__original__Kurtosis,0.0
P7__original__Skewness,0.0
P7__original__Max,0.0
T8__original__Hjorth_Mobility,0.0
T8__original__Hjorth_Activity,0.0
T8__original__Permutation_Entropy,0.0
T8__original__Tsallis_Entropy,0.0
T8__original__Renyi_Entropy,0.0
P8__original__Q3,0.0
P8__original__Shannon_Entropy,0.0
P8__original__Tsallis_Entropy,0.0
Fz__original__Renyi_Entropy,0.0
Cz__original__Kurtosis,0.0
Cz__original__RMS,0.0
Cz__original__Std,0.0
Cz__original__Max,0.0
Cz__original__Min,0.0
Cz__original__Median,0.0
Cz__original__Mean,0.0
Fz__original__Hjorth_Complexity,0.0
Fz__original__Hjorth_Activity,0.0
Fz__original__Log_Entropy,0.0
Fz__original__Shannon_Entropy,0.0
P8__original__Permutation_Entropy,0.0
Fz__original__Q3,0.0
Fz__original__Q1,0.0
Fz__original__Peak,0.0
Fz__original__Kurtosis,0.0
Fz__original__Skewness,0.0
Fz__original__RMS,0.0
Fz__original__Max,0.0
Fz__original__Min,0.0
P8__original__Hjorth_Complexity,0.0
P8__original__Log_Entropy,0.0
Fp1__emd2__Renyi_Entropy,0.0
Fp1__emd2__Permutation_Entropy,0.0
T8__original__Q3,0.0
Fp1__emd6__Std,0.0
Fp2__emd1__Higuchi_FD,0.0
Fp2__emd1__Spectral_Flatness,0.0
Fp2__emd1__Permutation_Entropy,0.0
Fp2__emd1__Tsallis_Entropy,0.0
Fp2__emd1__Renyi_Entropy,0.0
Fp2__emd1__Q2,0.0
Fp2__emd1__Q1,0.0
Fp2__emd1__IQR,0.0
Fp2__emd1__Peak,0.0
Fp2__emd1__Kurtosis,0.0
Fp2__emd1__Std,0.0
Fp2__emd1__Min,0.0
Fp1__emd6__Hjorth_Complexity,0.0
Fp1__emd6__Hjorth_Activity,0.0
Fp1__emd6__Hurst_Exponent,0.0
Fp1__emd6__Higuchi_FD,0.0
Fp1__emd6__Permutation_Entropy,0.0
Fp1__emd6__Tsallis_Entropy,0.0
Fp1__emd6__Shannon_Entropy,0.0
Fp1__emd6__Q3,0.0
Fp1__emd6__Q1,0.0
Fp1__emd6__Kurtosis,0.0
Fp1__emd6__Skewness,0.0
Fp2__emd1__Hjorth_Complexity,0.0
Fp2__emd2__Mean,0.0
Fp2__emd2__Median,0.0
Fp2__emd2__Hjorth_Activity,0.0
Fp2__emd3__Renyi_Entropy,0.0
Fp2__emd3__Q3,0.0
Fp2__emd3__Q2,0.0
Fp2__emd3__Peak,0.0
Fp2__emd3__RMS,0.0
Fp2__emd3__Max,0.0
Fp2__emd3__Min,0.0
Fp2__emd3__Median,0.0
Fp2__emd2__Hjorth_Complexity,0.0
Fp2__emd2__Hjorth_Mobility,0.0
Fp2__emd2__Higuchi_FD,0.0
Fp2__emd2__Min,0.0
Fp2__emd2__Log_Entropy,0.0
Fp2__emd2__Spectral_Flatness,0.0
Fp2__emd2__Permutation_Entropy,0.0
Fp2__emd2__Renyi_Entropy,0.0
Fp2__emd2__Shannon_Entropy,0.0
Fp2__emd2__Q3,0.0
Fp2__emd2__Q2,0.0
Fp2__emd2__Kurtosis,0.0
Fp2__emd2__RMS,0.0
Fp2__emd2__Max,0.0
Fp1__emd6__RMS,0.0
Fp1__emd6__Max,0.0
Fp1__emd2__Spectral_Flatness,0.0
Fp1__emd6__Min,0.0
Fp1__emd4__Q1,0.0
Fp1__emd4__Peak,0.0
Fp1__emd4__Std,0.0
Fp1__emd4__Min,0.0
Fp1__emd3__Hjorth_Complexity,0.0
Fp1__emd3__Hjorth_Activity,0.0
Fp1__emd3__Higuchi_FD,0.0
Fp1__emd3__Permutation_Entropy,0.0
Fp1__emd3__Tsallis_Entropy,0.0
Fp1__emd3__Renyi_Entropy,0.0
Fp1__emd3__Shannon_Entropy,0.0
Fp1__emd3__Q3,0.0
Fp1__emd3__Q2,0.0
Fp1__emd3__IQR,0.0
Fp1__emd3__Skewness,0.0
Fp1__emd3__RMS,0.0
Fp1__emd3__Min,0.0
Fp1__emd3__Median,0.0
Fp1__emd2__Hjorth_Mobility,0.0
Fp1__emd2__Hjorth_Activity,0.0
Fp1__emd2__Hurst_Exponent,0.0
Fp1__emd2__Higuchi_FD,0.0
Fp1__emd2__Log_Entropy,0.0
Fp1__emd4__Q2,0.0
Fp1__emd4__Q3,0.0
Fp1__emd4__Shannon_Entropy,0.0
Fp1__emd5__Peak,0.0
Fp1__emd6__Mean,0.0
Fp1__emd5__Hjorth_Complexity,0.0
Fp1__emd5__Hjorth_Activity,0.0
Fp1__emd5__Hurst_Exponent,0.0
Fp1__emd5__Higuchi_FD,0.0
Fp1__emd5__Log_Entropy,0.0
Fp1__emd5__Tsallis_Entropy,0.0
Fp1__emd5__Q3,0.0
Fp1__emd5__Q2,0.0
Fp1__emd5__IQR,0.0
Fp1__emd5__Kurtosis,0.0
Fp1__emd4__Renyi_Entropy,0.0
Fp1__emd5__Skewness,0.0
Fp1__emd5__RMS,0.0
Fp1__emd5__Max,0.0
Fp1__emd5__Min,0.0
Fp1__emd5__Mean,0.0
Fp1__emd4__Hurst_Exponent,0.0
Fp1__emd4__Higuchi_FD,0.0
Fp1__emd4__Spectral_Flatness,0.0
Fp1__emd4__Permutation_Entropy,0.0
Fp1__emd4__Tsallis_Entropy,0.0
T8__original__Shannon_Entropy,0.0
T8__original__Q2,0.0
Fp2__emd3__Spectral_Flatness,0.0
F4__original__Min,0.0
C3__original__Q2,0.0
C3__original__Q1,0.0
C3__original__IQR,0.0
C3__original__Kurtosis,0.0
C3__original__Skewness,0.0
C3__original__RMS,0.0
C3__original__Std,0.0
C3__original__Max,0.0
C3__original__Min,0.0
C3__original__Median,0.0
C3__original__Mean,0.0
F4__original__Hjorth_Mobility,0.0
F4__original__Hjorth_Activity,0.0
F4__original__Higuchi_FD,0.0
F4__original__Log_Entropy,0.0
F4__original__Permutation_Entropy,0.0
F4__original__Tsallis_Entropy,0.0
F4__original__Q2,0.0
F4__original__IQR,0.0
F4__original__Peak,0.0
F4__original__Kurtosis,0.0
F4__original__Skewness,0.0
F4__original__Std,0.0
C3__original__Q3,0.0
C3__original__Shannon_Entropy,0.0
C3__original__Renyi_Entropy,0.0
C4__original__Hurst_Exponent,0.0
P3__original__Q3,0.0
P3__original__Q2,0.0
P3__original__Q1,0.0
P3__original__IQR,0.0
P3__original__Kurtosis,0.0
P3__original__RMS,0.0
P3__original__Std,0.0
P3__original__Min,0.0
P3__original__Mean,0.0
C4__original__Hjorth_Activity,0.0
C4__original__Higuchi_FD,0.0
C3__original__Log_Entropy,0.0
C4__original__Log_Entropy,0.0
C4__original__Tsallis_Entropy,0.0
C4__original__Renyi_Entropy,0.0
C4__original__Q3,0.0
C4__original__Q1,0.0
C4__original__RMS,0.0
C4__original__Median,0.0
C3__original__Hjorth_Complexity,0.0
C3__original__Hjorth_Activity,0.0
C3__original__Higuchi_FD,0.0
F4__original__Max,0.0
F4__original__Median,0.0
P3__original__Permutation_Entropy,0.0
F4__original__Mean,0.0
Fp2__original__Kurtosis,0.0
Fp2__original__Skewness,0.0
Fp2__original__RMS,0.0
Fp2__original__Std,0.0
Fp2__original__Max,0.0
Fp2__original__Min,0.0
Fp2__original__Mean,0.0
Fp1__original__Hjorth_Complexity,0.0
Fp1__original__Hjorth_Mobility,0.0
Fp1__original__Hjorth_Activity,0.0
Fp1__original__Hurst_Exponent,0.0
Fp1__original__Log_Entropy,0.0
Fp1__original__Permutation_Entropy,0.0
Fp1__original__Renyi_Entropy,0.0
Fp1__original__Shannon_Entropy,0.0
Fp1__original__Q2,0.0
Fp1__original__IQR,0.0
Fp1__original__Peak,0.0
Fp1__original__Skewness,0.0
Fp1__original__RMS,0.0
Fp1__original__Std,0.0
Fp1__original__Max,0.0
Fp1__original__Min,0.0
Fp2__original__Peak,0.0
Fp2__original__IQR,0.0
Fp2__original__Q2,0.0
F3__original__Peak,0.0
F3__original__Hjorth_Complexity,0.0
F3__original__Hjorth_Mobility,0.0
F3__original__Hjorth_Activity,0.0
F3__original__Log_Entropy,0.0
F3__original__Permutation_Entropy,0.0
F3__original__Renyi_Entropy,0.0
F3__original__Shannon_Entropy,0.0
F3__original__Q3,0.0
F3__original__Q2,0.0
F3__original__Q1,0.0
F3__original__Kurtosis,0.0
Fp2__original__Shannon_Entropy,0.0
F3__original__Skewness,0.0
F3__original__RMS,0.0
F3__original__Max,0.0
F3__original__Min,0.0
F3__original__Mean,0.0
Fp2__original__Hjorth_Mobility,0.0
Fp2__original__Higuchi_FD,0.0
Fp2__original__Permutation_Entropy,0.0
Fp2__original__Tsallis_Entropy,0.0
Fp2__original__Renyi_Entropy,0.0
P3__original__Tsallis_Entropy,0.0
P3__original__Higuchi_FD,0.0
T8__original__Q1,0.0
F7__original__Max,0.0
F8__original__Q3,0.0
F8__original__Q2,0.0
F8__original__Q1,0.0
F8__original__IQR,0.0
F8__original__Peak,0.0
F8__original__Kurtosis,0.0
F8__original__Skewness,0.0
F8__original__RMS,0.0
F8__original__Std,0.0
F8__original__Max,0.0
F7__original__Hjorth_Activity,0.0
F7__original__Log_Entropy,0.0
F7__original__Spectral_Flatness,0.0
F7__original__Permutation_Entropy,0.0
F7__original__Renyi_Entropy,0.0
F7__original__Shannon_Entropy,0.0
F7__original__Q3,0.0
F7__original__Q1,0.0
F7__original__IQR,0.0
F7__original__Peak,0.0
F7__original__Kurtosis,0.0
F7__original__Skewness,0.0
F7__original__RMS,0.0
F8__original__Shannon_Entropy,0.0
F8__original__Tsallis_Entropy,0.0
F8__original__Log_Entropy,0.0
T7__original__Renyi_Entropy,0.0
T8__original__IQR,0.0
T8__original__Skewness,0.0
T8__original__Max,0.0
T8__original__Min,0.0
T8__original__Median,0.0
T7__original__Hjorth_Complexity,0.0
T7__original__Hjorth_Activity,0.0
T7__original__Higuchi_FD,0.0
T7__original__Permutation_Entropy,0.0
T7__original__Tsallis_Entropy,0.0
T7__original__Shannon_Entropy,0.0
F8__original__Higuchi_FD,0.0
T7__original__Q3,0.0
T7__original__Q1,0.0
T7__original__IQR,0.0
T7__original__Peak,0.0
T7__original__Kurtosis,0.0
T7__original__RMS,0.0
T7__original__Max,0.0
T7__original__Min,0.0
F8__original__Hjorth_Complexity,0.0
F8__original__Hurst_Exponent,0.0
F7__original__Std,0.0
F7__original__Min,0.0
P3__original__Hjorth_Activity,0.0
O2__original__Hjorth_Activity,0.0
O1__original__RMS,0.0
O1__original__Std,0.0
O1__original__Max,0.0
O1__original__Min,0.0
O1__original__Median,0.0
O1__original__Mean,0.0
P4__original__Hjorth_Complexity,0.0
P4__original__Hjorth_Mobility,0.0
P4__original__Hurst_Exponent,0.0
P4__original__Log_Entropy,0.0
P4__original__Spectral_Flatness,0.0
P4__original__Permutation_Entropy,0.0
P4__original__Renyi_Entropy,0.0
P4__original__Shannon_Entropy,0.0
P4__original__Q3,0.0
P4__original__Q2,0.0
P4__original__Q1,0.0
P4__original__IQR,0.0
P4__original__Kurtosis,0.0
P4__original__Std,0.0
P4__original__Min,0.0
P3__original__Hjorth_Complexity,0.0
P3__original__Hjorth_Mobility,0.0
O1__original__Skewness,0.0
O1__original__Q1,0.0
O1__original__Q2,0.0
O2__original__Skewness,0.0
O2__original__Hurst_Exponent,0.0
O2__original__Log_Entropy,0.0
O2__original__Spectral_Flatness,0.0
O2__original__Permutation_Entropy,0.0
O2__original__Tsallis_Entropy,0.0
O2__original__Renyi_Entropy,0.0
O2__original__Shannon_Entropy,0.0
O2__original__Q3,0.0
O2__original__Peak,0.0
O2__original__Kurtosis,0.0
O2__original__RMS,0.0
O1__original__Q3,0.0
O2__original__Std,0.0
O2__original__Max,0.0
O2__original__Min,0.0
O2__original__Median,0.0
O2__original__Mean,0.0
O1__original__Hjorth_Mobility,0.0
O1__original__Hjorth_Activity,0.0
O1__original__Log_Entropy,0.0
O1__original__Permutation_Entropy,0.0
O1__original__Renyi_Entropy,0.0
Fp2__emd3__Tsallis_Entropy,0.0
Fp2__emd3__Higuchi_FD,0.0
C4__emd6__Permutation_Entropy,0.0
C3__emd3__IQR,0.0
C3__emd4__Higuchi_FD,0.0
C3__emd4__Log_Entropy,0.0
C3__emd4__Permutation_Entropy,0.0
C3__emd4__Tsallis_Entropy,0.0
C3__emd4__Shannon_Entropy,0.0
C3__emd4__Q3,0.0
C3__emd4__Q2,0.0
C3__emd4__Q1,0.0
C3__emd4__IQR,0.0
C3__emd4__Peak,0.0
C3__emd4__Skewness,0.0
C3__emd4__RMS,0.0
C3__emd4__Std,0.0
C3__emd4__Max,0.0
C3__emd4__Min,0.0
C3__emd3__Hjorth_Complexity,0.0
C3__emd3__Hjorth_Activity,0.0
C3__emd3__Hurst_Exponent,0.0
C3__emd3__Higuchi_FD,0.0
C3__emd3__Permutation_Entropy,0.0
C3__emd3__Tsallis_Entropy,0.0
C3__emd3__Renyi_Entropy,0.0
C3__emd3__Shannon_Entropy,0.0
C3__emd4__Hurst_Exponent,0.0
C3__emd4__Hjorth_Activity,0.0
C3__emd4__Hjorth_Complexity,0.0
C3__emd5__Spectral_Flatness,0.0
C3__emd6__Kurtosis,0.0
C3__emd6__Skewness,0.0
C3__emd6__RMS,0.0
C3__emd6__Std,0.0
C3__emd6__Max,0.0
C3__emd6__Median,0.0
C3__emd5__Hjorth_Mobility,0.0
C3__emd5__Hjorth_Activity,0.0
C3__emd5__Hurst_Exponent,0.0
C3__emd5__Higuchi_FD,0.0
C3__emd5__Permutation_Entropy,0.0
C3__emd5__Mean,0.0
C3__emd5__Tsallis_Entropy,0.0
C3__emd5__Renyi_Entropy,0.0
C3__emd5__Shannon_Entropy,0.0
C3__emd5__Q2,0.0
C3__emd5__Q1,0.0
C3__emd5__IQR,0.0
C3__emd5__Peak,0.0
C3__emd5__Skewness,0.0
C3__emd5__Std,0.0
C3__emd5__Max,0.0
C3__emd3__Q2,0.0
C3__emd3__Peak,0.0
C3__emd6__IQR,0.0
C3__emd3__RMS,0.0
C3__emd1__Kurtosis,0.0
C3__emd1__Skewness,0.0
C3__emd1__RMS,0.0
C3__emd1__Std,0.0
C3__emd1__Min,0.0
C3__emd1__Median,0.0
F4__emd6__Hjorth_Complexity,0.0
F4__emd6__Hjorth_Activity,0.0
F4__emd6__Hurst_Exponent,0.0
F4__emd6__Log_Entropy,0.0
F4__emd6__Spectral_Flatness,0.0
F4__emd6__Tsallis_Entropy,0.0
F4__emd6__Shannon_Entropy,0.0
F4__emd6__Q2,0.0
F4__emd6__Peak,0.0
F4__emd6__Kurtosis,0.0
F4__emd6__Skewness,0.0
F4__emd6__Std,0.0
F4__emd6__Max,0.0
F4__emd6__Min,0.0
F4__emd6__Median,0.0
F4__emd6__Mean,0.0
F4__emd5__Hjorth_Complexity,0.0
C3__emd1__Q2,0.0
C3__emd1__Shannon_Entropy,0.0
C3__emd1__Renyi_Entropy,0.0
C3__emd2__Permutation_Entropy,0.0
C3__emd3__Std,0.0
C3__emd3__Max,0.0
C3__emd3__Min,0.0
C3__emd3__Mean,0.0
C3__emd2__Hjorth_Complexity,0.0
C3__emd2__Hjorth_Mobility,0.0
C3__emd2__Hjorth_Activity,0.0
C3__emd2__Hurst_Exponent,0.0
C3__emd2__Higuchi_FD,0.0
C3__emd2__Spectral_Flatness,0.0
C3__emd2__Renyi_Entropy,0.0
C3__emd1__Tsallis_Entropy,0.0
C3__emd2__Shannon_Entropy,0.0
C3__emd2__Q2,0.0
C3__emd2__Q1,0.0
C3__emd2__Kurtosis,0.0
C3__emd2__Skewness,0.0
C3__emd2__Min,0.0
C3__emd2__Mean,0.0
C3__emd1__Hurst_Exponent,0.0
C3__emd1__Higuchi_FD,0.0
C3__emd1__Spectral_Flatness,0.0
C3__emd6__Peak,0.0
C3__emd6__Q1,0.0
F4__emd5__Spectral_Flatness,0.0
C4__emd3__Higuchi_FD,0.0
C4__emd5__Min,0.0
C4__emd5__Median,0.0
C4__emd5__Mean,0.0
C4__emd4__Hjorth_Mobility,0.0
C4__emd4__Hjorth_Activity,0.0
C4__emd4__Higuchi_FD,0.0
C4__emd4__Log_Entropy,0.0
C4__emd4__Permutation_Entropy,0.0
C4__emd4__Renyi_Entropy,0.0
C4__emd4__Shannon_Entropy,0.0
C4__emd4__Q3,0.0
C4__emd4__Q2,0.0
C4__emd4__Q1,0.0
C4__emd4__IQR,0.0
C4__emd4__Peak,0.0
C4__emd4__Kurtosis,0.0
C4__emd4__Skewness,0.0
C4__emd4__RMS,0.0
C4__emd4__Std,0.0
C4__emd4__Min,0.0
C4__emd4__Median,0.0
C4__emd3__Hjorth_Complexity,0.0
C4__emd3__Hjorth_Activity,0.0
C4__emd5__Std,0.0
C4__emd5__Skewness,0.0
C4__emd5__Kurtosis,0.0
C4__emd5__Hjorth_Mobility,0.0
C4__emd6__Renyi_Entropy,0.0
C4__emd6__Shannon_Entropy,0.0
C4__emd6__Q3,0.0
C4__emd6__Q2,0.0
C4__emd6__Q1,0.0
C4__emd6__IQR,0.0
C4__emd6__Peak,0.0
C4__emd6__Kurtosis,0.0
C4__emd6__Mean,0.0
C4__emd5__Hjorth_Complexity,0.0
C4__emd5__Hjorth_Activity,0.0
C4__emd5__Peak,0.0
C4__emd5__Higuchi_FD,0.0
C4__emd5__Log_Entropy,0.0
C4__emd5__Spectral_Flatness,0.0
C4__emd5__Permutation_Entropy,0.0
C4__emd5__Tsallis_Entropy,0.0
C4__emd5__Renyi_Entropy,0.0
C4__emd5__Q3,0.0
C4__emd5__Q2,0.0
C4__emd5__Q1,0.0
C4__emd5__IQR,0.0
C4__emd3__Hurst_Exponent,0.0
C4__emd3__Log_Entropy,0.0
C3__emd6__Q3,0.0
C4__emd3__Spectral_Flatness,0.0
C4__emd2__Mean,0.0
C4__emd1__Hjorth_Mobility,0.0
C4__emd1__Hjorth_Activity,0.0
C4__emd1__Hurst_Exponent,0.0
C4__emd1__Higuchi_FD,0.0
C4__emd1__Spectral_Flatness,0.0
C4__emd1__Renyi_Entropy,0.0
C4__emd1__Shannon_Entropy,0.0
C4__emd1__Q3,0.0
C4__emd1__Q2,0.0
C4__emd1__Q1,0.0
C4__emd1__IQR,0.0
C4__emd1__Peak,0.0
C4__emd1__Kurtosis,0.0
C4__emd1__Std,0.0
C4__emd1__Median,0.0
C4__emd1__Mean,0.0
C3__emd6__Higuchi_FD,0.0
C3__emd6__Spectral_Flatness,0.0
C3__emd6__Permutation_Entropy,0.0
C3__emd6__Tsallis_Entropy,0.0
C3__emd6__Renyi_Entropy,0.0
C3__emd6__Shannon_Entropy,0.0
C4__emd2__Min,0.0
C4__emd2__Max,0.0
C4__emd2__Std,0.0
C4__emd3__Median,0.0
C4__emd3__Permutation_Entropy,0.0
C4__emd3__Tsallis_Entropy,0.0
C4__emd3__Renyi_Entropy,0.0
C4__emd3__Shannon_Entropy,0.0
C4__emd3__Q3,0.0
C4__emd3__IQR,0.0
C4__emd3__Kurtosis,0.0
C4__emd3__Skewness,0.0
C4__emd3__RMS,0.0
C4__emd3__Min,0.0
C4__emd3__Mean,0.0
C4__emd2__RMS,0.0
C4__emd2__Hjorth_Activity,0.0
C4__emd2__Hurst_Exponent,0.0
C4__emd2__Spectral_Flatness,0.0
C4__emd2__Permutation_Entropy,0.0
C4__emd2__Tsallis_Entropy,0.0
C4__emd2__Renyi_Entropy,0.0
C4__emd2__Shannon_Entropy,0.0
C4__emd2__Q3,0.0
C4__emd2__Q2,0.0
C4__emd2__Skewness,0.0
F4__emd5__Log_Entropy,0.0
F4__emd5__Permutation_Entropy,0.0
Fp2__emd3__Hurst_Exponent,0.0
Fp2__emd6__Hjorth_Mobility,0.0
F3__emd2__Shannon_Entropy,0.0
F3__emd2__Q2,0.0
F3__emd2__Q1,0.0
F3__emd2__Kurtosis,0.0
F3__emd2__Skewness,0.0
F3__emd2__RMS,0.0
F3__emd2__Max,0.0
F3__emd2__Min,0.0
F3__emd1__Hjorth_Complexity,0.0
F3__emd1__Hjorth_Mobility,0.0
F3__emd1__Hjorth_Activity,0.0
F3__emd1__Hurst_Exponent,0.0
F3__emd1__Higuchi_FD,0.0
F3__emd1__Spectral_Flatness,0.0
F3__emd1__Tsallis_Entropy,0.0
F3__emd1__Renyi_Entropy,0.0
F3__emd1__Shannon_Entropy,0.0
F3__emd1__Q2,0.0
F3__emd1__IQR,0.0
F3__emd1__Peak,0.0
F3__emd1__Kurtosis,0.0
F3__emd1__Skewness,0.0
F3__emd1__Std,0.0
F3__emd2__Renyi_Entropy,0.0
F3__emd2__Tsallis_Entropy,0.0
F3__emd2__Log_Entropy,0.0
F3__emd3__Log_Entropy,0.0
F3__emd4__IQR,0.0
F3__emd4__Peak,0.0
F3__emd4__Kurtosis,0.0
F3__emd4__RMS,0.0
F3__emd4__Std,0.0
F3__emd4__Min,0.0
F3__emd4__Median,0.0
F3__emd4__Mean,0.0
F3__emd3__Hjorth_Mobility,0.0
F3__emd3__Hjorth_Activity,0.0
F3__emd3__Permutation_Entropy,0.0
F3__emd2__Hurst_Exponent,0.0
F3__emd3__Shannon_Entropy,0.0
F3__emd3__Peak,0.0
F3__emd3__Kurtosis,0.0
F3__emd3__Skewness,0.0
F3__emd3__Std,0.0
F3__emd3__Min,0.0
F3__emd3__Median,0.0
F3__emd3__Mean,0.0
F3__emd2__Hjorth_Mobility,0.0
F3__emd2__Hjorth_Activity,0.0
F3__emd1__Min,0.0
Fp2__emd6__Hjorth_Activity,0.0
F3__emd4__Q2,0.0
Fp2__emd6__Hurst_Exponent,0.0
Fp2__emd5__Kurtosis,0.0
Fp2__emd5__Skewness,0.0
Fp2__emd5__RMS,0.0
Fp2__emd5__Std,0.0
Fp2__emd5__Max,0.0
Fp2__emd5__Min,0.0
Fp2__emd5__Mean,0.0
Fp2__emd4__Hjorth_Mobility,0.0
Fp2__emd4__Higuchi_FD,0.0
Fp2__emd4__Spectral_Flatness,0.0
Fp2__emd4__Permutation_Entropy,0.0
Fp2__emd4__Renyi_Entropy,0.0
Fp2__emd4__Q2,0.0
Fp2__emd4__IQR,0.0
Fp2__emd4__Peak,0.0
Fp2__emd4__Kurtosis,0.0
Fp2__emd4__RMS,0.0
Fp2__emd4__Std,0.0
Fp2__emd4__Max,0.0
Fp2__emd4__Min,0.0
Fp2__emd4__Mean,0.0
Fp2__emd3__Hjorth_Mobility,0.0
Fp2__emd3__Hjorth_Activity,0.0
Fp2__emd5__Peak,0.0
Fp2__emd5__IQR,0.0
Fp2__emd5__Q1,0.0
Fp2__emd6__RMS,0.0
Fp2__emd6__Permutation_Entropy,0.0
Fp2__emd6__Tsallis_Entropy,0.0
Fp2__emd6__Renyi_Entropy,0.0
Fp2__emd6__Shannon_Entropy,0.0
Fp2__emd6__Q3,0.0
Fp2__emd6__Q2,0.0
Fp2__emd6__Q1,0.0
Fp2__emd6__IQR,0.0
Fp2__emd6__Kurtosis,0.0
Fp2__emd6__Skewness,0.0
Fp2__emd6__Std,0.0
Fp2__emd5__Q3,0.0
Fp2__emd6__Max,0.0
Fp2__emd6__Min,0.0
Fp2__emd6__Median,0.0
Fp2__emd6__Mean,0.0
Fp2__emd5__Hjorth_Activity,0.0
Fp2__emd5__Higuchi_FD,0.0
Fp2__emd5__Spectral_Flatness,0.0
Fp2__emd5__Tsallis_Entropy,0.0
Fp2__emd5__Renyi_Entropy,0.0
Fp2__emd5__Shannon_Entropy,0.0
F3__emd4__Q1,0.0
F3__emd4__Shannon_Entropy,0.0
F4__emd5__Tsallis_Entropy,0.0
F4__emd2__Kurtosis,0.0
F4__emd4__Median,0.0
F4__emd3__Hjorth_Complexity,0.0
F4__emd3__Hjorth_Mobility,0.0
F4__emd3__Hjorth_Activity,0.0
F4__emd3__Higuchi_FD,0.0
F4__emd3__Tsallis_Entropy,0.0
F4__emd3__Renyi_Entropy,0.0
F4__emd3__Shannon_Entropy,0.0
F4__emd3__Q3,0.0
F4__emd3__Q1,0.0
F4__emd3__Peak,0.0
F4__emd3__Kurtosis,0.0
F4__emd3__RMS,0.0
F4__emd3__Std,0.0
F4__emd3__Max,0.0
F4__emd2__Hjorth_Complexity,0.0
F4__emd2__Hjorth_Activity,0.0
F4__emd2__Hurst_Exponent,0.0
F4__emd2__Spectral_Flatness,0.0
F4__emd2__Renyi_Entropy,0.0
F4__emd2__Shannon_Entropy,0.0
F4__emd2__Q3,0.0
F4__emd2__Q2,0.0
F4__emd4__Min,0.0
F4__emd4__Max,0.0
F4__emd4__Std,0.0
F4__emd4__Hurst_Exponent,0.0
F4__emd5__Renyi_Entropy,0.0
F4__emd5__Shannon_Entropy,0.0
F4__emd5__Q3,0.0
F4__emd5__Q1,0.0
F4__emd5__IQR,0.0
F4__emd5__RMS,0.0
F4__emd5__Median,0.0
F4__emd4__Hjorth_Complexity,0.0
F4__emd4__Hjorth_Mobility,0.0
F4__emd4__Hjorth_Activity,0.0
F4__emd4__Higuchi_FD,0.0
F4__emd4__RMS,0.0
F4__emd4__Log_Entropy,0.0
F4__emd4__Spectral_Flatness,0.0
F4__emd4__Permutation_Entropy,0.0
F4__emd4__Tsallis_Entropy,0.0
F4__emd4__Renyi_Entropy,0.0
F4__emd4__Shannon_Entropy,0.0
F4__emd4__Q3,0.0
F4__emd4__Q1,0.0
F4__emd4__IQR,0.0
F4__emd4__Skewness,0.0
F4__emd2__Peak,0.0
F4__emd2__Std,0.0
F3__emd4__Renyi_Entropy,0.0
F4__emd2__Max,0.0
F3__emd6__Kurtosis,0.0
F3__emd6__Std,0.0
F3__emd6__Max,0.0
F3__emd6__Min,0.0
F3__emd6__Median,0.0
F3__emd6__Mean,0.0
F3__emd5__Hjorth_Complexity,0.0
F3__emd5__Hjorth_Mobility,0.0
F3__emd5__Hurst_Exponent,0.0
F3__emd5__Log_Entropy,0.0
F3__emd5__Spectral_Flatness,0.0
F3__emd5__Permutation_Entropy,0.0
F3__emd5__IQR,0.0
F3__emd5__Peak,0.0
F3__emd5__Kurtosis,0.0
F3__emd5__Skewness,0.0
F3__emd5__Std,0.0
F3__emd5__Max,0.0
F3__emd5__Min,0.0
F3__emd5__Mean,0.0
F3__emd4__Hjorth_Mobility,0.0
F3__emd4__Permutation_Entropy,0.0
F3__emd4__Tsallis_Entropy,0.0
F3__emd6__Q1,0.0
F3__emd6__Q2,0.0
F3__emd6__Q3,0.0
F4__emd1__Renyi_Entropy,0.0
F4__emd2__Median,0.0
F4__emd2__Mean,0.0
F4__emd1__Hjorth_Complexity,0.0
F4__emd1__Hjorth_Mobility,0.0
F4__emd1__Hjorth_Activity,0.0
F4__emd1__Hurst_Exponent,0.0
F4__emd1__Higuchi_FD,0.0
F4__emd1__Spectral_Flatness,0.0
F4__emd1__Permutation_Entropy,0.0
F4__emd1__Tsallis_Entropy,0.0
F4__emd1__Shannon_Entropy,0.0
F3__emd6__Tsallis_Entropy,0.0
F4__emd1__Q2,0.0
F4__emd1__Peak,0.0
F4__emd1__Kurtosis,0.0
F4__emd1__Max,0.0
F4__emd1__Min,0.0
F4__emd1__Mean,0.0
F3__emd6__Hjorth_Complexity,0.0
F3__emd6__Log_Entropy,0.0
F3__emd6__Spectral_Flatness,0.0
F3__emd6__Permutation_Entropy,0.0
P8__emd1__Shannon_Entropy,0.0
P8__emd1__Renyi_Entropy,0.0
P8__emd1__Tsallis_Entropy,0.0
O1__ewt1__Q1,0.0
O1__ewt2__Log_Entropy,0.0
O1__ewt2__Spectral_Flatness,0.0
O1__ewt2__Permutation_Entropy,0.0
O1__ewt2__Tsallis_Entropy,0.0
O1__ewt2__Q3,0.0
O1__ewt2__Q2,0.0
O1__ewt2__Q1,0.0
O1__ewt2__IQR,0.0
O1__ewt2__Peak,0.0
O1__ewt2__Skewness,0.0
O1__ewt2__RMS,0.0
O1__ewt2__Max,0.0
O1__ewt2__Min,0.0
O1__ewt2__Median,0.0
O1__ewt2__Mean,0.0
O1__ewt1__Hjorth_Complexity,0.0
O1__ewt1__Hjorth_Mobility,0.0
O1__ewt1__Hjorth_Activity,0.0
O1__ewt1__Hurst_Exponent,0.0
O1__ewt1__Higuchi_FD,0.0
O1__ewt1__Log_Entropy,0.0
O1__ewt1__Permutation_Entropy,0.0
O1__ewt1__Renyi_Entropy,0.0
O1__ewt2__Hjorth_Activity,0.0
O1__ewt2__Hjorth_Mobility,0.0
O1__ewt2__Hjorth_Complexity,0.0
O1__ewt3__Tsallis_Entropy,0.0
O1__ewt4__Kurtosis,0.0
O1__ewt4__Std,0.0
O1__ewt4__Max,0.0
O1__ewt4__Min,0.0
O1__ewt4__Mean,0.0
O1__ewt3__Hjorth_Complexity,0.0
O1__ewt3__Hurst_Exponent,0.0
O1__ewt3__Higuchi_FD,0.0
O1__ewt3__Log_Entropy,0.0
O1__ewt3__Permutation_Entropy,0.0
O1__ewt3__Shannon_Entropy,0.0
O1__ewt3__Mean,0.0
O1__ewt3__Q3,0.0
O1__ewt3__Q2,0.0
O1__ewt3__Q1,0.0
O1__ewt3__IQR,0.0
O1__ewt3__Peak,0.0
O1__ewt3__Kurtosis,0.0
O1__ewt3__Std,0.0
O1__ewt3__Max,0.0
O1__ewt3__Min,0.0
O1__ewt3__Median,0.0
O1__ewt1__Q3,0.0
O1__ewt1__IQR,0.0
O1__ewt4__IQR,0.0
O1__ewt1__Skewness,0.0
P4__ewt5__Q2,0.0
P4__ewt5__Q1,0.0
P4__ewt5__RMS,0.0
P4__ewt5__Median,0.0
P4__ewt5__Mean,0.0
P4__ewt4__Hjorth_Mobility,0.0
P4__ewt4__Spectral_Flatness,0.0
P4__ewt4__Permutation_Entropy,0.0
P4__ewt4__Tsallis_Entropy,0.0
P4__ewt4__Renyi_Entropy,0.0
P4__ewt4__Shannon_Entropy,0.0
P4__ewt4__Q3,0.0
P4__ewt4__IQR,0.0
P4__ewt4__Peak,0.0
P4__ewt4__Kurtosis,0.0
P4__ewt4__Skewness,0.0
P4__ewt4__RMS,0.0
P4__ewt4__Std,0.0
P4__ewt4__Mean,0.0
P4__ewt3__Hjorth_Complexity,0.0
P4__ewt3__Hjorth_Mobility,0.0
P4__ewt3__Hjorth_Activity,0.0
P4__ewt3__Hurst_Exponent,0.0
P4__ewt5__Permutation_Entropy,0.0
P4__ewt5__Log_Entropy,0.0
P4__ewt5__Higuchi_FD,0.0
P4__ewt6__Tsallis_Entropy,0.0
O1__ewt1__Std,0.0
O1__ewt1__Max,0.0
O1__ewt1__Median,0.0
O1__ewt1__Mean,0.0
P4__ewt6__Hjorth_Complexity,0.0
P4__ewt6__Hjorth_Mobility,0.0
P4__ewt6__Hjorth_Activity,0.0
P4__ewt6__Hurst_Exponent,0.0
P4__ewt6__Higuchi_FD,0.0
P4__ewt6__Log_Entropy,0.0
P4__ewt6__Renyi_Entropy,0.0
P4__ewt5__Hjorth_Activity,0.0
P4__ewt6__Shannon_Entropy,0.0
Fp1__original__Median,0.0
P4__ewt6__Q2,0.0
P4__ewt6__Q1,0.0
P4__ewt6__IQR,0.0
P4__ewt6__Peak,0.0
P4__ewt6__Skewness,0.0
P4__ewt6__Max,0.0
P4__ewt6__Min,0.0
P4__ewt5__Hjorth_Mobility,0.0
O1__ewt4__Peak,0.0
O1__ewt4__Q1,0.0
P4__ewt3__Spectral_Flatness,0.0
O2__ewt2__Mean,0.0
O2__ewt3__Tsallis_Entropy,0.0
O2__ewt3__Renyi_Entropy,0.0
O2__ewt3__Shannon_Entropy,0.0
O2__ewt3__Q3,0.0
O2__ewt3__Q2,0.0
O2__ewt3__Peak,0.0
O2__ewt3__Kurtosis,0.0
O2__ewt3__Skewness,0.0
O2__ewt3__RMS,0.0
O2__ewt3__Std,0.0
O2__ewt3__Median,0.0
O2__ewt2__Hjorth_Complexity,0.0
O2__ewt2__Hjorth_Mobility,0.0
O2__ewt2__Hjorth_Activity,0.0
O2__ewt2__Hurst_Exponent,0.0
O2__ewt2__Spectral_Flatness,0.0
O2__ewt2__Tsallis_Entropy,0.0
O2__ewt2__Q1,0.0
O2__ewt2__Kurtosis,0.0
O2__ewt2__Skewness,0.0
O2__ewt2__RMS,0.0
O2__ewt2__Max,0.0
O2__ewt2__Min,0.0
O2__ewt3__Spectral_Flatness,0.0
O2__ewt3__Log_Entropy,0.0
O2__ewt3__Higuchi_FD,0.0
O2__ewt4__Permutation_Entropy,0.0
O2__ewt5__Std,0.0
O2__ewt5__Max,0.0
O2__ewt5__Median,0.0
O2__ewt5__Mean,0.0
O2__ewt4__Hjorth_Complexity,0.0
O2__ewt4__Hjorth_Mobility,0.0
O2__ewt4__Hjorth_Activity,0.0
O2__ewt4__Hurst_Exponent,0.0
O2__ewt4__Higuchi_FD,0.0
O2__ewt4__Log_Entropy,0.0
O2__ewt4__Tsallis_Entropy,0.0
O2__ewt3__Hjorth_Activity,0.0
O2__ewt4__Q2,0.0
O2__ewt4__Q1,0.0
O2__ewt4__IQR,0.0
O2__ewt4__Skewness,0.0
O2__ewt4__RMS,0.0
O2__ewt4__Max,0.0
O2__ewt4__Min,0.0
O2__ewt4__Median,0.0
O2__ewt4__Mean,0.0
O2__ewt3__Hjorth_Mobility,0.0
O2__ewt2__Median,0.0
O2__ewt1__Hjorth_Complexity,0.0
O1__ewt4__Q2,0.0
O2__ewt1__Hjorth_Mobility,0.0
O1__ewt6__Max,0.0
O1__ewt6__Median,0.0
O1__ewt6__Mean,0.0
O1__ewt5__Hurst_Exponent,0.0
O1__ewt5__Log_Entropy,0.0
O1__ewt5__Spectral_Flatness,0.0
O1__ewt5__Renyi_Entropy,0.0
O1__ewt5__Shannon_Entropy,0.0
O1__ewt5__Q1,0.0
O1__ewt5__IQR,0.0
O1__ewt5__Peak,0.0
O1__ewt5__Skewness,0.0
O1__ewt5__RMS,0.0
O1__ewt5__Median,0.0
O1__ewt5__Mean,0.0
O1__ewt4__Hjorth_Mobility,0.0
O1__ewt4__Hjorth_Activity,0.0
O1__ewt4__Hurst_Exponent,0.0
O1__ewt4__Higuchi_FD,0.0
O1__ewt4__Log_Entropy,0.0
O1__ewt4__Spectral_Flatness,0.0
O1__ewt4__Tsallis_Entropy,0.0
O1__ewt4__Q3,0.0
O1__ewt6__Std,0.0
O1__ewt6__RMS,0.0
O1__ewt6__Kurtosis,0.0
O2__ewt1__Peak,0.0
O2__ewt1__Hjorth_Activity,0.0
O2__ewt1__Higuchi_FD,0.0
O2__ewt1__Log_Entropy,0.0
O2__ewt1__Spectral_Flatness,0.0
O2__ewt1__Tsallis_Entropy,0.0
O2__ewt1__Renyi_Entropy,0.0
O2__ewt1__Shannon_Entropy,0.0
O2__ewt1__Q3,0.0
O2__ewt1__Q1,0.0
O2__ewt1__IQR,0.0
O2__ewt1__Kurtosis,0.0
O1__ewt6__Q3,0.0
O2__ewt1__RMS,0.0
O2__ewt1__Max,0.0
O2__ewt1__Min,0.0
O2__ewt1__Mean,0.0
O1__ewt6__Hjorth_Complexity,0.0
O1__ewt6__Hjorth_Activity,0.0
O1__ewt6__Log_Entropy,0.0
O1__ewt6__Tsallis_Entropy,0.0
O1__ewt6__Renyi_Entropy,0.0
O1__ewt6__Shannon_Entropy,0.0
P4__ewt3__Higuchi_FD,0.0
P4__ewt3__Permutation_Entropy,0.0
O2__ewt5__Kurtosis,0.0
C4__ewt6__IQR,0.0
P3__ewt2__Median,0.0
P3__ewt2__Mean,0.0
P3__ewt1__Hjorth_Activity,0.0
P3__ewt1__Higuchi_FD,0.0
P3__ewt1__Log_Entropy,0.0
P3__ewt1__Permutation_Entropy,0.0
P3__ewt1__Shannon_Entropy,0.0
P3__ewt1__Q3,0.0
P3__ewt1__Q1,0.0
P3__ewt1__RMS,0.0
P3__ewt1__Std,0.0
P3__ewt1__Min,0.0
C4__ewt6__Hjorth_Complexity,0.0
C4__ewt6__Hjorth_Activity,0.0
C4__ewt6__Hurst_Exponent,0.0
C4__ewt6__Higuchi_FD,0.0
C4__ewt6__Log_Entropy,0.0
C4__ewt6__Permutation_Entropy,0.0
C4__ewt6__Tsallis_Entropy,0.0
C4__ewt6__Renyi_Entropy,0.0
C4__ewt6__Shannon_Entropy,0.0
C4__ewt6__Q3,0.0
C4__ewt6__Q2,0.0
P3__ewt2__Min,0.0
P3__ewt2__Max,0.0
P3__ewt2__Std,0.0
P3__ewt2__Hjorth_Mobility,0.0
P3__ewt3__Q3,0.0
P3__ewt3__Q1,0.0
P3__ewt3__Peak,0.0
P3__ewt3__Kurtosis,0.0
P3__ewt3__Skewness,0.0
P3__ewt3__RMS,0.0
P3__ewt3__Std,0.0
P3__ewt3__Max,0.0
P3__ewt3__Min,0.0
P3__ewt3__Median,0.0
P3__ewt2__Hjorth_Activity,0.0
P3__ewt2__RMS,0.0
P3__ewt2__Higuchi_FD,0.0
P3__ewt2__Log_Entropy,0.0
P3__ewt2__Spectral_Flatness,0.0
P3__ewt2__Tsallis_Entropy,0.0
P3__ewt2__Renyi_Entropy,0.0
P3__ewt2__Shannon_Entropy,0.0
P3__ewt2__Q3,0.0
P3__ewt2__Q1,0.0
P3__ewt2__IQR,0.0
P3__ewt2__Skewness,0.0
C4__ewt6__Q1,0.0
C4__ewt6__Peak,0.0
P3__ewt3__Renyi_Entropy,0.0
C4__ewt6__Kurtosis,0.0
C4__ewt4__Permutation_Entropy,0.0
C4__ewt4__Tsallis_Entropy,0.0
C4__ewt4__Renyi_Entropy,0.0
C4__ewt4__Shannon_Entropy,0.0
C4__ewt4__Q3,0.0
C4__ewt4__IQR,0.0
C4__ewt4__Kurtosis,0.0
C4__ewt4__Skewness,0.0
C4__ewt4__RMS,0.0
C4__ewt4__Std,0.0
C4__ewt4__Max,0.0
C4__ewt4__Mean,0.0
C4__ewt3__Hjorth_Activity,0.0
C4__ewt3__Log_Entropy,0.0
C4__ewt3__Permutation_Entropy,0.0
C4__ewt3__Q3,0.0
C4__ewt3__Peak,0.0
C4__ewt3__Kurtosis,0.0
C4__ewt3__Skewness,0.0
C4__ewt3__RMS,0.0
C4__ewt3__Max,0.0
C4__ewt2__Hjorth_Activity,0.0
C4__ewt2__Hurst_Exponent,0.0
C4__ewt4__Higuchi_FD,0.0
C4__ewt4__Hurst_Exponent,0.0
C4__ewt4__Hjorth_Activity,0.0
C4__ewt5__Renyi_Entropy,0.0
C4__ewt6__Skewness,0.0
C4__ewt6__Max,0.0
C4__ewt6__Min,0.0
C4__ewt6__Median,0.0
C4__ewt5__Hjorth_Mobility,0.0
C4__ewt5__Hjorth_Activity,0.0
C4__ewt5__Higuchi_FD,0.0
C4__ewt5__Log_Entropy,0.0
C4__ewt5__Spectral_Flatness,0.0
C4__ewt5__Permutation_Entropy,0.0
C4__ewt5__Shannon_Entropy,0.0
C4__ewt4__Hjorth_Mobility,0.0
C4__ewt5__Q1,0.0
C4__ewt5__IQR,0.0
C4__ewt5__Peak,0.0
C4__ewt5__Kurtosis,0.0
C4__ewt5__Skewness,0.0
C4__ewt5__RMS,0.0
C4__ewt5__Std,0.0
C4__ewt5__Max,0.0
C4__ewt5__Min,0.0
C4__ewt4__Hjorth_Complexity,0.0
P3__ewt3__Shannon_Entropy,0.0
P3__ewt3__Tsallis_Entropy,0.0
P4__ewt3__Tsallis_Entropy,0.0
P3__ewt6__Log_Entropy,0.0
P4__ewt2__Std,0.0
P4__ewt2__Max,0.0
P4__ewt2__Min,0.0
P4__ewt1__Hjorth_Complexity,0.0
P4__ewt1__Hjorth_Mobility,0.0
P4__ewt1__Hjorth_Activity,0.0
P4__ewt1__Log_Entropy,0.0
P4__ewt1__Spectral_Flatness,0.0
P4__ewt1__Permutation_Entropy,0.0
P4__ewt1__Tsallis_Entropy,0.0
P4__ewt1__Renyi_Entropy,0.0
P4__ewt1__Q3,0.0
P4__ewt1__Q1,0.0
P4__ewt1__Peak,0.0
P4__ewt1__Kurtosis,0.0
P4__ewt1__RMS,0.0
P4__ewt1__Std,0.0
P4__ewt1__Max,0.0
P4__ewt1__Min,0.0
P4__ewt1__Mean,0.0
P3__ewt6__Hjorth_Complexity,0.0
P3__ewt6__Hjorth_Mobility,0.0
P3__ewt6__Hurst_Exponent,0.0
P4__ewt2__Skewness,0.0
P4__ewt2__Kurtosis,0.0
P4__ewt2__Peak,0.0
P4__ewt3__Mean,0.0
P4__ewt3__Q3,0.0
P4__ewt3__Q1,0.0
P4__ewt3__IQR,0.0
P4__ewt3__Peak,0.0
P4__ewt3__Kurtosis,0.0
P4__ewt3__Skewness,0.0
P4__ewt3__RMS,0.0
P4__ewt3__Max,0.0
P4__ewt3__Min,0.0
P4__ewt3__Median,0.0
P4__ewt2__Hjorth_Complexity,0.0
P4__ewt2__Q2,0.0
P4__ewt2__Hjorth_Mobility,0.0
P4__ewt2__Hjorth_Activity,0.0
P4__ewt2__Higuchi_FD,0.0
P4__ewt2__Log_Entropy,0.0
P4__ewt2__Spectral_Flatness,0.0
P4__ewt2__Permutation_Entropy,0.0
P4__ewt2__Tsallis_Entropy,0.0
P4__ewt2__Renyi_Entropy,0.0
P4__ewt2__Shannon_Entropy,0.0
P4__ewt2__Q3,0.0
P3__ewt6__Higuchi_FD,0.0
P3__ewt6__Spectral_Flatness,0.0
P3__ewt3__Permutation_Entropy,0.0
P3__ewt6__Permutation_Entropy,0.0
P3__ewt5__Max,0.0
P3__ewt4__Hjorth_Complexity,0.0
P3__ewt4__Hjorth_Mobility,0.0
P3__ewt4__Hjorth_Activity,0.0
P3__ewt4__Hurst_Exponent,0.0
P3__ewt4__Higuchi_FD,0.0
P3__ewt4__Log_Entropy,0.0
P3__ewt4__Spectral_Flatness,0.0
P3__ewt4__Permutation_Entropy,0.0
P3__ewt4__Tsallis_Entropy,0.0
P3__ewt4__Q2,0.0
P3__ewt4__Q1,0.0
P3__ewt4__IQR,0.0
P3__ewt4__Peak,0.0
P3__ewt4__Kurtosis,0.0
P3__ewt4__Std,0.0
P3__ewt4__Max,0.0
P3__ewt4__Median,0.0
P3__ewt3__Hjorth_Complexity,0.0
P3__ewt3__Hjorth_Mobility,0.0
P3__ewt3__Hjorth_Activity,0.0
P3__ewt3__Higuchi_FD,0.0
P3__ewt3__Log_Entropy,0.0
P3__ewt5__Std,0.0
P3__ewt5__Skewness,0.0
P3__ewt5__Kurtosis,0.0
P3__ewt6__Mean,0.0
P3__ewt6__Renyi_Entropy,0.0
P3__ewt6__Shannon_Entropy,0.0
P3__ewt6__Q3,0.0
P3__ewt6__Q2,0.0
P3__ewt6__Q1,0.0
P3__ewt6__IQR,0.0
P3__ewt6__Skewness,0.0
P3__ewt6__Std,0.0
P3__ewt6__Max,0.0
P3__ewt6__Median,0.0
P3__ewt5__Hjorth_Mobility,0.0
P3__ewt5__Peak,0.0
P3__ewt5__Hjorth_Activity,0.0
P3__ewt5__Higuchi_FD,0.0
P3__ewt5__Log_Entropy,0.0
P3__ewt5__Spectral_Flatness,0.0
P3__ewt5__Permutation_Entropy,0.0
P3__ewt5__Tsallis_Entropy,0.0
P3__ewt5__Shannon_Entropy,0.0
P3__ewt5__Q3,0.0
P3__ewt5__Q1,0.0
P3__ewt5__IQR,0.0
O2__ewt5__Skewness,0.0
O2__ewt5__Peak,0.0
C4__ewt2__Log_Entropy,0.0
T7__ewt5__RMS,0.0
T7__ewt6__Hjorth_Activity,0.0
T7__ewt6__Higuchi_FD,0.0
T7__ewt6__Log_Entropy,0.0
T7__ewt6__Permutation_Entropy,0.0
T7__ewt6__Tsallis_Entropy,0.0
T7__ewt6__Renyi_Entropy,0.0
T7__ewt6__Shannon_Entropy,0.0
T7__ewt6__Q3,0.0
T7__ewt6__Q2,0.0
T7__ewt6__Q1,0.0
T7__ewt6__Kurtosis,0.0
T7__ewt6__Skewness,0.0
T7__ewt6__RMS,0.0
T7__ewt6__Std,0.0
T7__ewt6__Median,0.0
T7__ewt6__Mean,0.0
T7__ewt5__Higuchi_FD,0.0
T7__ewt5__Log_Entropy,0.0
T7__ewt5__Spectral_Flatness,0.0
T7__ewt5__Permutation_Entropy,0.0
T7__ewt5__Tsallis_Entropy,0.0
T7__ewt5__Peak,0.0
T7__ewt5__Kurtosis,0.0
T7__ewt6__Hjorth_Mobility,0.0
T8__ewt1__Mean,0.0
T8__ewt1__Min,0.0
T8__ewt1__Log_Entropy,0.0
T8__ewt2__Q3,0.0
T8__ewt2__IQR,0.0
T8__ewt2__Kurtosis,0.0
T8__ewt2__Skewness,0.0
T8__ewt2__Max,0.0
T8__ewt2__Median,0.0
T8__ewt2__Mean,0.0
T8__ewt1__Hjorth_Complexity,0.0
T8__ewt1__Hjorth_Activity,0.0
T8__ewt1__Hurst_Exponent,0.0
T8__ewt1__Permutation_Entropy,0.0
T8__ewt1__Max,0.0
T8__ewt1__Renyi_Entropy,0.0
T8__ewt1__Shannon_Entropy,0.0
T8__ewt1__Q3,0.0
T8__ewt1__Q2,0.0
T8__ewt1__Q1,0.0
T8__ewt1__IQR,0.0
T8__ewt1__Peak,0.0
T8__ewt1__Kurtosis,0.0
T8__ewt1__Skewness,0.0
T8__ewt1__Std,0.0
T7__ewt5__Skewness,0.0
T7__ewt5__Std,0.0
T8__ewt2__Spectral_Flatness,0.0
T7__ewt5__Median,0.0
T7__ewt3__RMS,0.0
T7__ewt3__Std,0.0
T7__ewt3__Median,0.0
T7__ewt3__Mean,0.0
T7__ewt2__Hjorth_Complexity,0.0
T7__ewt2__Hjorth_Mobility,0.0
T7__ewt2__Hurst_Exponent,0.0
T7__ewt2__Higuchi_FD,0.0
T7__ewt2__Log_Entropy,0.0
T7__ewt2__Spectral_Flatness,0.0
T7__ewt2__Permutation_Entropy,0.0
T7__ewt2__Tsallis_Entropy,0.0
T7__ewt2__Renyi_Entropy,0.0
T7__ewt2__Shannon_Entropy,0.0
T7__ewt2__Q3,0.0
T7__ewt2__IQR,0.0
T7__ewt2__Skewness,0.0
T7__ewt2__Std,0.0
T7__ewt2__Max,0.0
T7__ewt2__Min,0.0
T7__ewt2__Median,0.0
T7__ewt1__Hjorth_Complexity,0.0
T7__ewt1__Hjorth_Mobility,0.0
T7__ewt3__Skewness,0.0
T7__ewt3__Q2,0.0
T7__ewt3__Shannon_Entropy,0.0
T7__ewt4__Q1,0.0
T7__ewt5__Mean,0.0
T7__ewt4__Hjorth_Complexity,0.0
T7__ewt4__Hjorth_Activity,0.0
T7__ewt4__Hurst_Exponent,0.0
T7__ewt4__Higuchi_FD,0.0
T7__ewt4__Log_Entropy,0.0
T7__ewt4__Permutation_Entropy,0.0
T7__ewt4__Renyi_Entropy,0.0
T7__ewt4__Q3,0.0
T7__ewt4__Q2,0.0
T7__ewt4__Peak,0.0
T7__ewt3__Renyi_Entropy,0.0
T7__ewt4__Kurtosis,0.0
T7__ewt4__Skewness,0.0
T7__ewt4__RMS,0.0
T7__ewt4__Std,0.0
T7__ewt4__Min,0.0
T7__ewt4__Mean,0.0
T7__ewt3__Hjorth_Mobility,0.0
T7__ewt3__Hurst_Exponent,0.0
T7__ewt3__Higuchi_FD,0.0
T7__ewt3__Tsallis_Entropy,0.0
T8__ewt2__Renyi_Entropy,0.0
T8__ewt2__Log_Entropy,0.0
T7__ewt1__Higuchi_FD,0.0
T8__ewt6__Median,0.0
P7__ewt1__Shannon_Entropy,0.0
P7__ewt1__Q3,0.0
P7__ewt1__Q1,0.0
P7__ewt1__Peak,0.0
P7__ewt1__Skewness,0.0
P7__ewt1__RMS,0.0
P7__ewt1__Std,0.0
P7__ewt1__Median,0.0
P7__ewt1__Mean,0.0
T8__ewt6__Hjorth_Complexity,0.0
T8__ewt6__Hjorth_Mobility,0.0
T8__ewt6__Hjorth_Activity,0.0
T8__ewt6__Hurst_Exponent,0.0
T8__ewt6__Higuchi_FD,0.0
T8__ewt6__Spectral_Flatness,0.0
T8__ewt6__Tsallis_Entropy,0.0
T8__ewt6__Shannon_Entropy,0.0
T8__ewt6__Q1,0.0
T8__ewt6__Peak,0.0
T8__ewt6__Kurtosis,0.0
T8__ewt6__RMS,0.0
T8__ewt6__Std,0.0
T8__ewt6__Max,0.0
P7__ewt1__Renyi_Entropy,0.0
P7__ewt1__Tsallis_Entropy,0.0
P7__ewt1__Higuchi_FD,0.0
P7__ewt2__Higuchi_FD,0.0
P7__ewt3__Shannon_Entropy,0.0
P7__ewt3__Q2,0.0
P7__ewt3__Q1,0.0
P7__ewt3__IQR,0.0
P7__ewt3__Kurtosis,0.0
P7__ewt3__Skewness,0.0
P7__ewt3__RMS,0.0
P7__ewt3__Min,0.0
P7__ewt2__Hjorth_Complexity,0.0
P7__ewt2__Hurst_Exponent,0.0
P7__ewt2__Log_Entropy,0.0
P7__ewt1__Hurst_Exponent,0.0
P7__ewt2__Renyi_Entropy,0.0
P7__ewt2__Shannon_Entropy,0.0
P7__ewt2__Q1,0.0
P7__ewt2__Kurtosis,0.0
P7__ewt2__Skewness,0.0
P7__ewt2__RMS,0.0
P7__ewt2__Std,0.0
P7__ewt2__Max,0.0
P7__ewt2__Median,0.0
P7__ewt2__Mean,0.0
T8__ewt6__Min,0.0
T8__ewt6__Mean,0.0
T8__ewt2__Higuchi_FD,0.0
T8__ewt5__Hjorth_Complexity,0.0
T8__ewt4__Q2,0.0
T8__ewt4__Q1,0.0
T8__ewt4__IQR,0.0
T8__ewt4__Skewness,0.0
T8__ewt4__Max,0.0
T8__ewt4__Median,0.0
T8__ewt4__Mean,0.0
T8__ewt3__Hjorth_Complexity,0.0
T8__ewt3__Hjorth_Mobility,0.0
T8__ewt3__Hjorth_Activity,0.0
T8__ewt3__Spectral_Flatness,0.0
T8__ewt3__Permutation_Entropy,0.0
T8__ewt3__Shannon_Entropy,0.0
T8__ewt3__Q2,0.0
T8__ewt3__Q1,0.0
T8__ewt3__Peak,0.0
T8__ewt3__Kurtosis,0.0
T8__ewt3__Skewness,0.0
T8__ewt3__Max,0.0
T8__ewt3__Min,0.0
T8__ewt3__Median,0.0
T8__ewt2__Hjorth_Complexity,0.0
T8__ewt2__Hurst_Exponent,0.0
T8__ewt4__Renyi_Entropy,0.0
T8__ewt4__Tsallis_Entropy,0.0
T8__ewt4__Permutation_Entropy,0.0
T8__ewt5__Peak,0.0
T8__ewt5__Hjorth_Activity,0.0
T8__ewt5__Hurst_Exponent,0.0
T8__ewt5__Higuchi_FD,0.0
T8__ewt5__Spectral_Flatness,0.0
T8__ewt5__Permutation_Entropy,0.0
T8__ewt5__Renyi_Entropy,0.0
T8__ewt5__Shannon_Entropy,0.0
T8__ewt5__Q3,0.0
T8__ewt5__Q2,0.0
T8__ewt5__Q1,0.0
T8__ewt5__Skewness,0.0
T8__ewt4__Spectral_Flatness,0.0
T8__ewt5__Std,0.0
T8__ewt5__Max,0.0
T8__ewt5__Min,0.0
T8__ewt5__Median,0.0
T8__ewt5__Mean,0.0
T8__ewt4__Hjorth_Complexity,0.0
T8__ewt4__Hjorth_Activity,0.0
T8__ewt4__Hurst_Exponent,0.0
T8__ewt4__Higuchi_FD,0.0
T8__ewt4__Log_Entropy,0.0
T7__ewt1__Hjorth_Activity,0.0
T7__ewt1__Log_Entropy,0.0
O2__ewt5__IQR,0.0
F7__ewt3__Median,0.0
F7__ewt4__Permutation_Entropy,0.0
F7__ewt4__Renyi_Entropy,0.0
F7__ewt4__Shannon_Entropy,0.0
F7__ewt4__Q2,0.0
F7__ewt4__Q1,0.0
F7__ewt4__Peak,0.0
F7__ewt4__Kurtosis,0.0
F7__ewt4__Skewness,0.0
F7__ewt4__Std,0.0
F7__ewt4__Min,0.0
F7__ewt3__Hjorth_Complexity,0.0
F7__ewt3__Log_Entropy,0.0
F7__ewt3__Permutation_Entropy,0.0
F7__ewt3__Tsallis_Entropy,0.0
F7__ewt3__Renyi_Entropy,0.0
F7__ewt3__Shannon_Entropy,0.0
F7__ewt3__Q3,0.0
F7__ewt3__Q1,0.0
F7__ewt3__IQR,0.0
F7__ewt3__Kurtosis,0.0
F7__ewt3__Skewness,0.0
F7__ewt3__RMS,0.0
F7__ewt3__Max,0.0
F7__ewt4__Spectral_Flatness,0.0
F7__ewt4__Log_Entropy,0.0
F7__ewt4__Hjorth_Activity,0.0
F7__ewt5__Permutation_Entropy,0.0
F7__ewt6__Shannon_Entropy,0.0
F7__ewt6__Q3,0.0
F7__ewt6__Q2,0.0
F7__ewt6__Peak,0.0
F7__ewt6__Skewness,0.0
F7__ewt6__Std,0.0
F7__ewt6__Max,0.0
F7__ewt5__Hjorth_Mobility,0.0
F7__ewt5__Hjorth_Activity,0.0
F7__ewt5__Hurst_Exponent,0.0
F7__ewt5__Tsallis_Entropy,0.0
F7__ewt4__Hjorth_Complexity,0.0
F7__ewt5__Renyi_Entropy,0.0
F7__ewt5__Shannon_Entropy,0.0
F7__ewt5__Q3,0.0
F7__ewt5__Q1,0.0
F7__ewt5__Skewness,0.0
F7__ewt5__RMS,0.0
F7__ewt5__Std,0.0
F7__ewt5__Min,0.0
F7__ewt5__Median,0.0
F7__ewt5__Mean,0.0
F7__ewt3__Min,0.0
F7__ewt3__Mean,0.0
F7__ewt6__Tsallis_Entropy,0.0
F7__ewt2__Hjorth_Mobility,0.0
F7__ewt1__Std,0.0
F7__ewt1__Mean,0.0
O2__ewt6__Hjorth_Complexity,0.0
O2__ewt6__Hjorth_Mobility,0.0
O2__ewt6__Higuchi_FD,0.0
O2__ewt6__Spectral_Flatness,0.0
O2__ewt6__Tsallis_Entropy,0.0
O2__ewt6__Shannon_Entropy,0.0
O2__ewt6__Q3,0.0
O2__ewt6__Q1,0.0
O2__ewt6__IQR,0.0
O2__ewt6__Peak,0.0
O2__ewt6__Skewness,0.0
O2__ewt6__RMS,0.0
O2__ewt6__Std,0.0
O2__ewt6__Max,0.0
O2__ewt6__Min,0.0
O2__ewt6__Median,0.0
O2__ewt6__Mean,0.0
O2__ewt5__Hjorth_Activity,0.0
O2__ewt5__Log_Entropy,0.0
O2__ewt5__Renyi_Entropy,0.0
O2__ewt5__Q2,0.0
F7__ewt1__RMS,0.0
F7__ewt1__Peak,0.0
F7__ewt1__IQR,0.0
F7__ewt2__RMS,0.0
F7__ewt2__Hjorth_Activity,0.0
F7__ewt2__Log_Entropy,0.0
F7__ewt2__Spectral_Flatness,0.0
F7__ewt2__Q3,0.0
F7__ewt2__Q2,0.0
F7__ewt2__Q1,0.0
F7__ewt2__IQR,0.0
F7__ewt2__Peak,0.0
F7__ewt2__Kurtosis,0.0
F7__ewt2__Skewness,0.0
F7__ewt2__Std,0.0
F7__ewt1__Q1,0.0
F7__ewt2__Max,0.0
F7__ewt2__Min,0.0
F7__ewt2__Median,0.0
F7__ewt1__Hjorth_Mobility,0.0
F7__ewt1__Hurst_Exponent,0.0
F7__ewt1__Log_Entropy,0.0
F7__ewt1__Permutation_Entropy,0.0
F7__ewt1__Tsallis_Entropy,0.0
F7__ewt1__Renyi_Entropy,0.0
F7__ewt1__Q2,0.0
F7__ewt6__Renyi_Entropy,0.0
F7__ewt6__Permutation_Entropy,0.0
T7__ewt1__Permutation_Entropy,0.0
F8__ewt4__Peak,0.0
F8__ewt5__Hjorth_Activity,0.0
F8__ewt5__Hurst_Exponent,0.0
F8__ewt5__Higuchi_FD,0.0
F8__ewt5__Log_Entropy,0.0
F8__ewt5__Spectral_Flatness,0.0
F8__ewt5__Shannon_Entropy,0.0
F8__ewt5__Q3,0.0
F8__ewt5__Q2,0.0
F8__ewt5__Q1,0.0
F8__ewt5__IQR,0.0
F8__ewt5__Skewness,0.0
F8__ewt5__Max,0.0
F8__ewt5__Min,0.0
F8__ewt5__Mean,0.0
F8__ewt4__Hjorth_Complexity,0.0
F8__ewt4__Hurst_Exponent,0.0
F8__ewt4__Higuchi_FD,0.0
F8__ewt4__Log_Entropy,0.0
F8__ewt4__Spectral_Flatness,0.0
F8__ewt4__Permutation_Entropy,0.0
F8__ewt4__Tsallis_Entropy,0.0
F8__ewt4__Renyi_Entropy,0.0
F8__ewt4__Q1,0.0
F8__ewt5__Hjorth_Complexity,0.0
F8__ewt6__Mean,0.0
F8__ewt6__Max,0.0
F8__ewt6__Hjorth_Complexity,0.0
T7__ewt1__Tsallis_Entropy,0.0
T7__ewt1__Shannon_Entropy,0.0
T7__ewt1__Q3,0.0
T7__ewt1__IQR,0.0
T7__ewt1__Peak,0.0
T7__ewt1__Kurtosis,0.0
T7__ewt1__RMS,0.0
T7__ewt1__Max,0.0
T7__ewt1__Min,0.0
T7__ewt1__Median,0.0
F8__ewt6__Hjorth_Mobility,0.0
F8__ewt6__Std,0.0
F8__ewt6__Hjorth_Activity,0.0
F8__ewt6__Spectral_Flatness,0.0
F8__ewt6__Tsallis_Entropy,0.0
F8__ewt6__Renyi_Entropy,0.0
F8__ewt6__Shannon_Entropy,0.0
F8__ewt6__Q3,0.0
F8__ewt6__IQR,0.0
F8__ewt6__Kurtosis,0.0
F8__ewt6__Skewness,0.0
F8__ewt6__RMS,0.0
F8__ewt4__IQR,0.0
F8__ewt4__Kurtosis,0.0
F7__ewt6__Higuchi_FD,0.0
F8__ewt4__Skewness,0.0
F8__ewt2__Peak,0.0
F8__ewt2__Kurtosis,0.0
F8__ewt2__Skewness,0.0
F8__ewt2__RMS,0.0
F8__ewt2__Std,0.0
F8__ewt2__Min,0.0
F8__ewt1__Hjorth_Activity,0.0
F8__ewt1__Hurst_Exponent,0.0
F8__ewt1__Log_Entropy,0.0
F8__ewt1__Tsallis_Entropy,0.0
F8__ewt1__Renyi_Entropy,0.0
F8__ewt1__Shannon_Entropy,0.0
F8__ewt1__Q3,0.0
F8__ewt1__Q1,0.0
F8__ewt1__IQR,0.0
F8__ewt1__Peak,0.0
F8__ewt1__Kurtosis,0.0
F8__ewt1__Skewness,0.0
F8__ewt1__RMS,0.0
F8__ewt1__Std,0.0
F8__ewt1__Max,0.0
F8__ewt1__Min,0.0
F7__ewt6__Hjorth_Activity,0.0
F8__ewt2__IQR,0.0
F8__ewt2__Q1,0.0
F8__ewt2__Q2,0.0
F8__ewt3__Tsallis_Entropy,0.0
F8__ewt4__Std,0.0
F8__ewt4__Max,0.0
F8__ewt4__Min,0.0
F8__ewt4__Median,0.0
F8__ewt4__Mean,0.0
F8__ewt3__Hjorth_Activity,0.0
F8__ewt3__Hurst_Exponent,0.0
F8__ewt3__Log_Entropy,0.0
F8__ewt3__Spectral_Flatness,0.0
F8__ewt3__Permutation_Entropy,0.0
F8__ewt3__Q3,0.0
F8__ewt2__Q3,0.0
F8__ewt3__Q1,0.0
F8__ewt3__IQR,0.0
F8__ewt3__Peak,0.0
F8__ewt3__RMS,0.0
F8__ewt3__Std,0.0
F8__ewt3__Max,0.0
F8__ewt3__Min,0.0
F8__ewt2__Hjorth_Mobility,0.0
F8__ewt2__Log_Entropy,0.0
F8__ewt2__Shannon_Entropy,0.0
C4__ewt2__Higuchi_FD,0.0
C4__ewt2__Permutation_Entropy,0.0
P8__emd1__Log_Entropy,0.0
Cz__emd6__Q1,0.0
Pz__emd2__Kurtosis,0.0
Pz__emd2__Skewness,0.0
Pz__emd2__RMS,0.0
Pz__emd2__Std,0.0
Pz__emd2__Max,0.0
Pz__emd2__Min,0.0
Pz__emd2__Median,0.0
Pz__emd1__Hjorth_Activity,0.0
Pz__emd1__Hurst_Exponent,0.0
Pz__emd1__Higuchi_FD,0.0
Pz__emd1__Renyi_Entropy,0.0
Pz__emd1__Q2,0.0
Pz__emd1__Q1,0.0
Pz__emd1__Peak,0.0
Pz__emd1__Std,0.0
Pz__emd1__Max,0.0
Pz__emd1__Min,0.0
Pz__emd1__Median,0.0
Cz__emd6__Hjorth_Activity,0.0
Cz__emd6__Hurst_Exponent,0.0
Cz__emd6__Log_Entropy,0.0
Cz__emd6__Tsallis_Entropy,0.0
Cz__emd6__Renyi_Entropy,0.0
Pz__emd2__IQR,0.0
Pz__emd2__Q1,0.0
Pz__emd2__Shannon_Entropy,0.0
Pz__emd3__Q1,0.0
Pz__emd4__Mean,0.0
Pz__emd3__Hjorth_Complexity,0.0
Pz__emd3__Hjorth_Activity,0.0
Pz__emd3__Hurst_Exponent,0.0
Pz__emd3__Log_Entropy,0.0
Pz__emd3__Spectral_Flatness,0.0
Pz__emd3__Tsallis_Entropy,0.0
Pz__emd3__Renyi_Entropy,0.0
Pz__emd3__Q3,0.0
Pz__emd3__Q2,0.0
Pz__emd3__IQR,0.0
Pz__emd2__Renyi_Entropy,0.0
Pz__emd3__Skewness,0.0
Pz__emd3__RMS,0.0
Pz__emd3__Min,0.0
Pz__emd3__Median,0.0
Pz__emd3__Mean,0.0
Pz__emd2__Hjorth_Mobility,0.0
Pz__emd2__Hjorth_Activity,0.0
Pz__emd2__Log_Entropy,0.0
Pz__emd2__Permutation_Entropy,0.0
Pz__emd2__Tsallis_Entropy,0.0
Cz__emd6__Q2,0.0
Cz__emd6__IQR,0.0
Pz__emd4__Max,0.0
Cz__emd6__Kurtosis,0.0
Cz__emd4__Shannon_Entropy,0.0
Cz__emd4__Q2,0.0
Cz__emd4__Q1,0.0
Cz__emd4__IQR,0.0
Cz__emd4__Peak,0.0
Cz__emd4__Kurtosis,0.0
Cz__emd4__RMS,0.0
Cz__emd4__Max,0.0
Cz__emd4__Min,0.0
Cz__emd4__Median,0.0
Cz__emd4__Mean,0.0
Cz__emd3__Hjorth_Complexity,0.0
Cz__emd3__Hjorth_Mobility,0.0
Cz__emd3__Hjorth_Activity,0.0
Cz__emd3__Hurst_Exponent,0.0
Cz__emd3__Higuchi_FD,0.0
Cz__emd3__Log_Entropy,0.0
Cz__emd3__Spectral_Flatness,0.0
Cz__emd3__Permutation_Entropy,0.0
Cz__emd3__Renyi_Entropy,0.0
Cz__emd3__Shannon_Entropy,0.0
Cz__emd3__Q2,0.0
Cz__emd3__Q1,0.0
Cz__emd4__Renyi_Entropy,0.0
Cz__emd4__Tsallis_Entropy,0.0
Cz__emd4__Permutation_Entropy,0.0
Cz__emd5__Permutation_Entropy,0.0
Cz__emd6__RMS,0.0
Cz__emd6__Std,0.0
Cz__emd6__Max,0.0
Cz__emd6__Min,0.0
Cz__emd6__Median,0.0
Cz__emd6__Mean,0.0
Cz__emd5__Hjorth_Activity,0.0
Cz__emd5__Higuchi_FD,0.0
Cz__emd5__Log_Entropy,0.0
Cz__emd5__Spectral_Flatness,0.0
Cz__emd5__Tsallis_Entropy,0.0
Cz__emd4__Spectral_Flatness,0.0
Cz__emd5__Renyi_Entropy,0.0
Cz__emd5__Shannon_Entropy,0.0
Cz__emd5__Q3,0.0
Cz__emd5__Q1,0.0
Cz__emd5__Peak,0.0
Cz__emd5__Std,0.0
Cz__emd4__Hjorth_Mobility,0.0
Cz__emd4__Hurst_Exponent,0.0
Cz__emd4__Higuchi_FD,0.0
Cz__emd4__Log_Entropy,0.0
Pz__emd4__Min,0.0
Pz__emd4__RMS,0.0
Cz__emd3__Peak,0.0
Fp1__ewt2__RMS,0.0
Fp1__ewt3__Hurst_Exponent,0.0
Fp1__ewt3__Log_Entropy,0.0
Fp1__ewt3__Spectral_Flatness,0.0
Fp1__ewt3__Q3,0.0
Fp1__ewt3__Q1,0.0
Fp1__ewt3__IQR,0.0
Fp1__ewt3__Kurtosis,0.0
Fp1__ewt3__Skewness,0.0
Fp1__ewt3__RMS,0.0
Fp1__ewt3__Std,0.0
Fp1__ewt3__Max,0.0
Fp1__ewt3__Min,0.0
Fp1__ewt2__Hjorth_Complexity,0.0
Fp1__ewt2__Hjorth_Mobility,0.0
Fp1__ewt2__Higuchi_FD,0.0
Fp1__ewt2__Log_Entropy,0.0
Fp1__ewt2__Spectral_Flatness,0.0
Fp1__ewt2__Tsallis_Entropy,0.0
Fp1__ewt2__Renyi_Entropy,0.0
Fp1__ewt2__Shannon_Entropy,0.0
Fp1__ewt2__Q3,0.0
Fp1__ewt2__IQR,0.0
Fp1__ewt2__Peak,0.0
Fp1__ewt3__Hjorth_Activity,0.0
Fp1__ewt3__Hjorth_Mobility,0.0
Fp1__ewt4__Median,0.0
Fp1__ewt4__Log_Entropy,0.0
Fp1__ewt5__Skewness,0.0
Fp1__ewt5__RMS,0.0
Fp1__ewt5__Std,0.0
Fp1__ewt5__Max,0.0
Fp1__ewt5__Min,0.0
Fp1__ewt5__Median,0.0
Fp1__ewt4__Hjorth_Complexity,0.0
Fp1__ewt4__Hjorth_Mobility,0.0
Fp1__ewt4__Hurst_Exponent,0.0
Fp1__ewt4__Higuchi_FD,0.0
Fp1__ewt4__Spectral_Flatness,0.0
Fp1__ewt4__Min,0.0
Fp1__ewt4__Permutation_Entropy,0.0
Fp1__ewt4__Tsallis_Entropy,0.0
Fp1__ewt4__Shannon_Entropy,0.0
Fp1__ewt4__Q3,0.0
Fp1__ewt4__IQR,0.0
Fp1__ewt4__Peak,0.0
Fp1__ewt4__Skewness,0.0
Fp1__ewt4__RMS,0.0
Fp1__ewt4__Std,0.0
Fp1__ewt4__Max,0.0
Fp1__ewt2__Skewness,0.0
Fp1__ewt2__Max,0.0
Pz__emd4__Skewness,0.0
Fp1__ewt2__Mean,0.0
Pz__emd5__Permutation_Entropy,0.0
Pz__emd5__Renyi_Entropy,0.0
Pz__emd5__Shannon_Entropy,0.0
Pz__emd5__IQR,0.0
Pz__emd5__Peak,0.0
Pz__emd5__Skewness,0.0
Pz__emd5__RMS,0.0
Pz__emd5__Max,0.0
Pz__emd5__Min,0.0
Pz__emd5__Median,0.0
Pz__emd5__Mean,0.0
Pz__emd4__Hjorth_Complexity,0.0
Pz__emd4__Hjorth_Activity,0.0
Pz__emd4__Higuchi_FD,0.0
Pz__emd4__Log_Entropy,0.0
Pz__emd4__Tsallis_Entropy,0.0
Pz__emd4__Renyi_Entropy,0.0
Pz__emd4__Shannon_Entropy,0.0
Pz__emd4__Q3,0.0
Pz__emd4__Q1,0.0
Pz__emd4__IQR,0.0
Pz__emd4__Peak,0.0
Pz__emd4__Kurtosis,0.0
Pz__emd5__Higuchi_FD,0.0
Pz__emd5__Hjorth_Activity,0.0
Pz__emd5__Hjorth_Mobility,0.0
Fp1__ewt1__RMS,0.0
Fp1__ewt1__Hjorth_Complexity,0.0
Fp1__ewt1__Hjorth_Activity,0.0
Fp1__ewt1__Hurst_Exponent,0.0
Fp1__ewt1__Higuchi_FD,0.0
Fp1__ewt1__Permutation_Entropy,0.0
Fp1__ewt1__Renyi_Entropy,0.0
Fp1__ewt1__Q3,0.0
Fp1__ewt1__Q1,0.0
Fp1__ewt1__IQR,0.0
Fp1__ewt1__Skewness,0.0
Fp1__ewt1__Std,0.0
Pz__emd6__Median,0.0
Fp1__ewt1__Median,0.0
Fp1__ewt1__Mean,0.0
Pz__emd6__Log_Entropy,0.0
Pz__emd6__Tsallis_Entropy,0.0
Pz__emd6__Shannon_Entropy,0.0
Pz__emd6__Q2,0.0
Pz__emd6__Kurtosis,0.0
Pz__emd6__RMS,0.0
Pz__emd6__Std,0.0
Pz__emd6__Min,0.0
Cz__emd3__IQR,0.0
Cz__emd3__Skewness,0.0
Fp1__ewt5__Peak,0.0
P8__emd4__Permutation_Entropy,0.0
P8__emd6__Q3,0.0
P8__emd6__Q2,0.0
P8__emd6__Q1,0.0
P8__emd6__Median,0.0
P8__emd6__Mean,0.0
P8__emd5__Hjorth_Complexity,0.0
P8__emd5__Hjorth_Mobility,0.0
P8__emd5__Higuchi_FD,0.0
P8__emd5__Permutation_Entropy,0.0
P8__emd5__Tsallis_Entropy,0.0
P8__emd5__Shannon_Entropy,0.0
P8__emd5__Q3,0.0
P8__emd5__Q2,0.0
P8__emd5__Q1,0.0
P8__emd5__Kurtosis,0.0
P8__emd5__Skewness,0.0
P8__emd5__Std,0.0
P8__emd5__Max,0.0
P8__emd5__Min,0.0
P8__emd5__Mean,0.0
P8__emd4__Hjorth_Mobility,0.0
P8__emd4__Hjorth_Activity,0.0
P8__emd4__Hurst_Exponent,0.0
P8__emd6__Shannon_Entropy,0.0
P8__emd6__Renyi_Entropy,0.0
P8__emd6__Tsallis_Entropy,0.0
Fz__emd1__Tsallis_Entropy,0.0
Fz__emd2__Skewness,0.0
Fz__emd2__RMS,0.0
Fz__emd2__Max,0.0
Fz__emd2__Min,0.0
Fz__emd1__Hjorth_Complexity,0.0
Fz__emd1__Hjorth_Mobility,0.0
Fz__emd1__Hjorth_Activity,0.0
Fz__emd1__Hurst_Exponent,0.0
Fz__emd1__Spectral_Flatness,0.0
Fz__emd1__Permutation_Entropy,0.0
Fz__emd1__Q3,0.0
P8__emd6__Permutation_Entropy,0.0
Fz__emd1__Peak,0.0
Fz__emd1__Kurtosis,0.0
Fz__emd1__Skewness,0.0
Fz__emd1__RMS,0.0
Fz__emd1__Std,0.0
Fz__emd1__Max,0.0
Fz__emd1__Min,0.0
P8__emd6__Hurst_Exponent,0.0
P8__emd6__Log_Entropy,0.0
P8__emd6__Spectral_Flatness,0.0
P8__emd4__Spectral_Flatness,0.0
P8__emd4__Tsallis_Entropy,0.0
Fz__emd2__Peak,0.0
P8__emd4__Renyi_Entropy,0.0
P8__emd2__Hjorth_Activity,0.0
P8__emd2__Higuchi_FD,0.0
P8__emd2__Log_Entropy,0.0
P8__emd2__Spectral_Flatness,0.0
P8__emd2__Permutation_Entropy,0.0
P8__emd2__Tsallis_Entropy,0.0
P8__emd2__Renyi_Entropy,0.0
P8__emd2__Q3,0.0
P8__emd2__Q2,0.0
P8__emd2__Q1,0.0
P8__emd2__IQR,0.0
P8__emd2__Peak,0.0
P8__emd2__Kurtosis,0.0
P8__emd2__Skewness,0.0
P8__emd2__RMS,0.0
P8__emd2__Max,0.0
P8__emd2__Min,0.0
P8__emd2__Median,0.0
P8__emd1__Hjorth_Complexity,0.0
P8__emd1__Hjorth_Mobility,0.0
P8__emd1__Hjorth_Activity,0.0
P8__emd1__Hurst_Exponent,0.0
P8__emd1__Higuchi_FD,0.0
P8__emd2__Hjorth_Mobility,0.0
P8__emd2__Hjorth_Complexity,0.0
P8__emd3__Mean,0.0
P8__emd3__Tsallis_Entropy,0.0
P8__emd4__Q2,0.0
P8__emd4__Q1,0.0
P8__emd4__IQR,0.0
P8__emd4__Peak,0.0
P8__emd4__Kurtosis,0.0
P8__emd4__Skewness,0.0
P8__emd3__Hjorth_Mobility,0.0
P8__emd3__Hjorth_Activity,0.0
P8__emd3__Higuchi_FD,0.0
P8__emd3__Spectral_Flatness,0.0
P8__emd3__Renyi_Entropy,0.0
P8__emd3__Median,0.0
P8__emd3__Shannon_Entropy,0.0
P8__emd3__Q3,0.0
P8__emd3__Q2,0.0
P8__emd3__Q1,0.0
P8__emd3__Peak,0.0
P8__emd3__Kurtosis,0.0
P8__emd3__Skewness,0.0
P8__emd3__RMS,0.0
P8__emd3__Max,0.0
P8__emd3__Min,0.0
Fz__emd2__Kurtosis,0.0
Fz__emd2__Q2,0.0
Cz__emd3__RMS,0.0
Fz__emd6__Median,0.0
Cz__emd1__Spectral_Flatness,0.0
Cz__emd1__Permutation_Entropy,0.0
Cz__emd1__Tsallis_Entropy,0.0
Cz__emd1__Renyi_Entropy,0.0
Cz__emd1__Shannon_Entropy,0.0
Cz__emd1__Q3,0.0
Cz__emd1__Q1,0.0
Cz__emd1__Kurtosis,0.0
Cz__emd1__Min,0.0
Cz__emd1__Median,0.0
Cz__emd1__Mean,0.0
Fz__emd6__Hurst_Exponent,0.0
Fz__emd6__Higuchi_FD,0.0
Fz__emd6__Log_Entropy,0.0
Fz__emd6__Spectral_Flatness,0.0
Fz__emd6__Tsallis_Entropy,0.0
Fz__emd6__Renyi_Entropy,0.0
Fz__emd6__Shannon_Entropy,0.0
Fz__emd6__Q3,0.0
Fz__emd6__Q2,0.0
Fz__emd6__Q1,0.0
Fz__emd6__IQR,0.0
Fz__emd6__Kurtosis,0.0
Cz__emd1__Higuchi_FD,0.0
Cz__emd1__Hurst_Exponent,0.0
Cz__emd1__Hjorth_Mobility,0.0
Cz__emd2__Permutation_Entropy,0.0
Cz__emd3__Std,0.0
Cz__emd3__Max,0.0
Cz__emd3__Min,0.0
Cz__emd3__Median,0.0
Cz__emd2__Hjorth_Complexity,0.0
Cz__emd2__Hjorth_Mobility,0.0
Cz__emd2__Hjorth_Activity,0.0
Cz__emd2__Hurst_Exponent,0.0
Cz__emd2__Higuchi_FD,0.0
Cz__emd2__Log_Entropy,0.0
Cz__emd2__Renyi_Entropy,0.0
Cz__emd1__Hjorth_Complexity,0.0
Cz__emd2__Shannon_Entropy,0.0
Cz__emd2__Q3,0.0
Cz__emd2__Q2,0.0
Cz__emd2__Q1,0.0
Cz__emd2__IQR,0.0
Cz__emd2__Peak,0.0
Cz__emd2__Skewness,0.0
Cz__emd2__Std,0.0
Cz__emd2__Median,0.0
Cz__emd2__Mean,0.0
Fz__emd6__Skewness,0.0
Fz__emd6__Mean,0.0
Fz__emd2__Q3,0.0
Fz__emd5__Hjorth_Complexity,0.0
Fz__emd4__Min,0.0
Fz__emd3__Hjorth_Mobility,0.0
Fz__emd3__Hjorth_Activity,0.0
Fz__emd3__Hurst_Exponent,0.0
Fz__emd3__Log_Entropy,0.0
Fz__emd3__Spectral_Flatness,0.0
Fz__emd3__Permutation_Entropy,0.0
Fz__emd3__Tsallis_Entropy,0.0
Fz__emd3__Shannon_Entropy,0.0
Fz__emd3__Q2,0.0
Fz__emd3__RMS,0.0
Fz__emd3__Std,0.0
Fz__emd3__Max,0.0
Fz__emd3__Min,0.0
Fz__emd3__Mean,0.0
Fz__emd2__Hjorth_Complexity,0.0
Fz__emd2__Hjorth_Mobility,0.0
Fz__emd2__Hjorth_Activity,0.0
Fz__emd2__Hurst_Exponent,0.0
Fz__emd2__Spectral_Flatness,0.0
Fz__emd2__Permutation_Entropy,0.0
Fz__emd2__Renyi_Entropy,0.0
Fz__emd2__Shannon_Entropy,0.0
Fz__emd4__Max,0.0
Fz__emd4__Std,0.0
Fz__emd4__RMS,0.0
Fz__emd5__Median,0.0
Fz__emd5__Hjorth_Activity,0.0
Fz__emd5__Higuchi_FD,0.0
Fz__emd5__Spectral_Flatness,0.0
Fz__emd5__Tsallis_Entropy,0.0
Fz__emd5__Shannon_Entropy,0.0
Fz__emd5__Q2,0.0
Fz__emd5__Q1,0.0
Fz__emd5__IQR,0.0
Fz__emd5__Peak,0.0
Fz__emd5__Skewness,0.0
Fz__emd5__Mean,0.0
Fz__emd4__Peak,0.0
Fz__emd4__Hjorth_Mobility,0.0
Fz__emd4__Hjorth_Activity,0.0
Fz__emd4__Hurst_Exponent,0.0
Fz__emd4__Higuchi_FD,0.0
Fz__emd4__Log_Entropy,0.0
Fz__emd4__Permutation_Entropy,0.0
Fz__emd4__Tsallis_Entropy,0.0
Fz__emd4__Shannon_Entropy,0.0
Fz__emd4__Q1,0.0
Fz__emd4__IQR,0.0
Fp1__ewt5__Kurtosis,0.0
Fp1__ewt5__IQR,0.0
C4__ewt2__Renyi_Entropy,0.0
F4__ewt4__Shannon_Entropy,0.0
F4__ewt5__Hjorth_Activity,0.0
F4__ewt5__Hurst_Exponent,0.0
F4__ewt5__Higuchi_FD,0.0
F4__ewt5__Log_Entropy,0.0
F4__ewt5__Spectral_Flatness,0.0
F4__ewt5__Permutation_Entropy,0.0
F4__ewt5__Tsallis_Entropy,0.0
F4__ewt5__Renyi_Entropy,0.0
F4__ewt5__Shannon_Entropy,0.0
F4__ewt5__Q1,0.0
F4__ewt5__IQR,0.0
F4__ewt5__Kurtosis,0.0
F4__ewt5__Skewness,0.0
F4__ewt5__RMS,0.0
F4__ewt5__Std,0.0
F4__ewt5__Min,0.0
F4__ewt5__Mean,0.0
F4__ewt4__Hjorth_Complexity,0.0
F4__ewt4__Hjorth_Activity,0.0
F4__ewt4__Hurst_Exponent,0.0
F4__ewt4__Log_Entropy,0.0
F4__ewt4__Permutation_Entropy,0.0
F4__ewt4__Tsallis_Entropy,0.0
F4__ewt5__Hjorth_Mobility,0.0
F4__ewt6__Mean,0.0
F4__ewt6__Median,0.0
C3__ewt1__Mean,0.0
C3__ewt1__Shannon_Entropy,0.0
C3__ewt1__Q3,0.0
C3__ewt1__Q2,0.0
C3__ewt1__Q1,0.0
C3__ewt1__IQR,0.0
C3__ewt1__Peak,0.0
C3__ewt1__Kurtosis,0.0
C3__ewt1__RMS,0.0
C3__ewt1__Std,0.0
C3__ewt1__Min,0.0
F4__ewt6__Hjorth_Complexity,0.0
F4__ewt6__Min,0.0
F4__ewt6__Hjorth_Activity,0.0
F4__ewt6__Hurst_Exponent,0.0
F4__ewt6__Tsallis_Entropy,0.0
F4__ewt6__Renyi_Entropy,0.0
F4__ewt6__Shannon_Entropy,0.0
F4__ewt6__Q1,0.0
F4__ewt6__IQR,0.0
F4__ewt6__Kurtosis,0.0
F4__ewt6__Std,0.0
F4__ewt6__Max,0.0
F4__ewt4__Renyi_Entropy,0.0
F4__ewt4__Q3,0.0
C3__ewt1__Permutation_Entropy,0.0
F4__ewt4__Q2,0.0
F4__ewt2__Log_Entropy,0.0
F4__ewt2__Spectral_Flatness,0.0
F4__ewt2__Permutation_Entropy,0.0
F4__ewt2__Tsallis_Entropy,0.0
F4__ewt2__Renyi_Entropy,0.0
F4__ewt2__Shannon_Entropy,0.0
F4__ewt2__Q3,0.0
F4__ewt2__Q2,0.0
F4__ewt2__Skewness,0.0
F4__ewt2__RMS,0.0
F4__ewt2__Std,0.0
F4__ewt2__Min,0.0
F4__ewt2__Mean,0.0
F4__ewt1__Hjorth_Complexity,0.0
F4__ewt1__Hjorth_Mobility,0.0
F4__ewt1__Hjorth_Activity,0.0
F4__ewt1__Hurst_Exponent,0.0
F4__ewt1__Log_Entropy,0.0
F4__ewt1__Permutation_Entropy,0.0
F4__ewt1__Tsallis_Entropy,0.0
F4__ewt1__Renyi_Entropy,0.0
F4__ewt1__Shannon_Entropy,0.0
F4__ewt1__Q3,0.0
F4__ewt2__Hurst_Exponent,0.0
F4__ewt2__Hjorth_Complexity,0.0
F4__ewt3__Mean,0.0
F4__ewt3__Higuchi_FD,0.0
F4__ewt4__Q1,0.0
F4__ewt4__IQR,0.0
F4__ewt4__Kurtosis,0.0
F4__ewt4__Skewness,0.0
F4__ewt4__Std,0.0
F4__ewt4__Max,0.0
F4__ewt4__Min,0.0
F4__ewt4__Mean,0.0
F4__ewt3__Hjorth_Complexity,0.0
F4__ewt3__Hjorth_Mobility,0.0
F4__ewt3__Log_Entropy,0.0
F4__ewt3__Median,0.0
F4__ewt3__Spectral_Flatness,0.0
F4__ewt3__Tsallis_Entropy,0.0
F4__ewt3__Renyi_Entropy,0.0
F4__ewt3__Q3,0.0
F4__ewt3__Q2,0.0
F4__ewt3__Q1,0.0
F4__ewt3__IQR,0.0
F4__ewt3__Peak,0.0
F4__ewt3__Skewness,0.0
F4__ewt3__Min,0.0
C3__ewt1__Tsallis_Entropy,0.0
C3__ewt1__Log_Entropy,0.0
F4__ewt1__Peak,0.0
C3__ewt5__Kurtosis,0.0
C3__ewt6__Tsallis_Entropy,0.0
C3__ewt6__Renyi_Entropy,0.0
C3__ewt6__Q3,0.0
C3__ewt6__Q2,0.0
C3__ewt6__Q1,0.0
C3__ewt6__IQR,0.0
C3__ewt6__Peak,0.0
C3__ewt6__Kurtosis,0.0
C3__ewt6__Skewness,0.0
C3__ewt6__RMS,0.0
C3__ewt6__Std,0.0
C3__ewt6__Max,0.0
C3__ewt6__Min,0.0
C3__ewt5__Hjorth_Complexity,0.0
C3__ewt5__Hjorth_Activity,0.0
C3__ewt5__Hurst_Exponent,0.0
C3__ewt5__Log_Entropy,0.0
C3__ewt5__Spectral_Flatness,0.0
C3__ewt5__Tsallis_Entropy,0.0
C3__ewt5__Renyi_Entropy,0.0
C3__ewt5__Shannon_Entropy,0.0
C3__ewt5__Q3,0.0
C3__ewt5__Q2,0.0
C3__ewt6__Spectral_Flatness,0.0
C3__ewt6__Log_Entropy,0.0
C3__ewt6__Higuchi_FD,0.0
C4__ewt1__Higuchi_FD,0.0
C4__ewt2__Shannon_Entropy,0.0
C4__ewt2__Q3,0.0
C4__ewt2__Q1,0.0
C4__ewt2__IQR,0.0
C4__ewt2__Skewness,0.0
C4__ewt2__RMS,0.0
C4__ewt2__Std,0.0
C4__ewt2__Max,0.0
C4__ewt2__Min,0.0
C4__ewt1__Hjorth_Activity,0.0
C4__ewt1__Log_Entropy,0.0
C3__ewt6__Hjorth_Activity,0.0
C4__ewt1__Permutation_Entropy,0.0
C4__ewt1__Tsallis_Entropy,0.0
C4__ewt1__Renyi_Entropy,0.0
C4__ewt1__Shannon_Entropy,0.0
C4__ewt1__Q3,0.0
C4__ewt1__Q1,0.0
C4__ewt1__Peak,0.0
C4__ewt1__Std,0.0
C4__ewt1__Max,0.0
C3__ewt6__Hjorth_Complexity,0.0
C3__ewt5__IQR,0.0
C3__ewt5__RMS,0.0
C3__ewt1__Higuchi_FD,0.0
C3__ewt5__Std,0.0
C3__ewt3__Q1,0.0
C3__ewt3__Peak,0.0
C3__ewt3__Kurtosis,0.0
C3__ewt3__Skewness,0.0
C3__ewt3__RMS,0.0
C3__ewt3__Std,0.0
C3__ewt3__Median,0.0
C3__ewt2__Hjorth_Complexity,0.0
C3__ewt2__Log_Entropy,0.0
C3__ewt2__Spectral_Flatness,0.0
C3__ewt2__Permutation_Entropy,0.0
C3__ewt2__Tsallis_Entropy,0.0
C3__ewt2__Renyi_Entropy,0.0
C3__ewt2__Shannon_Entropy,0.0
C3__ewt2__Q1,0.0
C3__ewt2__Kurtosis,0.0
C3__ewt2__Skewness,0.0
C3__ewt2__RMS,0.0
C3__ewt2__Min,0.0
C3__ewt1__Hjorth_Complexity,0.0
C3__ewt1__Hjorth_Mobility,0.0
C3__ewt1__Hjorth_Activity,0.0
C3__ewt1__Hurst_Exponent,0.0
C3__ewt3__Q2,0.0
C3__ewt3__Q3,0.0
C3__ewt3__Shannon_Entropy,0.0
C3__ewt4__Q2,0.0
C3__ewt5__Max,0.0
C3__ewt4__Hjorth_Complexity,0.0
C3__ewt4__Hjorth_Activity,0.0
C3__ewt4__Hurst_Exponent,0.0
C3__ewt4__Log_Entropy,0.0
C3__ewt4__Spectral_Flatness,0.0
C3__ewt4__Tsallis_Entropy,0.0
C3__ewt4__Renyi_Entropy,0.0
C3__ewt4__Shannon_Entropy,0.0
C3__ewt4__Q3,0.0
C3__ewt4__IQR,0.0
C3__ewt3__Tsallis_Entropy,0.0
C3__ewt4__Skewness,0.0
C3__ewt4__RMS,0.0
C3__ewt4__Min,0.0
C3__ewt3__Hjorth_Complexity,0.0
C3__ewt3__Hjorth_Mobility,0.0
C3__ewt3__Hjorth_Activity,0.0
C3__ewt3__Higuchi_FD,0.0
C3__ewt3__Log_Entropy,0.0
C3__ewt3__Spectral_Flatness,0.0
C3__ewt3__Permutation_Entropy,0.0
F4__ewt1__Q1,0.0
F4__ewt1__RMS,0.0
Fp1__ewt5__Q2,0.0
Fp2__ewt2__Renyi_Entropy,0.0
Fp2__ewt4__IQR,0.0
Fp2__ewt4__Peak,0.0
Fp2__ewt4__Skewness,0.0
Fp2__ewt4__RMS,0.0
Fp2__ewt4__Min,0.0
Fp2__ewt4__Mean,0.0
Fp2__ewt3__Hjorth_Complexity,0.0
Fp2__ewt3__Hjorth_Activity,0.0
Fp2__ewt3__Hurst_Exponent,0.0
Fp2__ewt3__Spectral_Flatness,0.0
Fp2__ewt3__Permutation_Entropy,0.0
Fp2__ewt3__Renyi_Entropy,0.0
Fp2__ewt3__Q3,0.0
Fp2__ewt3__Q1,0.0
Fp2__ewt3__Peak,0.0
Fp2__ewt3__Kurtosis,0.0
Fp2__ewt3__Skewness,0.0
Fp2__ewt3__Std,0.0
Fp2__ewt3__Max,0.0
Fp2__ewt3__Min,0.0
Fp2__ewt3__Median,0.0
Fp2__ewt3__Mean,0.0
Fp2__ewt2__Higuchi_FD,0.0
Fp2__ewt4__Q1,0.0
Fp2__ewt4__Renyi_Entropy,0.0
Fp2__ewt4__Tsallis_Entropy,0.0
Fp2__ewt5__Spectral_Flatness,0.0
Fp2__ewt6__IQR,0.0
Fp2__ewt6__Peak,0.0
Fp2__ewt6__Kurtosis,0.0
Fp2__ewt6__Skewness,0.0
Fp2__ewt6__Std,0.0
Fp2__ewt6__Max,0.0
Fp2__ewt6__Min,0.0
Fp2__ewt6__Mean,0.0
Fp2__ewt5__Hjorth_Activity,0.0
Fp2__ewt5__Log_Entropy,0.0
Fp2__ewt5__Renyi_Entropy,0.0
Fp2__ewt4__Log_Entropy,0.0
Fp2__ewt5__Q1,0.0
Fp2__ewt5__IQR,0.0
Fp2__ewt5__Skewness,0.0
Fp2__ewt5__Std,0.0
Fp2__ewt5__Max,0.0
Fp2__ewt5__Min,0.0
Fp2__ewt5__Median,0.0
Fp2__ewt5__Mean,0.0
Fp2__ewt4__Hjorth_Mobility,0.0
Fp2__ewt4__Higuchi_FD,0.0
Fp2__ewt2__Spectral_Flatness,0.0
Fp2__ewt2__Q3,0.0
Fp2__ewt6__Q2,0.0
Fp2__ewt2__Q2,0.0
Fp1__ewt6__Hjorth_Activity,0.0
Fp1__ewt6__Higuchi_FD,0.0
Fp1__ewt6__Log_Entropy,0.0
Fp1__ewt6__Renyi_Entropy,0.0
Fp1__ewt6__Q3,0.0
Fp1__ewt6__Q2,0.0
Fp1__ewt6__Peak,0.0
Fp1__ewt6__Kurtosis,0.0
Fp1__ewt6__Std,0.0
Fp1__ewt6__Max,0.0
Fp1__ewt6__Median,0.0
Fp1__ewt6__Mean,0.0
Fp1__ewt5__Hjorth_Complexity,0.0
Fp1__ewt5__Hjorth_Mobility,0.0
Fp1__ewt5__Hjorth_Activity,0.0
Fp1__ewt5__Hurst_Exponent,0.0
Fp1__ewt5__Higuchi_FD,0.0
Fp1__ewt5__Log_Entropy,0.0
Fp1__ewt5__Spectral_Flatness,0.0
Fp1__ewt5__Permutation_Entropy,0.0
Fp1__ewt5__Tsallis_Entropy,0.0
Fp1__ewt5__Shannon_Entropy,0.0
Fp1__ewt5__Q3,0.0
Fp1__ewt6__Hjorth_Complexity,0.0
Fp2__ewt1__Mean,0.0
Fp2__ewt1__Median,0.0
Fp2__ewt1__Hjorth_Activity,0.0
Fp2__ewt2__IQR,0.0
Fp2__ewt2__Peak,0.0
Fp2__ewt2__Skewness,0.0
Fp2__ewt2__RMS,0.0
Fp2__ewt2__Max,0.0
Fp2__ewt2__Min,0.0
Fp2__ewt2__Median,0.0
Fp2__ewt2__Mean,0.0
Fp2__ewt1__Hjorth_Complexity,0.0
Fp2__ewt1__Hjorth_Mobility,0.0
Fp2__ewt1__Higuchi_FD,0.0
Fp2__ewt1__Min,0.0
Fp2__ewt1__Log_Entropy,0.0
Fp2__ewt1__Spectral_Flatness,0.0
Fp2__ewt1__Permutation_Entropy,0.0
Fp2__ewt1__Q2,0.0
Fp2__ewt1__IQR,0.0
Fp2__ewt1__Kurtosis,0.0
Fp2__ewt1__Skewness,0.0
Fp2__ewt1__RMS,0.0
Fp2__ewt1__Std,0.0
Fp2__ewt1__Max,0.0
Fp2__ewt6__Q1,0.0
Fp2__ewt6__Shannon_Entropy,0.0
F4__ewt1__Std,0.0
F3__ewt3__Q3,0.0
F3__ewt5__Peak,0.0
F3__ewt5__Kurtosis,0.0
F3__ewt5__Skewness,0.0
F3__ewt5__RMS,0.0
F3__ewt5__Median,0.0
F3__ewt5__Mean,0.0
F3__ewt4__Hjorth_Activity,0.0
F3__ewt4__Hurst_Exponent,0.0
F3__ewt4__Higuchi_FD,0.0
F3__ewt4__Log_Entropy,0.0
F3__ewt4__Q3,0.0
F3__ewt4__Q1,0.0
F3__ewt4__IQR,0.0
F3__ewt4__Peak,0.0
F3__ewt4__Skewness,0.0
F3__ewt4__Std,0.0
F3__ewt4__Max,0.0
F3__ewt4__Median,0.0
F3__ewt4__Mean,0.0
F3__ewt3__Hjorth_Mobility,0.0
F3__ewt3__Hjorth_Activity,0.0
F3__ewt3__Higuchi_FD,0.0
F3__ewt3__Log_Entropy,0.0
F3__ewt5__Q1,0.0
F3__ewt5__Q2,0.0
F3__ewt5__Hurst_Exponent,0.0
F3__ewt6__Permutation_Entropy,0.0
F4__ewt1__Max,0.0
F4__ewt1__Min,0.0
F4__ewt1__Median,0.0
F4__ewt1__Mean,0.0
F3__ewt6__Hjorth_Mobility,0.0
F3__ewt6__Hjorth_Activity,0.0
F3__ewt6__Hurst_Exponent,0.0
F3__ewt6__Higuchi_FD,0.0
F3__ewt6__Log_Entropy,0.0
F3__ewt6__Spectral_Flatness,0.0
F3__ewt6__Tsallis_Entropy,0.0
F3__ewt5__Hjorth_Activity,0.0
F3__ewt6__Shannon_Entropy,0.0
F3__ewt6__Q2,0.0
F3__ewt6__IQR,0.0
F3__ewt6__Peak,0.0
F3__ewt6__Kurtosis,0.0
F3__ewt6__RMS,0.0
F3__ewt6__Std,0.0
F3__ewt6__Min,0.0
F3__ewt6__Median,0.0
F3__ewt6__Mean,0.0
F3__ewt3__Permutation_Entropy,0.0
F3__ewt3__Q2,0.0
Fp2__ewt6__Renyi_Entropy,0.0
F3__ewt3__Q1,0.0
F3__ewt1__Hurst_Exponent,0.0
F3__ewt1__Higuchi_FD,0.0
F3__ewt1__Log_Entropy,0.0
F3__ewt1__Spectral_Flatness,0.0
F3__ewt1__Permutation_Entropy,0.0
F3__ewt1__Tsallis_Entropy,0.0
F3__ewt1__Renyi_Entropy,0.0
F3__ewt1__Shannon_Entropy,0.0
F3__ewt1__Q2,0.0
F3__ewt1__Q1,0.0
F3__ewt1__IQR,0.0
F3__ewt1__Kurtosis,0.0
F3__ewt1__Skewness,0.0
F3__ewt1__RMS,0.0
F3__ewt1__Std,0.0
F3__ewt1__Max,0.0
F3__ewt1__Min,0.0
F3__ewt1__Median,0.0
F3__ewt1__Mean,0.0
Fp2__ewt6__Hjorth_Activity,0.0
Fp2__ewt6__Higuchi_FD,0.0
Fp2__ewt6__Log_Entropy,0.0
Fp2__ewt6__Tsallis_Entropy,0.0
F3__ewt1__Hjorth_Activity,0.0
F3__ewt1__Hjorth_Mobility,0.0
F3__ewt1__Hjorth_Complexity,0.0
F3__ewt2__Hjorth_Mobility,0.0
F3__ewt3__IQR,0.0
F3__ewt3__Peak,0.0
F3__ewt3__Kurtosis,0.0
F3__ewt3__Skewness,0.0
F3__ewt3__RMS,0.0
F3__ewt3__Std,0.0
F3__ewt3__Max,0.0
F3__ewt3__Median,0.0
F3__ewt3__Mean,0.0
F3__ewt2__Hjorth_Complexity,0.0
F3__ewt2__Hjorth_Activity,0.0
F3__ewt2__Mean,0.0
F3__ewt2__Log_Entropy,0.0
F3__ewt2__Permutation_Entropy,0.0
F3__ewt2__Tsallis_Entropy,0.0
F3__ewt2__Shannon_Entropy,0.0
F3__ewt2__Q2,0.0
F3__ewt2__Q1,0.0
F3__ewt2__IQR,0.0
F3__ewt2__Peak,0.0
F3__ewt2__Skewness,0.0
F3__ewt2__Median,0.0
Pz__vmd6__Hjorth_Complexity,0.0
